source,target,type,weight
lec_1,lec_1_topic_0,lecture_contains_topic,1.0
lec_1,lec_1_topic_1,lecture_contains_topic,1.0
lec_1,lec_1_topic_2,lecture_contains_topic,1.0
lec_1,lec_1_topic_3,lecture_contains_topic,1.0
lec_1,lec_1_topic_4,lecture_contains_topic,1.0
lec_1,lec_1_topic_5,lecture_contains_topic,1.0
lec_1,concept_0,lecture_tests_concept,1.0
lec_1,concept_1,lecture_tests_concept,1.0
lec_1,concept_2,lecture_tests_concept,1.0
lec_1,concept_3,lecture_tests_concept,1.0
lec_1,concept_4,lecture_tests_concept,1.0
lec_1,concept_5,lecture_tests_concept,1.0
lec_1,concept_6,lecture_tests_concept,1.0
lec_1,concept_7,lecture_tests_concept,1.0
lec_1,concept_8,lecture_tests_concept,1.0
lec_1,concept_9,lecture_tests_concept,1.0
lec_1,concept_10,lecture_tests_concept,1.0
lec_1,concept_11,lecture_tests_concept,1.0
lec_1,concept_12,lecture_tests_concept,1.0
lec_1,concept_13,lecture_tests_concept,1.0
lec_1,concept_14,lecture_tests_concept,1.0
lec_1,concept_15,lecture_tests_concept,1.0
lec_1,concept_16,lecture_tests_concept,1.0
lec_1,concept_17,lecture_tests_concept,1.0
lec_1,concept_18,lecture_tests_concept,1.0
lec_1,concept_19,lecture_tests_concept,1.0
lec_1,concept_20,lecture_tests_concept,1.0
lec_1,concept_21,lecture_tests_concept,1.0
lec_1,concept_22,lecture_tests_concept,1.0
lec_1,concept_23,lecture_tests_concept,1.0
lec_1,concept_24,lecture_tests_concept,1.0
lec_1,concept_25,lecture_tests_concept,1.0
lec_1,concept_26,lecture_tests_concept,1.0
lec_1,concept_27,lecture_tests_concept,1.0
lec_1,concept_28,lecture_tests_concept,1.0
lec_1,concept_29,lecture_tests_concept,1.0
lec_2,lec_2_topic_0,lecture_contains_topic,1.0
lec_2,lec_2_topic_1,lecture_contains_topic,1.0
lec_2,lec_2_topic_2,lecture_contains_topic,1.0
lec_2,lec_2_topic_3,lecture_contains_topic,1.0
lec_2,lec_2_topic_4,lecture_contains_topic,1.0
lec_2,lec_2_topic_5,lecture_contains_topic,1.0
lec_2,concept_30,lecture_tests_concept,1.0
lec_2,concept_31,lecture_tests_concept,1.0
lec_2,concept_32,lecture_tests_concept,1.0
lec_2,concept_33,lecture_tests_concept,1.0
lec_2,concept_34,lecture_tests_concept,1.0
lec_2,concept_35,lecture_tests_concept,1.0
lec_2,concept_36,lecture_tests_concept,1.0
lec_2,concept_37,lecture_tests_concept,1.0
lec_2,concept_29,lecture_tests_concept,1.0
lec_2,concept_38,lecture_tests_concept,1.0
lec_2,concept_39,lecture_tests_concept,1.0
lec_2,concept_40,lecture_tests_concept,1.0
lec_2,concept_41,lecture_tests_concept,1.0
lec_2,concept_42,lecture_tests_concept,1.0
lec_2,concept_43,lecture_tests_concept,1.0
lec_2,concept_44,lecture_tests_concept,1.0
lec_2,concept_45,lecture_tests_concept,1.0
lec_2,concept_46,lecture_tests_concept,1.0
lec_2,concept_24,lecture_tests_concept,1.0
lec_2,concept_47,lecture_tests_concept,1.0
lec_2,concept_48,lecture_tests_concept,1.0
lec_2,concept_49,lecture_tests_concept,1.0
lec_2,concept_50,lecture_tests_concept,1.0
lec_2,concept_51,lecture_tests_concept,1.0
lec_2,concept_52,lecture_tests_concept,1.0
lec_2,concept_0,lecture_tests_concept,1.0
lec_2,concept_53,lecture_tests_concept,1.0
lec_2,concept_54,lecture_tests_concept,1.0
lec_2,concept_15,lecture_tests_concept,1.0
lec_3,lec_3_topic_0,lecture_contains_topic,1.0
lec_3,lec_3_topic_1,lecture_contains_topic,1.0
lec_3,lec_3_topic_2,lecture_contains_topic,1.0
lec_3,lec_3_topic_3,lecture_contains_topic,1.0
lec_3,lec_3_topic_4,lecture_contains_topic,1.0
lec_3,lec_3_topic_5,lecture_contains_topic,1.0
lec_3,concept_52,lecture_tests_concept,1.0
lec_3,concept_40,lecture_tests_concept,1.0
lec_3,concept_55,lecture_tests_concept,1.0
lec_3,concept_56,lecture_tests_concept,1.0
lec_3,concept_57,lecture_tests_concept,1.0
lec_3,concept_58,lecture_tests_concept,1.0
lec_3,concept_59,lecture_tests_concept,1.0
lec_3,concept_60,lecture_tests_concept,1.0
lec_3,concept_61,lecture_tests_concept,1.0
lec_3,concept_62,lecture_tests_concept,1.0
lec_3,concept_63,lecture_tests_concept,1.0
lec_3,concept_64,lecture_tests_concept,1.0
lec_3,concept_65,lecture_tests_concept,1.0
lec_3,concept_66,lecture_tests_concept,1.0
lec_3,concept_67,lecture_tests_concept,1.0
lec_3,concept_39,lecture_tests_concept,1.0
lec_3,concept_68,lecture_tests_concept,1.0
lec_3,concept_69,lecture_tests_concept,1.0
lec_3,concept_70,lecture_tests_concept,1.0
lec_3,concept_71,lecture_tests_concept,1.0
lec_3,concept_72,lecture_tests_concept,1.0
lec_3,concept_73,lecture_tests_concept,1.0
lec_3,concept_74,lecture_tests_concept,1.0
lec_3,concept_75,lecture_tests_concept,1.0
lec_3,concept_76,lecture_tests_concept,1.0
lec_3,concept_37,lecture_tests_concept,1.0
lec_3,concept_77,lecture_tests_concept,1.0
lec_3,concept_11,lecture_tests_concept,1.0
lec_3,concept_78,lecture_tests_concept,1.0
lec_3,concept_79,lecture_tests_concept,1.0
lec_4,lec_4_topic_0,lecture_contains_topic,1.0
lec_4,lec_4_topic_1,lecture_contains_topic,1.0
lec_4,lec_4_topic_2,lecture_contains_topic,1.0
lec_4,lec_4_topic_3,lecture_contains_topic,1.0
lec_4,lec_4_topic_4,lecture_contains_topic,1.0
lec_4,lec_4_topic_5,lecture_contains_topic,1.0
lec_4,concept_80,lecture_tests_concept,1.0
lec_4,concept_81,lecture_tests_concept,1.0
lec_4,concept_82,lecture_tests_concept,1.0
lec_4,concept_83,lecture_tests_concept,1.0
lec_4,concept_84,lecture_tests_concept,1.0
lec_4,concept_85,lecture_tests_concept,1.0
lec_4,concept_86,lecture_tests_concept,1.0
lec_4,concept_87,lecture_tests_concept,1.0
lec_4,concept_88,lecture_tests_concept,1.0
lec_4,concept_89,lecture_tests_concept,1.0
lec_4,concept_90,lecture_tests_concept,1.0
lec_4,concept_91,lecture_tests_concept,1.0
lec_4,concept_16,lecture_tests_concept,1.0
lec_4,concept_15,lecture_tests_concept,1.0
lec_4,concept_92,lecture_tests_concept,1.0
lec_4,concept_93,lecture_tests_concept,1.0
lec_4,concept_94,lecture_tests_concept,1.0
lec_4,concept_95,lecture_tests_concept,1.0
lec_4,concept_96,lecture_tests_concept,1.0
lec_4,concept_97,lecture_tests_concept,1.0
lec_4,concept_98,lecture_tests_concept,1.0
lec_4,concept_99,lecture_tests_concept,1.0
lec_4,concept_100,lecture_tests_concept,1.0
lec_4,concept_101,lecture_tests_concept,1.0
lec_4,concept_102,lecture_tests_concept,1.0
lec_4,concept_48,lecture_tests_concept,1.0
lec_4,concept_103,lecture_tests_concept,1.0
lec_4,concept_33,lecture_tests_concept,1.0
lec_4,concept_104,lecture_tests_concept,1.0
lec_4,concept_6,lecture_tests_concept,1.0
lec_5,lec_5_topic_0,lecture_contains_topic,1.0
lec_5,lec_5_topic_1,lecture_contains_topic,1.0
lec_5,lec_5_topic_2,lecture_contains_topic,1.0
lec_5,lec_5_topic_3,lecture_contains_topic,1.0
lec_5,lec_5_topic_4,lecture_contains_topic,1.0
lec_5,lec_5_topic_5,lecture_contains_topic,1.0
lec_5,concept_105,lecture_tests_concept,1.0
lec_5,concept_106,lecture_tests_concept,1.0
lec_5,concept_98,lecture_tests_concept,1.0
lec_5,concept_107,lecture_tests_concept,1.0
lec_5,concept_90,lecture_tests_concept,1.0
lec_5,concept_108,lecture_tests_concept,1.0
lec_5,concept_109,lecture_tests_concept,1.0
lec_5,concept_110,lecture_tests_concept,1.0
lec_5,concept_111,lecture_tests_concept,1.0
lec_5,concept_112,lecture_tests_concept,1.0
lec_5,concept_113,lecture_tests_concept,1.0
lec_5,concept_114,lecture_tests_concept,1.0
lec_5,concept_15,lecture_tests_concept,1.0
lec_5,concept_115,lecture_tests_concept,1.0
lec_5,concept_116,lecture_tests_concept,1.0
lec_5,concept_117,lecture_tests_concept,1.0
lec_5,concept_118,lecture_tests_concept,1.0
lec_5,concept_119,lecture_tests_concept,1.0
lec_5,concept_120,lecture_tests_concept,1.0
lec_5,concept_51,lecture_tests_concept,1.0
lec_5,concept_121,lecture_tests_concept,1.0
lec_5,concept_122,lecture_tests_concept,1.0
lec_5,concept_102,lecture_tests_concept,1.0
lec_5,concept_123,lecture_tests_concept,1.0
lec_5,concept_124,lecture_tests_concept,1.0
lec_5,concept_38,lecture_tests_concept,1.0
lec_5,concept_66,lecture_tests_concept,1.0
lec_5,concept_125,lecture_tests_concept,1.0
lec_6,lec_6_topic_0,lecture_contains_topic,1.0
lec_6,lec_6_topic_1,lecture_contains_topic,1.0
lec_6,lec_6_topic_2,lecture_contains_topic,1.0
lec_6,lec_6_topic_3,lecture_contains_topic,1.0
lec_6,lec_6_topic_4,lecture_contains_topic,1.0
lec_6,lec_6_topic_5,lecture_contains_topic,1.0
lec_6,concept_126,lecture_tests_concept,1.0
lec_6,concept_127,lecture_tests_concept,1.0
lec_6,concept_128,lecture_tests_concept,1.0
lec_6,concept_15,lecture_tests_concept,1.0
lec_6,concept_90,lecture_tests_concept,1.0
lec_6,concept_116,lecture_tests_concept,1.0
lec_6,concept_129,lecture_tests_concept,1.0
lec_6,concept_130,lecture_tests_concept,1.0
lec_6,concept_131,lecture_tests_concept,1.0
lec_6,concept_132,lecture_tests_concept,1.0
lec_6,concept_133,lecture_tests_concept,1.0
lec_6,concept_134,lecture_tests_concept,1.0
lec_6,concept_135,lecture_tests_concept,1.0
lec_6,concept_23,lecture_tests_concept,1.0
lec_6,concept_136,lecture_tests_concept,1.0
lec_6,concept_137,lecture_tests_concept,1.0
lec_6,concept_138,lecture_tests_concept,1.0
lec_6,concept_66,lecture_tests_concept,1.0
lec_6,concept_139,lecture_tests_concept,1.0
lec_6,concept_140,lecture_tests_concept,1.0
lec_6,concept_6,lecture_tests_concept,1.0
lec_6,concept_141,lecture_tests_concept,1.0
lec_6,concept_142,lecture_tests_concept,1.0
lec_6,concept_143,lecture_tests_concept,1.0
lec_6,concept_144,lecture_tests_concept,1.0
lec_7,lec_7_topic_0,lecture_contains_topic,1.0
lec_7,lec_7_topic_1,lecture_contains_topic,1.0
lec_7,lec_7_topic_2,lecture_contains_topic,1.0
lec_7,lec_7_topic_3,lecture_contains_topic,1.0
lec_7,lec_7_topic_4,lecture_contains_topic,1.0
lec_7,lec_7_topic_5,lecture_contains_topic,1.0
lec_7,concept_145,lecture_tests_concept,1.0
lec_7,concept_16,lecture_tests_concept,1.0
lec_7,concept_146,lecture_tests_concept,1.0
lec_7,concept_147,lecture_tests_concept,1.0
lec_7,concept_98,lecture_tests_concept,1.0
lec_7,concept_148,lecture_tests_concept,1.0
lec_7,concept_149,lecture_tests_concept,1.0
lec_7,concept_150,lecture_tests_concept,1.0
lec_7,concept_151,lecture_tests_concept,1.0
lec_7,concept_152,lecture_tests_concept,1.0
lec_7,concept_153,lecture_tests_concept,1.0
lec_7,concept_154,lecture_tests_concept,1.0
lec_7,concept_155,lecture_tests_concept,1.0
lec_7,concept_90,lecture_tests_concept,1.0
lec_7,concept_156,lecture_tests_concept,1.0
lec_7,concept_157,lecture_tests_concept,1.0
lec_7,concept_158,lecture_tests_concept,1.0
lec_7,concept_159,lecture_tests_concept,1.0
lec_7,concept_160,lecture_tests_concept,1.0
lec_7,concept_161,lecture_tests_concept,1.0
lec_7,concept_162,lecture_tests_concept,1.0
lec_7,concept_163,lecture_tests_concept,1.0
lec_7,concept_164,lecture_tests_concept,1.0
lec_7,concept_15,lecture_tests_concept,1.0
lec_7,concept_165,lecture_tests_concept,1.0
lec_7,concept_166,lecture_tests_concept,1.0
lec_7,concept_167,lecture_tests_concept,1.0
lec_8,lec_8_topic_0,lecture_contains_topic,1.0
lec_8,lec_8_topic_1,lecture_contains_topic,1.0
lec_8,lec_8_topic_2,lecture_contains_topic,1.0
lec_8,lec_8_topic_3,lecture_contains_topic,1.0
lec_8,lec_8_topic_4,lecture_contains_topic,1.0
lec_8,lec_8_topic_5,lecture_contains_topic,1.0
lec_8,concept_168,lecture_tests_concept,1.0
lec_8,concept_90,lecture_tests_concept,1.0
lec_8,concept_156,lecture_tests_concept,1.0
lec_8,concept_157,lecture_tests_concept,1.0
lec_8,concept_169,lecture_tests_concept,1.0
lec_8,concept_170,lecture_tests_concept,1.0
lec_8,concept_171,lecture_tests_concept,1.0
lec_8,concept_172,lecture_tests_concept,1.0
lec_8,concept_173,lecture_tests_concept,1.0
lec_8,concept_174,lecture_tests_concept,1.0
lec_8,concept_175,lecture_tests_concept,1.0
lec_8,concept_15,lecture_tests_concept,1.0
lec_8,concept_176,lecture_tests_concept,1.0
lec_8,concept_177,lecture_tests_concept,1.0
lec_8,concept_178,lecture_tests_concept,1.0
lec_8,concept_179,lecture_tests_concept,1.0
lec_8,concept_180,lecture_tests_concept,1.0
lec_8,concept_181,lecture_tests_concept,1.0
lec_8,concept_182,lecture_tests_concept,1.0
lec_8,concept_183,lecture_tests_concept,1.0
lec_8,concept_184,lecture_tests_concept,1.0
lec_8,concept_185,lecture_tests_concept,1.0
lec_8,concept_186,lecture_tests_concept,1.0
lec_8,concept_187,lecture_tests_concept,1.0
lec_8,concept_188,lecture_tests_concept,1.0
lec_8,concept_189,lecture_tests_concept,1.0
lec_8,concept_16,lecture_tests_concept,1.0
lec_1_topic_0,concept_0,topic_contains_concept,1.0
lec_1_topic_0,concept_1,topic_contains_concept,1.0
lec_1_topic_0,concept_2,topic_contains_concept,1.0
lec_1_topic_0,concept_3,topic_contains_concept,1.0
lec_1_topic_0,concept_4,topic_contains_concept,1.0
lec_1_topic_1,concept_5,topic_contains_concept,1.0
lec_1_topic_1,concept_6,topic_contains_concept,1.0
lec_1_topic_1,concept_7,topic_contains_concept,1.0
lec_1_topic_1,concept_8,topic_contains_concept,1.0
lec_1_topic_1,concept_9,topic_contains_concept,1.0
lec_1_topic_2,concept_10,topic_contains_concept,1.0
lec_1_topic_2,concept_11,topic_contains_concept,1.0
lec_1_topic_2,concept_12,topic_contains_concept,1.0
lec_1_topic_2,concept_13,topic_contains_concept,1.0
lec_1_topic_2,concept_14,topic_contains_concept,1.0
lec_1_topic_3,concept_15,topic_contains_concept,1.0
lec_1_topic_3,concept_16,topic_contains_concept,1.0
lec_1_topic_3,concept_17,topic_contains_concept,1.0
lec_1_topic_3,concept_18,topic_contains_concept,1.0
lec_1_topic_3,concept_19,topic_contains_concept,1.0
lec_1_topic_4,concept_20,topic_contains_concept,1.0
lec_1_topic_4,concept_21,topic_contains_concept,1.0
lec_1_topic_4,concept_22,topic_contains_concept,1.0
lec_1_topic_4,concept_23,topic_contains_concept,1.0
lec_1_topic_4,concept_24,topic_contains_concept,1.0
lec_1_topic_5,concept_25,topic_contains_concept,1.0
lec_1_topic_5,concept_26,topic_contains_concept,1.0
lec_1_topic_5,concept_27,topic_contains_concept,1.0
lec_1_topic_5,concept_28,topic_contains_concept,1.0
lec_1_topic_5,concept_29,topic_contains_concept,1.0
lec_2_topic_0,concept_30,topic_contains_concept,1.0
lec_2_topic_0,concept_31,topic_contains_concept,1.0
lec_2_topic_0,concept_32,topic_contains_concept,1.0
lec_2_topic_0,concept_33,topic_contains_concept,1.0
lec_2_topic_0,concept_34,topic_contains_concept,1.0
lec_2_topic_1,concept_35,topic_contains_concept,1.0
lec_2_topic_1,concept_36,topic_contains_concept,1.0
lec_2_topic_1,concept_37,topic_contains_concept,1.0
lec_2_topic_1,concept_29,topic_contains_concept,1.0
lec_2_topic_1,concept_38,topic_contains_concept,1.0
lec_2_topic_2,concept_39,topic_contains_concept,1.0
lec_2_topic_2,concept_40,topic_contains_concept,1.0
lec_2_topic_2,concept_41,topic_contains_concept,1.0
lec_2_topic_2,concept_42,topic_contains_concept,1.0
lec_2_topic_2,concept_43,topic_contains_concept,1.0
lec_2_topic_3,concept_44,topic_contains_concept,1.0
lec_2_topic_3,concept_45,topic_contains_concept,1.0
lec_2_topic_3,concept_46,topic_contains_concept,1.0
lec_2_topic_3,concept_24,topic_contains_concept,1.0
lec_2_topic_3,concept_47,topic_contains_concept,1.0
lec_2_topic_4,concept_48,topic_contains_concept,1.0
lec_2_topic_4,concept_49,topic_contains_concept,1.0
lec_2_topic_4,concept_50,topic_contains_concept,1.0
lec_2_topic_4,concept_51,topic_contains_concept,1.0
lec_2_topic_4,concept_52,topic_contains_concept,1.0
lec_2_topic_5,concept_0,topic_contains_concept,1.0
lec_2_topic_5,concept_53,topic_contains_concept,1.0
lec_2_topic_5,concept_43,topic_contains_concept,1.0
lec_2_topic_5,concept_54,topic_contains_concept,1.0
lec_2_topic_5,concept_15,topic_contains_concept,1.0
lec_3_topic_0,concept_52,topic_contains_concept,1.0
lec_3_topic_0,concept_40,topic_contains_concept,1.0
lec_3_topic_0,concept_55,topic_contains_concept,1.0
lec_3_topic_0,concept_56,topic_contains_concept,1.0
lec_3_topic_0,concept_57,topic_contains_concept,1.0
lec_3_topic_1,concept_58,topic_contains_concept,1.0
lec_3_topic_1,concept_59,topic_contains_concept,1.0
lec_3_topic_1,concept_60,topic_contains_concept,1.0
lec_3_topic_1,concept_61,topic_contains_concept,1.0
lec_3_topic_1,concept_62,topic_contains_concept,1.0
lec_3_topic_2,concept_63,topic_contains_concept,1.0
lec_3_topic_2,concept_64,topic_contains_concept,1.0
lec_3_topic_2,concept_65,topic_contains_concept,1.0
lec_3_topic_2,concept_66,topic_contains_concept,1.0
lec_3_topic_2,concept_67,topic_contains_concept,1.0
lec_3_topic_3,concept_39,topic_contains_concept,1.0
lec_3_topic_3,concept_68,topic_contains_concept,1.0
lec_3_topic_3,concept_69,topic_contains_concept,1.0
lec_3_topic_3,concept_70,topic_contains_concept,1.0
lec_3_topic_3,concept_71,topic_contains_concept,1.0
lec_3_topic_4,concept_72,topic_contains_concept,1.0
lec_3_topic_4,concept_73,topic_contains_concept,1.0
lec_3_topic_4,concept_74,topic_contains_concept,1.0
lec_3_topic_4,concept_75,topic_contains_concept,1.0
lec_3_topic_4,concept_76,topic_contains_concept,1.0
lec_3_topic_5,concept_37,topic_contains_concept,1.0
lec_3_topic_5,concept_77,topic_contains_concept,1.0
lec_3_topic_5,concept_11,topic_contains_concept,1.0
lec_3_topic_5,concept_78,topic_contains_concept,1.0
lec_3_topic_5,concept_79,topic_contains_concept,1.0
lec_4_topic_0,concept_80,topic_contains_concept,1.0
lec_4_topic_0,concept_81,topic_contains_concept,1.0
lec_4_topic_0,concept_82,topic_contains_concept,1.0
lec_4_topic_0,concept_83,topic_contains_concept,1.0
lec_4_topic_0,concept_84,topic_contains_concept,1.0
lec_4_topic_1,concept_85,topic_contains_concept,1.0
lec_4_topic_1,concept_86,topic_contains_concept,1.0
lec_4_topic_1,concept_87,topic_contains_concept,1.0
lec_4_topic_1,concept_88,topic_contains_concept,1.0
lec_4_topic_1,concept_89,topic_contains_concept,1.0
lec_4_topic_2,concept_90,topic_contains_concept,1.0
lec_4_topic_2,concept_91,topic_contains_concept,1.0
lec_4_topic_2,concept_16,topic_contains_concept,1.0
lec_4_topic_2,concept_15,topic_contains_concept,1.0
lec_4_topic_2,concept_92,topic_contains_concept,1.0
lec_4_topic_3,concept_93,topic_contains_concept,1.0
lec_4_topic_3,concept_94,topic_contains_concept,1.0
lec_4_topic_3,concept_95,topic_contains_concept,1.0
lec_4_topic_3,concept_96,topic_contains_concept,1.0
lec_4_topic_3,concept_97,topic_contains_concept,1.0
lec_4_topic_4,concept_98,topic_contains_concept,1.0
lec_4_topic_4,concept_99,topic_contains_concept,1.0
lec_4_topic_4,concept_100,topic_contains_concept,1.0
lec_4_topic_4,concept_101,topic_contains_concept,1.0
lec_4_topic_4,concept_102,topic_contains_concept,1.0
lec_4_topic_5,concept_48,topic_contains_concept,1.0
lec_4_topic_5,concept_103,topic_contains_concept,1.0
lec_4_topic_5,concept_33,topic_contains_concept,1.0
lec_4_topic_5,concept_104,topic_contains_concept,1.0
lec_4_topic_5,concept_6,topic_contains_concept,1.0
lec_5_topic_0,concept_105,topic_contains_concept,1.0
lec_5_topic_0,concept_106,topic_contains_concept,1.0
lec_5_topic_0,concept_98,topic_contains_concept,1.0
lec_5_topic_0,concept_107,topic_contains_concept,1.0
lec_5_topic_0,concept_90,topic_contains_concept,1.0
lec_5_topic_1,concept_108,topic_contains_concept,1.0
lec_5_topic_1,concept_109,topic_contains_concept,1.0
lec_5_topic_1,concept_110,topic_contains_concept,1.0
lec_5_topic_1,concept_111,topic_contains_concept,1.0
lec_5_topic_1,concept_112,topic_contains_concept,1.0
lec_5_topic_2,concept_113,topic_contains_concept,1.0
lec_5_topic_2,concept_114,topic_contains_concept,1.0
lec_5_topic_2,concept_15,topic_contains_concept,1.0
lec_5_topic_2,concept_115,topic_contains_concept,1.0
lec_5_topic_2,concept_98,topic_contains_concept,1.0
lec_5_topic_3,concept_116,topic_contains_concept,1.0
lec_5_topic_3,concept_117,topic_contains_concept,1.0
lec_5_topic_3,concept_118,topic_contains_concept,1.0
lec_5_topic_3,concept_90,topic_contains_concept,1.0
lec_5_topic_3,concept_119,topic_contains_concept,1.0
lec_5_topic_4,concept_120,topic_contains_concept,1.0
lec_5_topic_4,concept_51,topic_contains_concept,1.0
lec_5_topic_4,concept_121,topic_contains_concept,1.0
lec_5_topic_4,concept_122,topic_contains_concept,1.0
lec_5_topic_4,concept_102,topic_contains_concept,1.0
lec_5_topic_5,concept_123,topic_contains_concept,1.0
lec_5_topic_5,concept_124,topic_contains_concept,1.0
lec_5_topic_5,concept_38,topic_contains_concept,1.0
lec_5_topic_5,concept_66,topic_contains_concept,1.0
lec_5_topic_5,concept_125,topic_contains_concept,1.0
lec_6_topic_0,concept_126,topic_contains_concept,1.0
lec_6_topic_0,concept_127,topic_contains_concept,1.0
lec_6_topic_0,concept_128,topic_contains_concept,1.0
lec_6_topic_0,concept_15,topic_contains_concept,1.0
lec_6_topic_0,concept_90,topic_contains_concept,1.0
lec_6_topic_1,concept_116,topic_contains_concept,1.0
lec_6_topic_1,concept_90,topic_contains_concept,1.0
lec_6_topic_1,concept_129,topic_contains_concept,1.0
lec_6_topic_1,concept_130,topic_contains_concept,1.0
lec_6_topic_1,concept_131,topic_contains_concept,1.0
lec_6_topic_2,concept_15,topic_contains_concept,1.0
lec_6_topic_2,concept_132,topic_contains_concept,1.0
lec_6_topic_2,concept_133,topic_contains_concept,1.0
lec_6_topic_2,concept_134,topic_contains_concept,1.0
lec_6_topic_2,concept_135,topic_contains_concept,1.0
lec_6_topic_3,concept_23,topic_contains_concept,1.0
lec_6_topic_3,concept_136,topic_contains_concept,1.0
lec_6_topic_3,concept_137,topic_contains_concept,1.0
lec_6_topic_3,concept_138,topic_contains_concept,1.0
lec_6_topic_3,concept_130,topic_contains_concept,1.0
lec_6_topic_4,concept_66,topic_contains_concept,1.0
lec_6_topic_4,concept_139,topic_contains_concept,1.0
lec_6_topic_4,concept_140,topic_contains_concept,1.0
lec_6_topic_4,concept_6,topic_contains_concept,1.0
lec_6_topic_4,concept_141,topic_contains_concept,1.0
lec_6_topic_5,concept_133,topic_contains_concept,1.0
lec_6_topic_5,concept_126,topic_contains_concept,1.0
lec_6_topic_5,concept_142,topic_contains_concept,1.0
lec_6_topic_5,concept_143,topic_contains_concept,1.0
lec_6_topic_5,concept_144,topic_contains_concept,1.0
lec_7_topic_0,concept_145,topic_contains_concept,1.0
lec_7_topic_0,concept_16,topic_contains_concept,1.0
lec_7_topic_0,concept_146,topic_contains_concept,1.0
lec_7_topic_0,concept_147,topic_contains_concept,1.0
lec_7_topic_0,concept_98,topic_contains_concept,1.0
lec_7_topic_1,concept_16,topic_contains_concept,1.0
lec_7_topic_1,concept_148,topic_contains_concept,1.0
lec_7_topic_1,concept_149,topic_contains_concept,1.0
lec_7_topic_1,concept_146,topic_contains_concept,1.0
lec_7_topic_1,concept_150,topic_contains_concept,1.0
lec_7_topic_2,concept_151,topic_contains_concept,1.0
lec_7_topic_2,concept_152,topic_contains_concept,1.0
lec_7_topic_2,concept_153,topic_contains_concept,1.0
lec_7_topic_2,concept_154,topic_contains_concept,1.0
lec_7_topic_2,concept_155,topic_contains_concept,1.0
lec_7_topic_3,concept_90,topic_contains_concept,1.0
lec_7_topic_3,concept_156,topic_contains_concept,1.0
lec_7_topic_3,concept_157,topic_contains_concept,1.0
lec_7_topic_3,concept_158,topic_contains_concept,1.0
lec_7_topic_3,concept_159,topic_contains_concept,1.0
lec_7_topic_4,concept_160,topic_contains_concept,1.0
lec_7_topic_4,concept_161,topic_contains_concept,1.0
lec_7_topic_4,concept_162,topic_contains_concept,1.0
lec_7_topic_4,concept_163,topic_contains_concept,1.0
lec_7_topic_4,concept_164,topic_contains_concept,1.0
lec_7_topic_5,concept_15,topic_contains_concept,1.0
lec_7_topic_5,concept_165,topic_contains_concept,1.0
lec_7_topic_5,concept_166,topic_contains_concept,1.0
lec_7_topic_5,concept_167,topic_contains_concept,1.0
lec_7_topic_5,concept_16,topic_contains_concept,1.0
lec_8_topic_0,concept_168,topic_contains_concept,1.0
lec_8_topic_0,concept_90,topic_contains_concept,1.0
lec_8_topic_0,concept_156,topic_contains_concept,1.0
lec_8_topic_0,concept_157,topic_contains_concept,1.0
lec_8_topic_0,concept_169,topic_contains_concept,1.0
lec_8_topic_1,concept_170,topic_contains_concept,1.0
lec_8_topic_1,concept_171,topic_contains_concept,1.0
lec_8_topic_1,concept_172,topic_contains_concept,1.0
lec_8_topic_1,concept_173,topic_contains_concept,1.0
lec_8_topic_1,concept_174,topic_contains_concept,1.0
lec_8_topic_2,concept_175,topic_contains_concept,1.0
lec_8_topic_2,concept_15,topic_contains_concept,1.0
lec_8_topic_2,concept_176,topic_contains_concept,1.0
lec_8_topic_2,concept_177,topic_contains_concept,1.0
lec_8_topic_2,concept_178,topic_contains_concept,1.0
lec_8_topic_3,concept_156,topic_contains_concept,1.0
lec_8_topic_3,concept_179,topic_contains_concept,1.0
lec_8_topic_3,concept_180,topic_contains_concept,1.0
lec_8_topic_3,concept_181,topic_contains_concept,1.0
lec_8_topic_3,concept_182,topic_contains_concept,1.0
lec_8_topic_4,concept_15,topic_contains_concept,1.0
lec_8_topic_4,concept_183,topic_contains_concept,1.0
lec_8_topic_4,concept_184,topic_contains_concept,1.0
lec_8_topic_4,concept_185,topic_contains_concept,1.0
lec_8_topic_4,concept_169,topic_contains_concept,1.0
lec_8_topic_5,concept_186,topic_contains_concept,1.0
lec_8_topic_5,concept_187,topic_contains_concept,1.0
lec_8_topic_5,concept_188,topic_contains_concept,1.0
lec_8_topic_5,concept_189,topic_contains_concept,1.0
lec_8_topic_5,concept_16,topic_contains_concept,1.0
concept_4,concept_39,concept_related_to_concept,0.767003065429335
concept_4,concept_67,concept_related_to_concept,0.7005823115705895
concept_6,concept_33,concept_related_to_concept,0.8448215689980296
concept_6,concept_34,concept_related_to_concept,0.727637202380875
concept_6,concept_140,concept_related_to_concept,0.8317673052527237
concept_10,concept_14,concept_related_to_concept,0.8670124009570395
concept_14,concept_10,concept_related_to_concept,0.8670124009570395
concept_15,concept_17,concept_related_to_concept,0.7566143668692145
concept_15,concept_167,concept_related_to_concept,0.9003652128084464
concept_15,concept_183,concept_related_to_concept,0.7329708396163063
concept_17,concept_15,concept_related_to_concept,0.7566143668692145
concept_19,concept_167,concept_related_to_concept,0.7121614823533362
concept_20,concept_21,concept_related_to_concept,0.940277948251641
concept_21,concept_20,concept_related_to_concept,0.940277948251641
concept_24,concept_44,concept_related_to_concept,0.9275688619577662
concept_25,concept_28,concept_related_to_concept,0.7334600515754166
concept_28,concept_25,concept_related_to_concept,0.7334600515754166
concept_28,concept_29,concept_related_to_concept,0.7109091947902185
concept_29,concept_28,concept_related_to_concept,0.7109091947902185
concept_29,concept_36,concept_related_to_concept,0.7826142770815705
concept_30,concept_32,concept_related_to_concept,0.8400595498526608
concept_32,concept_30,concept_related_to_concept,0.8400595498526608
concept_33,concept_6,concept_related_to_concept,0.8448215689980296
concept_33,concept_34,concept_related_to_concept,0.8439660997689418
concept_34,concept_6,concept_related_to_concept,0.727637202380875
concept_34,concept_33,concept_related_to_concept,0.8439660997689418
concept_36,concept_29,concept_related_to_concept,0.7826142770815705
concept_39,concept_4,concept_related_to_concept,0.767003065429335
concept_39,concept_43,concept_related_to_concept,0.7447694352965442
concept_39,concept_67,concept_related_to_concept,0.9260938536991001
concept_43,concept_39,concept_related_to_concept,0.7447694352965442
concept_43,concept_53,concept_related_to_concept,0.8539044956320131
concept_43,concept_67,concept_related_to_concept,0.7686108789346542
concept_44,concept_24,concept_related_to_concept,0.9275688619577662
concept_45,concept_46,concept_related_to_concept,0.7878293653111084
concept_46,concept_45,concept_related_to_concept,0.7878293653111084
concept_52,concept_55,concept_related_to_concept,0.7593988333263022
concept_52,concept_57,concept_related_to_concept,0.9224926635979367
concept_53,concept_43,concept_related_to_concept,0.8539044956320131
concept_55,concept_52,concept_related_to_concept,0.7593988333263022
concept_55,concept_57,concept_related_to_concept,0.743405033658944
concept_57,concept_52,concept_related_to_concept,0.9224926635979367
concept_57,concept_55,concept_related_to_concept,0.743405033658944
concept_59,concept_60,concept_related_to_concept,0.802750199872744
concept_59,concept_61,concept_related_to_concept,0.750223815100483
concept_59,concept_62,concept_related_to_concept,0.87178816123743
concept_60,concept_59,concept_related_to_concept,0.802750199872744
concept_60,concept_61,concept_related_to_concept,0.9315327260470686
concept_61,concept_59,concept_related_to_concept,0.750223815100483
concept_61,concept_60,concept_related_to_concept,0.9315327260470686
concept_61,concept_62,concept_related_to_concept,0.790263220246213
concept_62,concept_59,concept_related_to_concept,0.87178816123743
concept_62,concept_61,concept_related_to_concept,0.790263220246213
concept_63,concept_65,concept_related_to_concept,0.7941267488917539
concept_65,concept_63,concept_related_to_concept,0.7941267488917539
concept_67,concept_4,concept_related_to_concept,0.7005823115705895
concept_67,concept_39,concept_related_to_concept,0.9260938536991001
concept_67,concept_43,concept_related_to_concept,0.7686108789346542
concept_74,concept_76,concept_related_to_concept,0.8531547212556285
concept_76,concept_74,concept_related_to_concept,0.8531547212556285
concept_90,concept_117,concept_related_to_concept,0.842067063197844
concept_90,concept_157,concept_related_to_concept,0.7362764837504873
concept_98,concept_115,concept_related_to_concept,0.9090586275500245
concept_105,concept_106,concept_related_to_concept,0.8864528816371648
concept_106,concept_105,concept_related_to_concept,0.8864528816371648
concept_108,concept_111,concept_related_to_concept,0.9266618283096149
concept_111,concept_108,concept_related_to_concept,0.9266618283096149
concept_113,concept_114,concept_related_to_concept,0.8740415142280381
concept_114,concept_113,concept_related_to_concept,0.8740415142280381
concept_115,concept_98,concept_related_to_concept,0.9090586275500245
concept_117,concept_90,concept_related_to_concept,0.842067063197844
concept_126,concept_143,concept_related_to_concept,0.8012289706562822
concept_126,concept_144,concept_related_to_concept,0.76785450563381
concept_130,concept_175,concept_related_to_concept,0.8681746124326929
concept_133,concept_135,concept_related_to_concept,0.9145920583501281
concept_135,concept_133,concept_related_to_concept,0.9145920583501281
concept_140,concept_6,concept_related_to_concept,0.8317673052527237
concept_142,concept_144,concept_related_to_concept,0.7685899008325492
concept_143,concept_126,concept_related_to_concept,0.8012289706562822
concept_144,concept_126,concept_related_to_concept,0.76785450563381
concept_144,concept_142,concept_related_to_concept,0.7685899008325492
concept_148,concept_149,concept_related_to_concept,0.7688125068469812
concept_149,concept_148,concept_related_to_concept,0.7688125068469812
concept_151,concept_153,concept_related_to_concept,0.7929541317357613
concept_153,concept_151,concept_related_to_concept,0.7929541317357613
concept_157,concept_90,concept_related_to_concept,0.7362764837504873
concept_160,concept_162,concept_related_to_concept,0.863944449167367
concept_162,concept_160,concept_related_to_concept,0.863944449167367
concept_165,concept_166,concept_related_to_concept,0.9342619921666869
concept_166,concept_165,concept_related_to_concept,0.9342619921666869
concept_167,concept_15,concept_related_to_concept,0.9003652128084464
concept_167,concept_19,concept_related_to_concept,0.7121614823533362
concept_167,concept_183,concept_related_to_concept,0.7279102523380367
concept_168,concept_182,concept_related_to_concept,0.8863995706803904
concept_170,concept_174,concept_related_to_concept,0.8252245630148982
concept_173,concept_174,concept_related_to_concept,0.7549658695731085
concept_174,concept_170,concept_related_to_concept,0.8252245630148982
concept_174,concept_173,concept_related_to_concept,0.7549658695731085
concept_175,concept_130,concept_related_to_concept,0.8681746124326929
concept_179,concept_180,concept_related_to_concept,0.9191174252795214
concept_179,concept_181,concept_related_to_concept,0.7042948160415958
concept_180,concept_179,concept_related_to_concept,0.9191174252795214
concept_181,concept_179,concept_related_to_concept,0.7042948160415958
concept_182,concept_168,concept_related_to_concept,0.8863995706803904
concept_183,concept_15,concept_related_to_concept,0.7329708396163063
concept_183,concept_167,concept_related_to_concept,0.7279102523380367
concept_183,concept_184,concept_related_to_concept,0.7701346905333548
concept_184,concept_183,concept_related_to_concept,0.7701346905333548
mcq_0,concept_15,mcq_tests_concept,1.0
mcq_0,concept_16,mcq_tests_concept,1.0
mcq_0,concept_19,mcq_tests_concept,1.0
mcq_0,concept_50,mcq_tests_concept,1.0
mcq_0,concept_95,mcq_tests_concept,1.0
mcq_0,concept_104,mcq_tests_concept,1.0
mcq_1,concept_3,mcq_tests_concept,1.0
mcq_1,concept_15,mcq_tests_concept,1.0
mcq_1,concept_16,mcq_tests_concept,1.0
mcq_1,concept_50,mcq_tests_concept,1.0
mcq_1,concept_95,mcq_tests_concept,1.0
mcq_1,concept_146,mcq_tests_concept,1.0
mcq_2,concept_15,mcq_tests_concept,1.0
mcq_2,concept_16,mcq_tests_concept,1.0
mcq_2,concept_17,mcq_tests_concept,1.0
mcq_2,concept_18,mcq_tests_concept,1.0
mcq_2,concept_95,mcq_tests_concept,1.0
mcq_3,concept_7,mcq_tests_concept,1.0
mcq_3,concept_20,mcq_tests_concept,1.0
mcq_4,concept_3,mcq_tests_concept,1.0
mcq_4,concept_4,mcq_tests_concept,1.0
mcq_4,concept_39,mcq_tests_concept,1.0
mcq_4,concept_67,mcq_tests_concept,1.0
mcq_4,concept_78,mcq_tests_concept,1.0
mcq_5,concept_0,mcq_tests_concept,1.0
mcq_5,concept_3,mcq_tests_concept,1.0
mcq_6,concept_3,mcq_tests_concept,1.0
mcq_6,concept_21,mcq_tests_concept,1.0
mcq_6,concept_24,mcq_tests_concept,1.0
mcq_6,concept_95,mcq_tests_concept,1.0
mcq_7,concept_4,mcq_tests_concept,1.0
mcq_7,concept_21,mcq_tests_concept,1.0
mcq_7,concept_22,mcq_tests_concept,1.0
mcq_7,concept_23,mcq_tests_concept,1.0
mcq_7,concept_39,mcq_tests_concept,1.0
mcq_7,concept_67,mcq_tests_concept,1.0
mcq_7,concept_95,mcq_tests_concept,1.0
mcq_8,concept_3,mcq_tests_concept,1.0
mcq_8,concept_4,mcq_tests_concept,1.0
mcq_8,concept_39,mcq_tests_concept,1.0
mcq_8,concept_67,mcq_tests_concept,1.0
mcq_8,concept_95,mcq_tests_concept,1.0
mcq_9,concept_0,mcq_tests_concept,1.0
mcq_9,concept_1,mcq_tests_concept,1.0
mcq_9,concept_3,mcq_tests_concept,1.0
mcq_11,concept_0,mcq_tests_concept,1.0
mcq_11,concept_15,mcq_tests_concept,1.0
mcq_11,concept_16,mcq_tests_concept,1.0
mcq_11,concept_17,mcq_tests_concept,1.0
mcq_11,concept_18,mcq_tests_concept,1.0
mcq_11,concept_95,mcq_tests_concept,1.0
mcq_12,concept_3,mcq_tests_concept,1.0
mcq_13,concept_3,mcq_tests_concept,1.0
mcq_14,concept_3,mcq_tests_concept,1.0
mcq_15,concept_15,mcq_tests_concept,1.0
mcq_15,concept_16,mcq_tests_concept,1.0
mcq_15,concept_50,mcq_tests_concept,1.0
mcq_15,concept_95,mcq_tests_concept,1.0
mcq_15,concept_145,mcq_tests_concept,1.0
mcq_16,concept_3,mcq_tests_concept,1.0
mcq_16,concept_15,mcq_tests_concept,1.0
mcq_16,concept_16,mcq_tests_concept,1.0
mcq_16,concept_95,mcq_tests_concept,1.0
mcq_16,concept_145,mcq_tests_concept,1.0
mcq_17,concept_15,mcq_tests_concept,1.0
mcq_17,concept_16,mcq_tests_concept,1.0
mcq_17,concept_17,mcq_tests_concept,1.0
mcq_17,concept_18,mcq_tests_concept,1.0
mcq_17,concept_95,mcq_tests_concept,1.0
mcq_17,concept_145,mcq_tests_concept,1.0
mcq_18,concept_20,mcq_tests_concept,1.0
mcq_18,concept_22,mcq_tests_concept,1.0
mcq_18,concept_95,mcq_tests_concept,1.0
mcq_18,concept_145,mcq_tests_concept,1.0
mcq_19,concept_3,mcq_tests_concept,1.0
mcq_19,concept_15,mcq_tests_concept,1.0
mcq_19,concept_16,mcq_tests_concept,1.0
mcq_19,concept_95,mcq_tests_concept,1.0
mcq_19,concept_145,mcq_tests_concept,1.0
mcq_19,concept_146,mcq_tests_concept,1.0
mcq_20,concept_0,mcq_tests_concept,1.0
mcq_20,concept_1,mcq_tests_concept,1.0
mcq_20,concept_3,mcq_tests_concept,1.0
mcq_20,concept_4,mcq_tests_concept,1.0
mcq_20,concept_24,mcq_tests_concept,1.0
mcq_20,concept_39,mcq_tests_concept,1.0
mcq_20,concept_44,mcq_tests_concept,1.0
mcq_20,concept_67,mcq_tests_concept,1.0
mcq_20,concept_95,mcq_tests_concept,1.0
mcq_20,concept_145,mcq_tests_concept,1.0
mcq_21,concept_3,mcq_tests_concept,1.0
mcq_21,concept_4,mcq_tests_concept,1.0
mcq_21,concept_39,mcq_tests_concept,1.0
mcq_21,concept_67,mcq_tests_concept,1.0
mcq_21,concept_95,mcq_tests_concept,1.0
mcq_21,concept_116,mcq_tests_concept,1.0
mcq_21,concept_145,mcq_tests_concept,1.0
mcq_22,concept_0,mcq_tests_concept,1.0
mcq_22,concept_3,mcq_tests_concept,1.0
mcq_22,concept_18,mcq_tests_concept,1.0
mcq_22,concept_95,mcq_tests_concept,1.0
mcq_22,concept_145,mcq_tests_concept,1.0
mcq_23,concept_0,mcq_tests_concept,1.0
mcq_23,concept_1,mcq_tests_concept,1.0
mcq_23,concept_3,mcq_tests_concept,1.0
mcq_23,concept_86,mcq_tests_concept,1.0
mcq_23,concept_95,mcq_tests_concept,1.0
mcq_23,concept_145,mcq_tests_concept,1.0
mcq_24,concept_3,mcq_tests_concept,1.0
mcq_24,concept_95,mcq_tests_concept,1.0
mcq_24,concept_145,mcq_tests_concept,1.0
mcq_25,concept_19,mcq_tests_concept,1.0
mcq_25,concept_50,mcq_tests_concept,1.0
mcq_25,concept_95,mcq_tests_concept,1.0
mcq_25,concept_104,mcq_tests_concept,1.0
mcq_25,concept_145,mcq_tests_concept,1.0
mcq_25,concept_155,mcq_tests_concept,1.0
mcq_26,concept_19,mcq_tests_concept,1.0
mcq_26,concept_50,mcq_tests_concept,1.0
mcq_26,concept_95,mcq_tests_concept,1.0
mcq_26,concept_104,mcq_tests_concept,1.0
mcq_26,concept_145,mcq_tests_concept,1.0
mcq_26,concept_155,mcq_tests_concept,1.0
mcq_27,concept_19,mcq_tests_concept,1.0
mcq_27,concept_50,mcq_tests_concept,1.0
mcq_27,concept_95,mcq_tests_concept,1.0
mcq_27,concept_104,mcq_tests_concept,1.0
mcq_27,concept_145,mcq_tests_concept,1.0
mcq_27,concept_155,mcq_tests_concept,1.0
mcq_28,concept_15,mcq_tests_concept,1.0
mcq_28,concept_16,mcq_tests_concept,1.0
mcq_28,concept_50,mcq_tests_concept,1.0
mcq_28,concept_86,mcq_tests_concept,1.0
mcq_28,concept_95,mcq_tests_concept,1.0
mcq_28,concept_145,mcq_tests_concept,1.0
mcq_28,concept_167,mcq_tests_concept,1.0
mcq_29,concept_3,mcq_tests_concept,1.0
mcq_29,concept_15,mcq_tests_concept,1.0
mcq_29,concept_16,mcq_tests_concept,1.0
mcq_29,concept_95,mcq_tests_concept,1.0
mcq_30,concept_16,mcq_tests_concept,1.0
mcq_30,concept_38,mcq_tests_concept,1.0
mcq_30,concept_95,mcq_tests_concept,1.0
mcq_30,concept_102,mcq_tests_concept,1.0
mcq_30,concept_145,mcq_tests_concept,1.0
mcq_31,concept_3,mcq_tests_concept,1.0
mcq_31,concept_15,mcq_tests_concept,1.0
mcq_31,concept_16,mcq_tests_concept,1.0
mcq_31,concept_95,mcq_tests_concept,1.0
mcq_31,concept_145,mcq_tests_concept,1.0
mcq_32,concept_19,mcq_tests_concept,1.0
mcq_32,concept_50,mcq_tests_concept,1.0
mcq_32,concept_95,mcq_tests_concept,1.0
mcq_32,concept_104,mcq_tests_concept,1.0
mcq_32,concept_145,mcq_tests_concept,1.0
mcq_32,concept_155,mcq_tests_concept,1.0
mcq_33,concept_16,mcq_tests_concept,1.0
mcq_33,concept_38,mcq_tests_concept,1.0
mcq_33,concept_95,mcq_tests_concept,1.0
mcq_33,concept_102,mcq_tests_concept,1.0
mcq_33,concept_145,mcq_tests_concept,1.0
mcq_34,concept_3,mcq_tests_concept,1.0
mcq_34,concept_15,mcq_tests_concept,1.0
mcq_34,concept_16,mcq_tests_concept,1.0
mcq_34,concept_95,mcq_tests_concept,1.0
mcq_34,concept_145,mcq_tests_concept,1.0
mcq_35,concept_2,mcq_tests_concept,1.0
mcq_35,concept_3,mcq_tests_concept,1.0
mcq_35,concept_86,mcq_tests_concept,1.0
mcq_36,concept_19,mcq_tests_concept,1.0
mcq_36,concept_50,mcq_tests_concept,1.0
mcq_36,concept_95,mcq_tests_concept,1.0
mcq_36,concept_104,mcq_tests_concept,1.0
mcq_36,concept_145,mcq_tests_concept,1.0
mcq_36,concept_155,mcq_tests_concept,1.0
mcq_37,concept_3,mcq_tests_concept,1.0
mcq_37,concept_15,mcq_tests_concept,1.0
mcq_37,concept_16,mcq_tests_concept,1.0
mcq_37,concept_32,mcq_tests_concept,1.0
mcq_37,concept_33,mcq_tests_concept,1.0
mcq_37,concept_95,mcq_tests_concept,1.0
mcq_38,concept_3,mcq_tests_concept,1.0
mcq_38,concept_10,mcq_tests_concept,1.0
mcq_38,concept_11,mcq_tests_concept,1.0
mcq_38,concept_14,mcq_tests_concept,1.0
mcq_38,concept_39,mcq_tests_concept,1.0
mcq_38,concept_43,mcq_tests_concept,1.0
mcq_38,concept_51,mcq_tests_concept,1.0
mcq_38,concept_65,mcq_tests_concept,1.0
mcq_38,concept_102,mcq_tests_concept,1.0
mcq_38,concept_120,mcq_tests_concept,1.0
mcq_38,concept_121,mcq_tests_concept,1.0
mcq_38,concept_122,mcq_tests_concept,1.0
mcq_39,concept_0,mcq_tests_concept,1.0
mcq_39,concept_39,mcq_tests_concept,1.0
mcq_39,concept_43,mcq_tests_concept,1.0
mcq_39,concept_53,mcq_tests_concept,1.0
mcq_39,concept_54,mcq_tests_concept,1.0
mcq_39,concept_57,mcq_tests_concept,1.0
mcq_40,concept_4,mcq_tests_concept,1.0
mcq_40,concept_21,mcq_tests_concept,1.0
mcq_40,concept_33,mcq_tests_concept,1.0
mcq_40,concept_39,mcq_tests_concept,1.0
mcq_40,concept_57,mcq_tests_concept,1.0
mcq_40,concept_67,mcq_tests_concept,1.0
mcq_40,concept_95,mcq_tests_concept,1.0
mcq_41,concept_4,mcq_tests_concept,1.0
mcq_41,concept_20,mcq_tests_concept,1.0
mcq_41,concept_22,mcq_tests_concept,1.0
mcq_41,concept_39,mcq_tests_concept,1.0
mcq_41,concept_67,mcq_tests_concept,1.0
mcq_41,concept_176,mcq_tests_concept,1.0
mcq_42,concept_3,mcq_tests_concept,1.0
mcq_42,concept_4,mcq_tests_concept,1.0
mcq_42,concept_39,mcq_tests_concept,1.0
mcq_42,concept_57,mcq_tests_concept,1.0
mcq_42,concept_67,mcq_tests_concept,1.0
mcq_43,concept_3,mcq_tests_concept,1.0
mcq_43,concept_32,mcq_tests_concept,1.0
mcq_43,concept_33,mcq_tests_concept,1.0
mcq_43,concept_54,mcq_tests_concept,1.0
mcq_44,concept_2,mcq_tests_concept,1.0
mcq_44,concept_10,mcq_tests_concept,1.0
mcq_44,concept_11,mcq_tests_concept,1.0
mcq_45,concept_24,mcq_tests_concept,1.0
mcq_45,concept_40,mcq_tests_concept,1.0
mcq_45,concept_124,mcq_tests_concept,1.0
mcq_46,concept_3,mcq_tests_concept,1.0
mcq_46,concept_32,mcq_tests_concept,1.0
mcq_46,concept_33,mcq_tests_concept,1.0
mcq_46,concept_54,mcq_tests_concept,1.0
mcq_46,concept_57,mcq_tests_concept,1.0
mcq_46,concept_87,mcq_tests_concept,1.0
mcq_46,concept_95,mcq_tests_concept,1.0
mcq_46,concept_98,mcq_tests_concept,1.0
mcq_47,concept_3,mcq_tests_concept,1.0
mcq_47,concept_4,mcq_tests_concept,1.0
mcq_47,concept_39,mcq_tests_concept,1.0
mcq_47,concept_54,mcq_tests_concept,1.0
mcq_47,concept_67,mcq_tests_concept,1.0
mcq_48,concept_24,mcq_tests_concept,1.0
mcq_49,concept_3,mcq_tests_concept,1.0
mcq_49,concept_4,mcq_tests_concept,1.0
mcq_49,concept_10,mcq_tests_concept,1.0
mcq_49,concept_11,mcq_tests_concept,1.0
mcq_49,concept_39,mcq_tests_concept,1.0
mcq_49,concept_50,mcq_tests_concept,1.0
mcq_49,concept_67,mcq_tests_concept,1.0
mcq_49,concept_102,mcq_tests_concept,1.0
mcq_50,concept_3,mcq_tests_concept,1.0
mcq_50,concept_10,mcq_tests_concept,1.0
mcq_50,concept_15,mcq_tests_concept,1.0
mcq_50,concept_16,mcq_tests_concept,1.0
mcq_50,concept_32,mcq_tests_concept,1.0
mcq_50,concept_78,mcq_tests_concept,1.0
mcq_50,concept_95,mcq_tests_concept,1.0
mcq_51,concept_40,mcq_tests_concept,1.0
mcq_51,concept_41,mcq_tests_concept,1.0
mcq_51,concept_42,mcq_tests_concept,1.0
mcq_51,concept_92,mcq_tests_concept,1.0
mcq_51,concept_95,mcq_tests_concept,1.0
mcq_51,concept_121,mcq_tests_concept,1.0
mcq_52,concept_3,mcq_tests_concept,1.0
mcq_52,concept_5,mcq_tests_concept,1.0
mcq_52,concept_10,mcq_tests_concept,1.0
mcq_52,concept_20,mcq_tests_concept,1.0
mcq_52,concept_57,mcq_tests_concept,1.0
mcq_53,concept_7,mcq_tests_concept,1.0
mcq_53,concept_52,mcq_tests_concept,1.0
mcq_53,concept_54,mcq_tests_concept,1.0
mcq_53,concept_57,mcq_tests_concept,1.0
mcq_53,concept_95,mcq_tests_concept,1.0
mcq_54,concept_3,mcq_tests_concept,1.0
mcq_54,concept_4,mcq_tests_concept,1.0
mcq_54,concept_8,mcq_tests_concept,1.0
mcq_54,concept_39,mcq_tests_concept,1.0
mcq_54,concept_57,mcq_tests_concept,1.0
mcq_54,concept_67,mcq_tests_concept,1.0
mcq_56,concept_3,mcq_tests_concept,1.0
mcq_56,concept_23,mcq_tests_concept,1.0
mcq_56,concept_45,mcq_tests_concept,1.0
mcq_56,concept_47,mcq_tests_concept,1.0
mcq_56,concept_95,mcq_tests_concept,1.0
mcq_56,concept_124,mcq_tests_concept,1.0
mcq_57,concept_4,mcq_tests_concept,1.0
mcq_57,concept_10,mcq_tests_concept,1.0
mcq_57,concept_11,mcq_tests_concept,1.0
mcq_57,concept_39,mcq_tests_concept,1.0
mcq_57,concept_54,mcq_tests_concept,1.0
mcq_57,concept_67,mcq_tests_concept,1.0
mcq_57,concept_95,mcq_tests_concept,1.0
mcq_57,concept_145,mcq_tests_concept,1.0
mcq_58,concept_15,mcq_tests_concept,1.0
mcq_58,concept_16,mcq_tests_concept,1.0
mcq_58,concept_95,mcq_tests_concept,1.0
mcq_58,concept_145,mcq_tests_concept,1.0
mcq_59,concept_54,mcq_tests_concept,1.0
mcq_59,concept_86,mcq_tests_concept,1.0
mcq_59,concept_95,mcq_tests_concept,1.0
mcq_59,concept_116,mcq_tests_concept,1.0
mcq_59,concept_145,mcq_tests_concept,1.0
mcq_60,concept_54,mcq_tests_concept,1.0
mcq_60,concept_95,mcq_tests_concept,1.0
mcq_60,concept_145,mcq_tests_concept,1.0
mcq_61,concept_4,mcq_tests_concept,1.0
mcq_61,concept_39,mcq_tests_concept,1.0
mcq_61,concept_54,mcq_tests_concept,1.0
mcq_61,concept_67,mcq_tests_concept,1.0
mcq_61,concept_95,mcq_tests_concept,1.0
mcq_61,concept_145,mcq_tests_concept,1.0
mcq_62,concept_20,mcq_tests_concept,1.0
mcq_62,concept_22,mcq_tests_concept,1.0
mcq_62,concept_95,mcq_tests_concept,1.0
mcq_62,concept_145,mcq_tests_concept,1.0
mcq_63,concept_24,mcq_tests_concept,1.0
mcq_63,concept_44,mcq_tests_concept,1.0
mcq_63,concept_95,mcq_tests_concept,1.0
mcq_63,concept_145,mcq_tests_concept,1.0
mcq_64,concept_54,mcq_tests_concept,1.0
mcq_64,concept_95,mcq_tests_concept,1.0
mcq_64,concept_145,mcq_tests_concept,1.0
mcq_65,concept_4,mcq_tests_concept,1.0
mcq_65,concept_39,mcq_tests_concept,1.0
mcq_65,concept_67,mcq_tests_concept,1.0
mcq_65,concept_95,mcq_tests_concept,1.0
mcq_65,concept_98,mcq_tests_concept,1.0
mcq_65,concept_145,mcq_tests_concept,1.0
mcq_66,concept_40,mcq_tests_concept,1.0
mcq_66,concept_95,mcq_tests_concept,1.0
mcq_66,concept_124,mcq_tests_concept,1.0
mcq_66,concept_145,mcq_tests_concept,1.0
mcq_67,concept_2,mcq_tests_concept,1.0
mcq_67,concept_15,mcq_tests_concept,1.0
mcq_67,concept_16,mcq_tests_concept,1.0
mcq_67,concept_21,mcq_tests_concept,1.0
mcq_67,concept_95,mcq_tests_concept,1.0
mcq_68,concept_2,mcq_tests_concept,1.0
mcq_68,concept_8,mcq_tests_concept,1.0
mcq_69,concept_2,mcq_tests_concept,1.0
mcq_69,concept_3,mcq_tests_concept,1.0
mcq_69,concept_9,mcq_tests_concept,1.0
mcq_69,concept_95,mcq_tests_concept,1.0
mcq_70,concept_2,mcq_tests_concept,1.0
mcq_70,concept_3,mcq_tests_concept,1.0
mcq_70,concept_4,mcq_tests_concept,1.0
mcq_70,concept_10,mcq_tests_concept,1.0
mcq_70,concept_20,mcq_tests_concept,1.0
mcq_70,concept_39,mcq_tests_concept,1.0
mcq_70,concept_51,mcq_tests_concept,1.0
mcq_70,concept_67,mcq_tests_concept,1.0
mcq_71,concept_1,mcq_tests_concept,1.0
mcq_71,concept_2,mcq_tests_concept,1.0
mcq_71,concept_3,mcq_tests_concept,1.0
mcq_71,concept_10,mcq_tests_concept,1.0
mcq_71,concept_50,mcq_tests_concept,1.0
mcq_72,concept_4,mcq_tests_concept,1.0
mcq_72,concept_39,mcq_tests_concept,1.0
mcq_72,concept_67,mcq_tests_concept,1.0
mcq_72,concept_86,mcq_tests_concept,1.0
mcq_72,concept_95,mcq_tests_concept,1.0
mcq_72,concept_145,mcq_tests_concept,1.0
mcq_73,concept_4,mcq_tests_concept,1.0
mcq_73,concept_39,mcq_tests_concept,1.0
mcq_73,concept_67,mcq_tests_concept,1.0
mcq_73,concept_86,mcq_tests_concept,1.0
mcq_73,concept_95,mcq_tests_concept,1.0
mcq_73,concept_145,mcq_tests_concept,1.0
mcq_74,concept_1,mcq_tests_concept,1.0
mcq_74,concept_3,mcq_tests_concept,1.0
mcq_74,concept_116,mcq_tests_concept,1.0
mcq_75,concept_4,mcq_tests_concept,1.0
mcq_75,concept_39,mcq_tests_concept,1.0
mcq_75,concept_67,mcq_tests_concept,1.0
mcq_76,concept_2,mcq_tests_concept,1.0
mcq_76,concept_3,mcq_tests_concept,1.0
mcq_76,concept_66,mcq_tests_concept,1.0
mcq_77,concept_1,mcq_tests_concept,1.0
mcq_77,concept_3,mcq_tests_concept,1.0
mcq_78,concept_3,mcq_tests_concept,1.0
mcq_78,concept_23,mcq_tests_concept,1.0
mcq_78,concept_39,mcq_tests_concept,1.0
mcq_78,concept_58,mcq_tests_concept,1.0
mcq_78,concept_61,mcq_tests_concept,1.0
mcq_78,concept_62,mcq_tests_concept,1.0
mcq_78,concept_95,mcq_tests_concept,1.0
mcq_80,concept_0,mcq_tests_concept,1.0
mcq_80,concept_3,mcq_tests_concept,1.0
mcq_80,concept_39,mcq_tests_concept,1.0
mcq_80,concept_43,mcq_tests_concept,1.0
mcq_80,concept_53,mcq_tests_concept,1.0
mcq_80,concept_95,mcq_tests_concept,1.0
mcq_80,concept_145,mcq_tests_concept,1.0
mcq_81,concept_3,mcq_tests_concept,1.0
mcq_82,concept_0,mcq_tests_concept,1.0
mcq_82,concept_3,mcq_tests_concept,1.0
mcq_82,concept_5,mcq_tests_concept,1.0
mcq_82,concept_39,mcq_tests_concept,1.0
mcq_82,concept_43,mcq_tests_concept,1.0
mcq_82,concept_58,mcq_tests_concept,1.0
mcq_82,concept_61,mcq_tests_concept,1.0
mcq_82,concept_62,mcq_tests_concept,1.0
mcq_84,concept_39,mcq_tests_concept,1.0
mcq_84,concept_72,mcq_tests_concept,1.0
mcq_84,concept_73,mcq_tests_concept,1.0
mcq_85,concept_86,mcq_tests_concept,1.0
mcq_85,concept_116,mcq_tests_concept,1.0
mcq_86,concept_39,mcq_tests_concept,1.0
mcq_86,concept_58,mcq_tests_concept,1.0
mcq_86,concept_59,mcq_tests_concept,1.0
mcq_86,concept_60,mcq_tests_concept,1.0
mcq_87,concept_58,mcq_tests_concept,1.0
mcq_87,concept_59,mcq_tests_concept,1.0
mcq_87,concept_60,mcq_tests_concept,1.0
mcq_87,concept_68,mcq_tests_concept,1.0
mcq_87,concept_69,mcq_tests_concept,1.0
mcq_87,concept_70,mcq_tests_concept,1.0
mcq_87,concept_95,mcq_tests_concept,1.0
mcq_88,concept_3,mcq_tests_concept,1.0
mcq_88,concept_40,mcq_tests_concept,1.0
mcq_88,concept_121,mcq_tests_concept,1.0
mcq_89,concept_0,mcq_tests_concept,1.0
mcq_89,concept_3,mcq_tests_concept,1.0
mcq_89,concept_39,mcq_tests_concept,1.0
mcq_89,concept_43,mcq_tests_concept,1.0
mcq_89,concept_53,mcq_tests_concept,1.0
mcq_89,concept_95,mcq_tests_concept,1.0
mcq_89,concept_145,mcq_tests_concept,1.0
mcq_90,concept_3,mcq_tests_concept,1.0
mcq_90,concept_40,mcq_tests_concept,1.0
mcq_90,concept_41,mcq_tests_concept,1.0
mcq_90,concept_42,mcq_tests_concept,1.0
mcq_90,concept_57,mcq_tests_concept,1.0
mcq_90,concept_58,mcq_tests_concept,1.0
mcq_90,concept_59,mcq_tests_concept,1.0
mcq_90,concept_62,mcq_tests_concept,1.0
mcq_90,concept_121,mcq_tests_concept,1.0
mcq_91,concept_15,mcq_tests_concept,1.0
mcq_91,concept_16,mcq_tests_concept,1.0
mcq_91,concept_95,mcq_tests_concept,1.0
mcq_91,concept_167,mcq_tests_concept,1.0
mcq_92,concept_41,mcq_tests_concept,1.0
mcq_92,concept_68,mcq_tests_concept,1.0
mcq_92,concept_95,mcq_tests_concept,1.0
mcq_93,concept_3,mcq_tests_concept,1.0
mcq_93,concept_59,mcq_tests_concept,1.0
mcq_93,concept_72,mcq_tests_concept,1.0
mcq_93,concept_95,mcq_tests_concept,1.0
mcq_94,concept_3,mcq_tests_concept,1.0
mcq_94,concept_23,mcq_tests_concept,1.0
mcq_94,concept_39,mcq_tests_concept,1.0
mcq_94,concept_58,mcq_tests_concept,1.0
mcq_94,concept_61,mcq_tests_concept,1.0
mcq_94,concept_62,mcq_tests_concept,1.0
mcq_94,concept_95,mcq_tests_concept,1.0
mcq_95,concept_3,mcq_tests_concept,1.0
mcq_95,concept_39,mcq_tests_concept,1.0
mcq_95,concept_58,mcq_tests_concept,1.0
mcq_95,concept_61,mcq_tests_concept,1.0
mcq_95,concept_62,mcq_tests_concept,1.0
mcq_96,concept_3,mcq_tests_concept,1.0
mcq_96,concept_10,mcq_tests_concept,1.0
mcq_96,concept_51,mcq_tests_concept,1.0
mcq_96,concept_95,mcq_tests_concept,1.0
mcq_96,concept_98,mcq_tests_concept,1.0
mcq_96,concept_101,mcq_tests_concept,1.0
mcq_96,concept_102,mcq_tests_concept,1.0
mcq_96,concept_114,mcq_tests_concept,1.0
mcq_96,concept_116,mcq_tests_concept,1.0
mcq_96,concept_145,mcq_tests_concept,1.0
mcq_96,concept_169,mcq_tests_concept,1.0
mcq_97,concept_3,mcq_tests_concept,1.0
mcq_97,concept_39,mcq_tests_concept,1.0
mcq_97,concept_58,mcq_tests_concept,1.0
mcq_97,concept_61,mcq_tests_concept,1.0
mcq_97,concept_62,mcq_tests_concept,1.0
mcq_98,concept_3,mcq_tests_concept,1.0
mcq_98,concept_23,mcq_tests_concept,1.0
mcq_98,concept_39,mcq_tests_concept,1.0
mcq_98,concept_40,mcq_tests_concept,1.0
mcq_98,concept_58,mcq_tests_concept,1.0
mcq_98,concept_61,mcq_tests_concept,1.0
mcq_98,concept_62,mcq_tests_concept,1.0
mcq_98,concept_95,mcq_tests_concept,1.0
mcq_98,concept_121,mcq_tests_concept,1.0
mcq_99,concept_0,mcq_tests_concept,1.0
mcq_99,concept_3,mcq_tests_concept,1.0
mcq_99,concept_5,mcq_tests_concept,1.0
mcq_99,concept_39,mcq_tests_concept,1.0
mcq_99,concept_43,mcq_tests_concept,1.0
mcq_99,concept_58,mcq_tests_concept,1.0
mcq_99,concept_61,mcq_tests_concept,1.0
mcq_99,concept_62,mcq_tests_concept,1.0
mcq_100,concept_3,mcq_tests_concept,1.0
mcq_100,concept_32,mcq_tests_concept,1.0
mcq_100,concept_58,mcq_tests_concept,1.0
mcq_100,concept_61,mcq_tests_concept,1.0
mcq_100,concept_62,mcq_tests_concept,1.0
mcq_100,concept_98,mcq_tests_concept,1.0
mcq_101,concept_3,mcq_tests_concept,1.0
mcq_101,concept_86,mcq_tests_concept,1.0
mcq_101,concept_95,mcq_tests_concept,1.0
mcq_101,concept_116,mcq_tests_concept,1.0
mcq_101,concept_145,mcq_tests_concept,1.0
mcq_102,concept_3,mcq_tests_concept,1.0
mcq_102,concept_5,mcq_tests_concept,1.0
mcq_102,concept_66,mcq_tests_concept,1.0
mcq_102,concept_147,mcq_tests_concept,1.0
mcq_103,concept_3,mcq_tests_concept,1.0
mcq_103,concept_54,mcq_tests_concept,1.0
mcq_104,concept_4,mcq_tests_concept,1.0
mcq_104,concept_39,mcq_tests_concept,1.0
mcq_104,concept_67,mcq_tests_concept,1.0
mcq_104,concept_86,mcq_tests_concept,1.0
mcq_104,concept_95,mcq_tests_concept,1.0
mcq_104,concept_145,mcq_tests_concept,1.0
mcq_105,concept_3,mcq_tests_concept,1.0
mcq_105,concept_39,mcq_tests_concept,1.0
mcq_105,concept_58,mcq_tests_concept,1.0
mcq_105,concept_61,mcq_tests_concept,1.0
mcq_105,concept_62,mcq_tests_concept,1.0
mcq_106,concept_3,mcq_tests_concept,1.0
mcq_106,concept_39,mcq_tests_concept,1.0
mcq_106,concept_52,mcq_tests_concept,1.0
mcq_106,concept_57,mcq_tests_concept,1.0
mcq_107,concept_0,mcq_tests_concept,1.0
mcq_107,concept_3,mcq_tests_concept,1.0
mcq_107,concept_5,mcq_tests_concept,1.0
mcq_107,concept_39,mcq_tests_concept,1.0
mcq_107,concept_43,mcq_tests_concept,1.0
mcq_107,concept_58,mcq_tests_concept,1.0
mcq_107,concept_61,mcq_tests_concept,1.0
mcq_107,concept_62,mcq_tests_concept,1.0
mcq_108,concept_2,mcq_tests_concept,1.0
mcq_108,concept_3,mcq_tests_concept,1.0
mcq_108,concept_5,mcq_tests_concept,1.0
mcq_108,concept_7,mcq_tests_concept,1.0
mcq_108,concept_95,mcq_tests_concept,1.0
mcq_108,concept_102,mcq_tests_concept,1.0
mcq_109,concept_3,mcq_tests_concept,1.0
mcq_109,concept_39,mcq_tests_concept,1.0
mcq_109,concept_40,mcq_tests_concept,1.0
mcq_109,concept_58,mcq_tests_concept,1.0
mcq_109,concept_61,mcq_tests_concept,1.0
mcq_109,concept_62,mcq_tests_concept,1.0
mcq_109,concept_121,mcq_tests_concept,1.0
mcq_110,concept_3,mcq_tests_concept,1.0
mcq_110,concept_39,mcq_tests_concept,1.0
mcq_110,concept_43,mcq_tests_concept,1.0
mcq_111,concept_3,mcq_tests_concept,1.0
mcq_111,concept_32,mcq_tests_concept,1.0
mcq_111,concept_39,mcq_tests_concept,1.0
mcq_111,concept_40,mcq_tests_concept,1.0
mcq_111,concept_41,mcq_tests_concept,1.0
mcq_111,concept_42,mcq_tests_concept,1.0
mcq_111,concept_58,mcq_tests_concept,1.0
mcq_111,concept_61,mcq_tests_concept,1.0
mcq_111,concept_62,mcq_tests_concept,1.0
mcq_112,concept_39,mcq_tests_concept,1.0
mcq_112,concept_52,mcq_tests_concept,1.0
mcq_112,concept_57,mcq_tests_concept,1.0
mcq_113,concept_39,mcq_tests_concept,1.0
mcq_114,concept_39,mcq_tests_concept,1.0
mcq_114,concept_40,mcq_tests_concept,1.0
mcq_114,concept_121,mcq_tests_concept,1.0
mcq_115,concept_4,mcq_tests_concept,1.0
mcq_115,concept_39,mcq_tests_concept,1.0
mcq_115,concept_67,mcq_tests_concept,1.0
mcq_115,concept_86,mcq_tests_concept,1.0
mcq_115,concept_95,mcq_tests_concept,1.0
mcq_115,concept_145,mcq_tests_concept,1.0
mcq_116,concept_39,mcq_tests_concept,1.0
mcq_116,concept_52,mcq_tests_concept,1.0
mcq_116,concept_57,mcq_tests_concept,1.0
mcq_117,concept_3,mcq_tests_concept,1.0
mcq_117,concept_32,mcq_tests_concept,1.0
mcq_117,concept_58,mcq_tests_concept,1.0
mcq_117,concept_61,mcq_tests_concept,1.0
mcq_117,concept_62,mcq_tests_concept,1.0
mcq_117,concept_68,mcq_tests_concept,1.0
mcq_117,concept_69,mcq_tests_concept,1.0
mcq_117,concept_70,mcq_tests_concept,1.0
mcq_118,concept_39,mcq_tests_concept,1.0
mcq_118,concept_68,mcq_tests_concept,1.0
mcq_118,concept_69,mcq_tests_concept,1.0
mcq_118,concept_70,mcq_tests_concept,1.0
mcq_118,concept_71,mcq_tests_concept,1.0
mcq_119,concept_3,mcq_tests_concept,1.0
mcq_119,concept_32,mcq_tests_concept,1.0
mcq_119,concept_68,mcq_tests_concept,1.0
mcq_119,concept_69,mcq_tests_concept,1.0
mcq_119,concept_70,mcq_tests_concept,1.0
mcq_120,concept_39,mcq_tests_concept,1.0
mcq_120,concept_68,mcq_tests_concept,1.0
mcq_120,concept_69,mcq_tests_concept,1.0
mcq_120,concept_70,mcq_tests_concept,1.0
mcq_121,concept_1,mcq_tests_concept,1.0
mcq_121,concept_2,mcq_tests_concept,1.0
mcq_121,concept_3,mcq_tests_concept,1.0
mcq_121,concept_16,mcq_tests_concept,1.0
mcq_121,concept_88,mcq_tests_concept,1.0
mcq_121,concept_95,mcq_tests_concept,1.0
mcq_121,concept_170,mcq_tests_concept,1.0
mcq_121,concept_189,mcq_tests_concept,1.0
mcq_122,concept_39,mcq_tests_concept,1.0
mcq_122,concept_40,mcq_tests_concept,1.0
mcq_122,concept_121,mcq_tests_concept,1.0
mcq_123,concept_39,mcq_tests_concept,1.0
mcq_124,concept_3,mcq_tests_concept,1.0
mcq_124,concept_23,mcq_tests_concept,1.0
mcq_124,concept_39,mcq_tests_concept,1.0
mcq_124,concept_58,mcq_tests_concept,1.0
mcq_124,concept_61,mcq_tests_concept,1.0
mcq_124,concept_62,mcq_tests_concept,1.0
mcq_124,concept_95,mcq_tests_concept,1.0
mcq_125,concept_39,mcq_tests_concept,1.0
mcq_125,concept_67,mcq_tests_concept,1.0
mcq_125,concept_72,mcq_tests_concept,1.0
mcq_126,concept_39,mcq_tests_concept,1.0
mcq_126,concept_68,mcq_tests_concept,1.0
mcq_126,concept_69,mcq_tests_concept,1.0
mcq_126,concept_70,mcq_tests_concept,1.0
mcq_127,concept_39,mcq_tests_concept,1.0
mcq_127,concept_67,mcq_tests_concept,1.0
mcq_127,concept_72,mcq_tests_concept,1.0
mcq_128,concept_39,mcq_tests_concept,1.0
mcq_128,concept_40,mcq_tests_concept,1.0
mcq_128,concept_121,mcq_tests_concept,1.0
mcq_129,concept_3,mcq_tests_concept,1.0
mcq_129,concept_23,mcq_tests_concept,1.0
mcq_129,concept_39,mcq_tests_concept,1.0
mcq_129,concept_58,mcq_tests_concept,1.0
mcq_129,concept_61,mcq_tests_concept,1.0
mcq_129,concept_62,mcq_tests_concept,1.0
mcq_129,concept_95,mcq_tests_concept,1.0
mcq_130,concept_3,mcq_tests_concept,1.0
mcq_130,concept_10,mcq_tests_concept,1.0
mcq_130,concept_11,mcq_tests_concept,1.0
mcq_130,concept_16,mcq_tests_concept,1.0
mcq_130,concept_39,mcq_tests_concept,1.0
mcq_131,concept_3,mcq_tests_concept,1.0
mcq_131,concept_39,mcq_tests_concept,1.0
mcq_133,concept_3,mcq_tests_concept,1.0
mcq_133,concept_72,mcq_tests_concept,1.0
mcq_133,concept_73,mcq_tests_concept,1.0
mcq_133,concept_78,mcq_tests_concept,1.0
mcq_135,concept_39,mcq_tests_concept,1.0
mcq_136,concept_3,mcq_tests_concept,1.0
mcq_137,concept_58,mcq_tests_concept,1.0
mcq_137,concept_59,mcq_tests_concept,1.0
mcq_137,concept_60,mcq_tests_concept,1.0
mcq_139,concept_39,mcq_tests_concept,1.0
mcq_140,concept_3,mcq_tests_concept,1.0
mcq_141,concept_3,mcq_tests_concept,1.0
mcq_141,concept_39,mcq_tests_concept,1.0
mcq_142,concept_3,mcq_tests_concept,1.0
mcq_142,concept_59,mcq_tests_concept,1.0
mcq_142,concept_95,mcq_tests_concept,1.0
mcq_144,concept_39,mcq_tests_concept,1.0
mcq_144,concept_40,mcq_tests_concept,1.0
mcq_144,concept_41,mcq_tests_concept,1.0
mcq_144,concept_42,mcq_tests_concept,1.0
mcq_144,concept_77,mcq_tests_concept,1.0
mcq_145,concept_57,mcq_tests_concept,1.0
mcq_146,concept_3,mcq_tests_concept,1.0
mcq_147,concept_155,mcq_tests_concept,1.0
mcq_148,concept_3,mcq_tests_concept,1.0
mcq_148,concept_15,mcq_tests_concept,1.0
mcq_148,concept_16,mcq_tests_concept,1.0
mcq_148,concept_45,mcq_tests_concept,1.0
mcq_148,concept_72,mcq_tests_concept,1.0
mcq_148,concept_95,mcq_tests_concept,1.0
mcq_150,concept_18,mcq_tests_concept,1.0
mcq_150,concept_39,mcq_tests_concept,1.0
mcq_150,concept_95,mcq_tests_concept,1.0
mcq_150,concept_145,mcq_tests_concept,1.0
mcq_151,concept_56,mcq_tests_concept,1.0
mcq_151,concept_95,mcq_tests_concept,1.0
mcq_151,concept_145,mcq_tests_concept,1.0
mcq_152,concept_68,mcq_tests_concept,1.0
mcq_152,concept_95,mcq_tests_concept,1.0
mcq_152,concept_145,mcq_tests_concept,1.0
mcq_154,concept_95,mcq_tests_concept,1.0
mcq_154,concept_116,mcq_tests_concept,1.0
mcq_154,concept_145,mcq_tests_concept,1.0
mcq_155,concept_39,mcq_tests_concept,1.0
mcq_155,concept_95,mcq_tests_concept,1.0
mcq_155,concept_145,mcq_tests_concept,1.0
mcq_156,concept_3,mcq_tests_concept,1.0
mcq_156,concept_57,mcq_tests_concept,1.0
mcq_156,concept_95,mcq_tests_concept,1.0
mcq_156,concept_145,mcq_tests_concept,1.0
mcq_156,concept_155,mcq_tests_concept,1.0
mcq_157,concept_39,mcq_tests_concept,1.0
mcq_157,concept_68,mcq_tests_concept,1.0
mcq_157,concept_95,mcq_tests_concept,1.0
mcq_157,concept_145,mcq_tests_concept,1.0
mcq_158,concept_39,mcq_tests_concept,1.0
mcq_159,concept_3,mcq_tests_concept,1.0
mcq_159,concept_95,mcq_tests_concept,1.0
mcq_159,concept_145,mcq_tests_concept,1.0
mcq_160,concept_2,mcq_tests_concept,1.0
mcq_160,concept_3,mcq_tests_concept,1.0
mcq_160,concept_33,mcq_tests_concept,1.0
mcq_160,concept_39,mcq_tests_concept,1.0
mcq_160,concept_95,mcq_tests_concept,1.0
mcq_160,concept_120,mcq_tests_concept,1.0
mcq_161,concept_68,mcq_tests_concept,1.0
mcq_161,concept_69,mcq_tests_concept,1.0
mcq_161,concept_70,mcq_tests_concept,1.0
mcq_161,concept_95,mcq_tests_concept,1.0
mcq_162,concept_95,mcq_tests_concept,1.0
mcq_163,concept_2,mcq_tests_concept,1.0
mcq_163,concept_86,mcq_tests_concept,1.0
mcq_163,concept_116,mcq_tests_concept,1.0
mcq_164,concept_2,mcq_tests_concept,1.0
mcq_164,concept_3,mcq_tests_concept,1.0
mcq_164,concept_84,mcq_tests_concept,1.0
mcq_165,concept_2,mcq_tests_concept,1.0
mcq_165,concept_10,mcq_tests_concept,1.0
mcq_166,concept_2,mcq_tests_concept,1.0
mcq_167,concept_2,mcq_tests_concept,1.0
mcq_167,concept_3,mcq_tests_concept,1.0
mcq_168,concept_2,mcq_tests_concept,1.0
mcq_168,concept_40,mcq_tests_concept,1.0
mcq_168,concept_41,mcq_tests_concept,1.0
mcq_168,concept_42,mcq_tests_concept,1.0
mcq_168,concept_95,mcq_tests_concept,1.0
mcq_169,concept_2,mcq_tests_concept,1.0
mcq_169,concept_3,mcq_tests_concept,1.0
mcq_169,concept_24,mcq_tests_concept,1.0
mcq_169,concept_39,mcq_tests_concept,1.0
mcq_169,concept_68,mcq_tests_concept,1.0
mcq_169,concept_78,mcq_tests_concept,1.0
mcq_169,concept_98,mcq_tests_concept,1.0
mcq_169,concept_102,mcq_tests_concept,1.0
mcq_169,concept_115,mcq_tests_concept,1.0
mcq_170,concept_24,mcq_tests_concept,1.0
mcq_170,concept_90,mcq_tests_concept,1.0
mcq_170,concept_101,mcq_tests_concept,1.0
mcq_171,concept_3,mcq_tests_concept,1.0
mcq_171,concept_10,mcq_tests_concept,1.0
mcq_171,concept_40,mcq_tests_concept,1.0
mcq_171,concept_41,mcq_tests_concept,1.0
mcq_171,concept_42,mcq_tests_concept,1.0
mcq_171,concept_51,mcq_tests_concept,1.0
mcq_171,concept_95,mcq_tests_concept,1.0
mcq_171,concept_98,mcq_tests_concept,1.0
mcq_171,concept_102,mcq_tests_concept,1.0
mcq_171,concept_131,mcq_tests_concept,1.0
mcq_171,concept_169,mcq_tests_concept,1.0
mcq_172,concept_3,mcq_tests_concept,1.0
mcq_172,concept_100,mcq_tests_concept,1.0
mcq_172,concept_124,mcq_tests_concept,1.0
mcq_172,concept_152,mcq_tests_concept,1.0
mcq_173,concept_3,mcq_tests_concept,1.0
mcq_173,concept_33,mcq_tests_concept,1.0
mcq_173,concept_95,mcq_tests_concept,1.0
mcq_173,concept_145,mcq_tests_concept,1.0
mcq_174,concept_3,mcq_tests_concept,1.0
mcq_174,concept_33,mcq_tests_concept,1.0
mcq_174,concept_48,mcq_tests_concept,1.0
mcq_174,concept_84,mcq_tests_concept,1.0
mcq_174,concept_95,mcq_tests_concept,1.0
mcq_174,concept_145,mcq_tests_concept,1.0
mcq_175,concept_3,mcq_tests_concept,1.0
mcq_175,concept_6,mcq_tests_concept,1.0
mcq_175,concept_33,mcq_tests_concept,1.0
mcq_175,concept_48,mcq_tests_concept,1.0
mcq_175,concept_103,mcq_tests_concept,1.0
mcq_176,concept_33,mcq_tests_concept,1.0
mcq_176,concept_95,mcq_tests_concept,1.0
mcq_176,concept_103,mcq_tests_concept,1.0
mcq_176,concept_137,mcq_tests_concept,1.0
mcq_176,concept_145,mcq_tests_concept,1.0
mcq_177,concept_3,mcq_tests_concept,1.0
mcq_177,concept_6,mcq_tests_concept,1.0
mcq_177,concept_33,mcq_tests_concept,1.0
mcq_177,concept_48,mcq_tests_concept,1.0
mcq_178,concept_3,mcq_tests_concept,1.0
mcq_179,concept_95,mcq_tests_concept,1.0
mcq_179,concept_145,mcq_tests_concept,1.0
mcq_180,concept_3,mcq_tests_concept,1.0
mcq_180,concept_78,mcq_tests_concept,1.0
mcq_181,concept_3,mcq_tests_concept,1.0
mcq_181,concept_33,mcq_tests_concept,1.0
mcq_181,concept_95,mcq_tests_concept,1.0
mcq_181,concept_145,mcq_tests_concept,1.0
mcq_182,concept_3,mcq_tests_concept,1.0
mcq_182,concept_88,mcq_tests_concept,1.0
mcq_183,concept_3,mcq_tests_concept,1.0
mcq_183,concept_6,mcq_tests_concept,1.0
mcq_183,concept_33,mcq_tests_concept,1.0
mcq_183,concept_48,mcq_tests_concept,1.0
mcq_184,concept_3,mcq_tests_concept,1.0
mcq_184,concept_84,mcq_tests_concept,1.0
mcq_184,concept_101,mcq_tests_concept,1.0
mcq_185,concept_80,mcq_tests_concept,1.0
mcq_185,concept_86,mcq_tests_concept,1.0
mcq_185,concept_95,mcq_tests_concept,1.0
mcq_186,concept_3,mcq_tests_concept,1.0
mcq_186,concept_83,mcq_tests_concept,1.0
mcq_186,concept_95,mcq_tests_concept,1.0
mcq_187,concept_3,mcq_tests_concept,1.0
mcq_187,concept_10,mcq_tests_concept,1.0
mcq_187,concept_51,mcq_tests_concept,1.0
mcq_187,concept_80,mcq_tests_concept,1.0
mcq_187,concept_83,mcq_tests_concept,1.0
mcq_187,concept_84,mcq_tests_concept,1.0
mcq_187,concept_95,mcq_tests_concept,1.0
mcq_187,concept_145,mcq_tests_concept,1.0
mcq_188,concept_3,mcq_tests_concept,1.0
mcq_188,concept_24,mcq_tests_concept,1.0
mcq_188,concept_40,mcq_tests_concept,1.0
mcq_188,concept_41,mcq_tests_concept,1.0
mcq_188,concept_42,mcq_tests_concept,1.0
mcq_188,concept_95,mcq_tests_concept,1.0
mcq_188,concept_101,mcq_tests_concept,1.0
mcq_189,concept_3,mcq_tests_concept,1.0
mcq_189,concept_24,mcq_tests_concept,1.0
mcq_189,concept_33,mcq_tests_concept,1.0
mcq_189,concept_50,mcq_tests_concept,1.0
mcq_189,concept_98,mcq_tests_concept,1.0
mcq_189,concept_99,mcq_tests_concept,1.0
mcq_189,concept_102,mcq_tests_concept,1.0
mcq_190,concept_90,mcq_tests_concept,1.0
mcq_190,concept_95,mcq_tests_concept,1.0
mcq_190,concept_110,mcq_tests_concept,1.0
mcq_190,concept_145,mcq_tests_concept,1.0
mcq_191,concept_24,mcq_tests_concept,1.0
mcq_191,concept_44,mcq_tests_concept,1.0
mcq_191,concept_95,mcq_tests_concept,1.0
mcq_191,concept_98,mcq_tests_concept,1.0
mcq_191,concept_101,mcq_tests_concept,1.0
mcq_191,concept_145,mcq_tests_concept,1.0
mcq_191,concept_169,mcq_tests_concept,1.0
mcq_192,concept_24,mcq_tests_concept,1.0
mcq_192,concept_40,mcq_tests_concept,1.0
mcq_192,concept_95,mcq_tests_concept,1.0
mcq_192,concept_124,mcq_tests_concept,1.0
mcq_192,concept_145,mcq_tests_concept,1.0
mcq_193,concept_86,mcq_tests_concept,1.0
mcq_193,concept_95,mcq_tests_concept,1.0
mcq_193,concept_116,mcq_tests_concept,1.0
mcq_193,concept_145,mcq_tests_concept,1.0
mcq_194,concept_3,mcq_tests_concept,1.0
mcq_194,concept_10,mcq_tests_concept,1.0
mcq_194,concept_51,mcq_tests_concept,1.0
mcq_194,concept_80,mcq_tests_concept,1.0
mcq_194,concept_84,mcq_tests_concept,1.0
mcq_194,concept_86,mcq_tests_concept,1.0
mcq_194,concept_95,mcq_tests_concept,1.0
mcq_194,concept_145,mcq_tests_concept,1.0
mcq_195,concept_3,mcq_tests_concept,1.0
mcq_195,concept_95,mcq_tests_concept,1.0
mcq_195,concept_145,mcq_tests_concept,1.0
mcq_196,concept_3,mcq_tests_concept,1.0
mcq_196,concept_33,mcq_tests_concept,1.0
mcq_196,concept_78,mcq_tests_concept,1.0
mcq_196,concept_95,mcq_tests_concept,1.0
mcq_196,concept_145,mcq_tests_concept,1.0
mcq_197,concept_24,mcq_tests_concept,1.0
mcq_197,concept_40,mcq_tests_concept,1.0
mcq_197,concept_41,mcq_tests_concept,1.0
mcq_197,concept_42,mcq_tests_concept,1.0
mcq_197,concept_86,mcq_tests_concept,1.0
mcq_197,concept_95,mcq_tests_concept,1.0
mcq_197,concept_145,mcq_tests_concept,1.0
mcq_198,concept_3,mcq_tests_concept,1.0
mcq_198,concept_95,mcq_tests_concept,1.0
mcq_198,concept_102,mcq_tests_concept,1.0
mcq_198,concept_145,mcq_tests_concept,1.0
mcq_199,concept_80,mcq_tests_concept,1.0
mcq_199,concept_95,mcq_tests_concept,1.0
mcq_199,concept_145,mcq_tests_concept,1.0
mcq_200,concept_2,mcq_tests_concept,1.0
mcq_200,concept_15,mcq_tests_concept,1.0
mcq_200,concept_16,mcq_tests_concept,1.0
mcq_200,concept_33,mcq_tests_concept,1.0
mcq_200,concept_48,mcq_tests_concept,1.0
mcq_200,concept_95,mcq_tests_concept,1.0
mcq_200,concept_120,mcq_tests_concept,1.0
mcq_201,concept_2,mcq_tests_concept,1.0
mcq_201,concept_3,mcq_tests_concept,1.0
mcq_201,concept_10,mcq_tests_concept,1.0
mcq_201,concept_50,mcq_tests_concept,1.0
mcq_201,concept_51,mcq_tests_concept,1.0
mcq_201,concept_95,mcq_tests_concept,1.0
mcq_202,concept_2,mcq_tests_concept,1.0
mcq_203,concept_2,mcq_tests_concept,1.0
mcq_203,concept_3,mcq_tests_concept,1.0
mcq_203,concept_40,mcq_tests_concept,1.0
mcq_203,concept_41,mcq_tests_concept,1.0
mcq_203,concept_42,mcq_tests_concept,1.0
mcq_203,concept_98,mcq_tests_concept,1.0
mcq_203,concept_102,mcq_tests_concept,1.0
mcq_203,concept_124,mcq_tests_concept,1.0
mcq_203,concept_169,mcq_tests_concept,1.0
mcq_204,concept_2,mcq_tests_concept,1.0
mcq_204,concept_3,mcq_tests_concept,1.0
mcq_204,concept_9,mcq_tests_concept,1.0
mcq_204,concept_33,mcq_tests_concept,1.0
mcq_204,concept_48,mcq_tests_concept,1.0
mcq_204,concept_95,mcq_tests_concept,1.0
mcq_204,concept_120,mcq_tests_concept,1.0
mcq_205,concept_2,mcq_tests_concept,1.0
mcq_205,concept_10,mcq_tests_concept,1.0
mcq_205,concept_11,mcq_tests_concept,1.0
mcq_205,concept_51,mcq_tests_concept,1.0
mcq_205,concept_122,mcq_tests_concept,1.0
mcq_206,concept_2,mcq_tests_concept,1.0
mcq_206,concept_3,mcq_tests_concept,1.0
mcq_206,concept_95,mcq_tests_concept,1.0
mcq_206,concept_120,mcq_tests_concept,1.0
mcq_207,concept_2,mcq_tests_concept,1.0
mcq_207,concept_120,mcq_tests_concept,1.0
mcq_208,concept_2,mcq_tests_concept,1.0
mcq_208,concept_33,mcq_tests_concept,1.0
mcq_208,concept_95,mcq_tests_concept,1.0
mcq_208,concept_120,mcq_tests_concept,1.0
mcq_209,concept_2,mcq_tests_concept,1.0
mcq_209,concept_3,mcq_tests_concept,1.0
mcq_209,concept_8,mcq_tests_concept,1.0
mcq_209,concept_15,mcq_tests_concept,1.0
mcq_209,concept_16,mcq_tests_concept,1.0
mcq_209,concept_31,mcq_tests_concept,1.0
mcq_209,concept_95,mcq_tests_concept,1.0
mcq_210,concept_3,mcq_tests_concept,1.0
mcq_210,concept_50,mcq_tests_concept,1.0
mcq_210,concept_98,mcq_tests_concept,1.0
mcq_210,concept_115,mcq_tests_concept,1.0
mcq_211,concept_3,mcq_tests_concept,1.0
mcq_211,concept_39,mcq_tests_concept,1.0
mcq_211,concept_67,mcq_tests_concept,1.0
mcq_211,concept_84,mcq_tests_concept,1.0
mcq_212,concept_3,mcq_tests_concept,1.0
mcq_212,concept_18,mcq_tests_concept,1.0
mcq_212,concept_39,mcq_tests_concept,1.0
mcq_212,concept_43,mcq_tests_concept,1.0
mcq_212,concept_51,mcq_tests_concept,1.0
mcq_212,concept_84,mcq_tests_concept,1.0
mcq_212,concept_95,mcq_tests_concept,1.0
mcq_212,concept_98,mcq_tests_concept,1.0
mcq_212,concept_120,mcq_tests_concept,1.0
mcq_212,concept_121,mcq_tests_concept,1.0
mcq_212,concept_145,mcq_tests_concept,1.0
mcq_213,concept_3,mcq_tests_concept,1.0
mcq_213,concept_39,mcq_tests_concept,1.0
mcq_213,concept_85,mcq_tests_concept,1.0
mcq_213,concept_95,mcq_tests_concept,1.0
mcq_214,concept_3,mcq_tests_concept,1.0
mcq_214,concept_50,mcq_tests_concept,1.0
mcq_214,concept_51,mcq_tests_concept,1.0
mcq_214,concept_65,mcq_tests_concept,1.0
mcq_214,concept_84,mcq_tests_concept,1.0
mcq_214,concept_90,mcq_tests_concept,1.0
mcq_214,concept_95,mcq_tests_concept,1.0
mcq_214,concept_120,mcq_tests_concept,1.0
mcq_214,concept_121,mcq_tests_concept,1.0
mcq_214,concept_145,mcq_tests_concept,1.0
mcq_215,concept_3,mcq_tests_concept,1.0
mcq_215,concept_95,mcq_tests_concept,1.0
mcq_215,concept_137,mcq_tests_concept,1.0
mcq_215,concept_145,mcq_tests_concept,1.0
mcq_216,concept_3,mcq_tests_concept,1.0
mcq_216,concept_33,mcq_tests_concept,1.0
mcq_216,concept_50,mcq_tests_concept,1.0
mcq_216,concept_81,mcq_tests_concept,1.0
mcq_216,concept_98,mcq_tests_concept,1.0
mcq_216,concept_115,mcq_tests_concept,1.0
mcq_217,concept_3,mcq_tests_concept,1.0
mcq_217,concept_39,mcq_tests_concept,1.0
mcq_217,concept_43,mcq_tests_concept,1.0
mcq_217,concept_65,mcq_tests_concept,1.0
mcq_217,concept_81,mcq_tests_concept,1.0
mcq_217,concept_121,mcq_tests_concept,1.0
mcq_218,concept_3,mcq_tests_concept,1.0
mcq_218,concept_33,mcq_tests_concept,1.0
mcq_218,concept_95,mcq_tests_concept,1.0
mcq_218,concept_98,mcq_tests_concept,1.0
mcq_218,concept_115,mcq_tests_concept,1.0
mcq_218,concept_120,mcq_tests_concept,1.0
mcq_219,concept_3,mcq_tests_concept,1.0
mcq_219,concept_11,mcq_tests_concept,1.0
mcq_219,concept_18,mcq_tests_concept,1.0
mcq_219,concept_50,mcq_tests_concept,1.0
mcq_219,concept_51,mcq_tests_concept,1.0
mcq_219,concept_80,mcq_tests_concept,1.0
mcq_219,concept_83,mcq_tests_concept,1.0
mcq_219,concept_90,mcq_tests_concept,1.0
mcq_219,concept_95,mcq_tests_concept,1.0
mcq_219,concept_98,mcq_tests_concept,1.0
mcq_219,concept_120,mcq_tests_concept,1.0
mcq_219,concept_145,mcq_tests_concept,1.0
mcq_220,concept_3,mcq_tests_concept,1.0
mcq_220,concept_39,mcq_tests_concept,1.0
mcq_220,concept_67,mcq_tests_concept,1.0
mcq_220,concept_84,mcq_tests_concept,1.0
mcq_221,concept_39,mcq_tests_concept,1.0
mcq_221,concept_95,mcq_tests_concept,1.0
mcq_222,concept_3,mcq_tests_concept,1.0
mcq_222,concept_33,mcq_tests_concept,1.0
mcq_222,concept_95,mcq_tests_concept,1.0
mcq_222,concept_98,mcq_tests_concept,1.0
mcq_222,concept_115,mcq_tests_concept,1.0
mcq_222,concept_120,mcq_tests_concept,1.0
mcq_223,concept_3,mcq_tests_concept,1.0
mcq_223,concept_39,mcq_tests_concept,1.0
mcq_223,concept_40,mcq_tests_concept,1.0
mcq_223,concept_43,mcq_tests_concept,1.0
mcq_223,concept_65,mcq_tests_concept,1.0
mcq_223,concept_81,mcq_tests_concept,1.0
mcq_223,concept_121,mcq_tests_concept,1.0
mcq_224,concept_3,mcq_tests_concept,1.0
mcq_224,concept_33,mcq_tests_concept,1.0
mcq_224,concept_50,mcq_tests_concept,1.0
mcq_224,concept_81,mcq_tests_concept,1.0
mcq_224,concept_98,mcq_tests_concept,1.0
mcq_224,concept_115,mcq_tests_concept,1.0
mcq_225,concept_39,mcq_tests_concept,1.0
mcq_225,concept_67,mcq_tests_concept,1.0
mcq_225,concept_95,mcq_tests_concept,1.0
mcq_226,concept_3,mcq_tests_concept,1.0
mcq_226,concept_39,mcq_tests_concept,1.0
mcq_226,concept_51,mcq_tests_concept,1.0
mcq_226,concept_66,mcq_tests_concept,1.0
mcq_226,concept_78,mcq_tests_concept,1.0
mcq_227,concept_3,mcq_tests_concept,1.0
mcq_227,concept_95,mcq_tests_concept,1.0
mcq_227,concept_137,mcq_tests_concept,1.0
mcq_227,concept_145,mcq_tests_concept,1.0
mcq_228,concept_3,mcq_tests_concept,1.0
mcq_228,concept_11,mcq_tests_concept,1.0
mcq_228,concept_18,mcq_tests_concept,1.0
mcq_228,concept_50,mcq_tests_concept,1.0
mcq_228,concept_51,mcq_tests_concept,1.0
mcq_228,concept_80,mcq_tests_concept,1.0
mcq_228,concept_83,mcq_tests_concept,1.0
mcq_228,concept_90,mcq_tests_concept,1.0
mcq_228,concept_95,mcq_tests_concept,1.0
mcq_228,concept_120,mcq_tests_concept,1.0
mcq_228,concept_145,mcq_tests_concept,1.0
mcq_229,concept_3,mcq_tests_concept,1.0
mcq_229,concept_98,mcq_tests_concept,1.0
mcq_230,concept_3,mcq_tests_concept,1.0
mcq_230,concept_50,mcq_tests_concept,1.0
mcq_230,concept_98,mcq_tests_concept,1.0
mcq_230,concept_115,mcq_tests_concept,1.0
mcq_231,concept_3,mcq_tests_concept,1.0
mcq_231,concept_50,mcq_tests_concept,1.0
mcq_231,concept_51,mcq_tests_concept,1.0
mcq_231,concept_65,mcq_tests_concept,1.0
mcq_231,concept_84,mcq_tests_concept,1.0
mcq_231,concept_90,mcq_tests_concept,1.0
mcq_231,concept_95,mcq_tests_concept,1.0
mcq_231,concept_120,mcq_tests_concept,1.0
mcq_231,concept_121,mcq_tests_concept,1.0
mcq_231,concept_145,mcq_tests_concept,1.0
mcq_232,concept_3,mcq_tests_concept,1.0
mcq_232,concept_39,mcq_tests_concept,1.0
mcq_232,concept_85,mcq_tests_concept,1.0
mcq_232,concept_95,mcq_tests_concept,1.0
mcq_233,concept_3,mcq_tests_concept,1.0
mcq_233,concept_18,mcq_tests_concept,1.0
mcq_233,concept_39,mcq_tests_concept,1.0
mcq_233,concept_43,mcq_tests_concept,1.0
mcq_233,concept_51,mcq_tests_concept,1.0
mcq_233,concept_84,mcq_tests_concept,1.0
mcq_233,concept_95,mcq_tests_concept,1.0
mcq_233,concept_98,mcq_tests_concept,1.0
mcq_233,concept_120,mcq_tests_concept,1.0
mcq_233,concept_121,mcq_tests_concept,1.0
mcq_233,concept_145,mcq_tests_concept,1.0
mcq_234,concept_3,mcq_tests_concept,1.0
mcq_234,concept_39,mcq_tests_concept,1.0
mcq_234,concept_67,mcq_tests_concept,1.0
mcq_234,concept_78,mcq_tests_concept,1.0
mcq_234,concept_90,mcq_tests_concept,1.0
mcq_235,concept_3,mcq_tests_concept,1.0
mcq_235,concept_10,mcq_tests_concept,1.0
mcq_235,concept_90,mcq_tests_concept,1.0
mcq_236,concept_3,mcq_tests_concept,1.0
mcq_236,concept_18,mcq_tests_concept,1.0
mcq_236,concept_51,mcq_tests_concept,1.0
mcq_236,concept_84,mcq_tests_concept,1.0
mcq_236,concept_90,mcq_tests_concept,1.0
mcq_236,concept_95,mcq_tests_concept,1.0
mcq_236,concept_98,mcq_tests_concept,1.0
mcq_236,concept_120,mcq_tests_concept,1.0
mcq_236,concept_121,mcq_tests_concept,1.0
mcq_236,concept_145,mcq_tests_concept,1.0
mcq_237,concept_3,mcq_tests_concept,1.0
mcq_237,concept_18,mcq_tests_concept,1.0
mcq_237,concept_51,mcq_tests_concept,1.0
mcq_237,concept_84,mcq_tests_concept,1.0
mcq_237,concept_90,mcq_tests_concept,1.0
mcq_237,concept_95,mcq_tests_concept,1.0
mcq_237,concept_120,mcq_tests_concept,1.0
mcq_237,concept_121,mcq_tests_concept,1.0
mcq_237,concept_145,mcq_tests_concept,1.0
mcq_238,concept_39,mcq_tests_concept,1.0
mcq_239,concept_3,mcq_tests_concept,1.0
mcq_239,concept_85,mcq_tests_concept,1.0
mcq_240,concept_95,mcq_tests_concept,1.0
mcq_240,concept_98,mcq_tests_concept,1.0
mcq_240,concept_100,mcq_tests_concept,1.0
mcq_240,concept_116,mcq_tests_concept,1.0
mcq_240,concept_145,mcq_tests_concept,1.0
mcq_241,concept_3,mcq_tests_concept,1.0
mcq_241,concept_98,mcq_tests_concept,1.0
mcq_241,concept_115,mcq_tests_concept,1.0
mcq_242,concept_3,mcq_tests_concept,1.0
mcq_242,concept_86,mcq_tests_concept,1.0
mcq_242,concept_95,mcq_tests_concept,1.0
mcq_242,concept_99,mcq_tests_concept,1.0
mcq_242,concept_116,mcq_tests_concept,1.0
mcq_242,concept_123,mcq_tests_concept,1.0
mcq_242,concept_145,mcq_tests_concept,1.0
mcq_243,concept_3,mcq_tests_concept,1.0
mcq_243,concept_95,mcq_tests_concept,1.0
mcq_243,concept_137,mcq_tests_concept,1.0
mcq_243,concept_145,mcq_tests_concept,1.0
mcq_244,concept_3,mcq_tests_concept,1.0
mcq_244,concept_86,mcq_tests_concept,1.0
mcq_244,concept_95,mcq_tests_concept,1.0
mcq_244,concept_99,mcq_tests_concept,1.0
mcq_244,concept_116,mcq_tests_concept,1.0
mcq_244,concept_123,mcq_tests_concept,1.0
mcq_244,concept_145,mcq_tests_concept,1.0
mcq_245,concept_3,mcq_tests_concept,1.0
mcq_245,concept_86,mcq_tests_concept,1.0
mcq_245,concept_99,mcq_tests_concept,1.0
mcq_245,concept_116,mcq_tests_concept,1.0
mcq_245,concept_123,mcq_tests_concept,1.0
mcq_246,concept_39,mcq_tests_concept,1.0
mcq_246,concept_67,mcq_tests_concept,1.0
mcq_246,concept_95,mcq_tests_concept,1.0
mcq_247,concept_3,mcq_tests_concept,1.0
mcq_247,concept_86,mcq_tests_concept,1.0
mcq_247,concept_99,mcq_tests_concept,1.0
mcq_247,concept_116,mcq_tests_concept,1.0
mcq_247,concept_123,mcq_tests_concept,1.0
mcq_248,concept_33,mcq_tests_concept,1.0
mcq_248,concept_50,mcq_tests_concept,1.0
mcq_248,concept_81,mcq_tests_concept,1.0
mcq_248,concept_98,mcq_tests_concept,1.0
mcq_249,concept_3,mcq_tests_concept,1.0
mcq_249,concept_31,mcq_tests_concept,1.0
mcq_249,concept_95,mcq_tests_concept,1.0
mcq_249,concept_98,mcq_tests_concept,1.0
mcq_249,concept_115,mcq_tests_concept,1.0
mcq_249,concept_145,mcq_tests_concept,1.0
mcq_250,concept_3,mcq_tests_concept,1.0
mcq_250,concept_18,mcq_tests_concept,1.0
mcq_250,concept_51,mcq_tests_concept,1.0
mcq_250,concept_120,mcq_tests_concept,1.0
mcq_251,concept_33,mcq_tests_concept,1.0
mcq_251,concept_95,mcq_tests_concept,1.0
mcq_251,concept_98,mcq_tests_concept,1.0
mcq_251,concept_115,mcq_tests_concept,1.0
mcq_252,concept_3,mcq_tests_concept,1.0
mcq_252,concept_18,mcq_tests_concept,1.0
mcq_252,concept_51,mcq_tests_concept,1.0
mcq_252,concept_120,mcq_tests_concept,1.0
mcq_252,concept_121,mcq_tests_concept,1.0
mcq_253,concept_3,mcq_tests_concept,1.0
mcq_253,concept_85,mcq_tests_concept,1.0
mcq_253,concept_90,mcq_tests_concept,1.0
mcq_254,concept_3,mcq_tests_concept,1.0
mcq_254,concept_33,mcq_tests_concept,1.0
mcq_254,concept_95,mcq_tests_concept,1.0
mcq_254,concept_98,mcq_tests_concept,1.0
mcq_254,concept_115,mcq_tests_concept,1.0
mcq_254,concept_120,mcq_tests_concept,1.0
mcq_255,concept_3,mcq_tests_concept,1.0
mcq_255,concept_32,mcq_tests_concept,1.0
mcq_255,concept_39,mcq_tests_concept,1.0
mcq_255,concept_43,mcq_tests_concept,1.0
mcq_255,concept_58,mcq_tests_concept,1.0
mcq_255,concept_61,mcq_tests_concept,1.0
mcq_255,concept_62,mcq_tests_concept,1.0
mcq_256,concept_39,mcq_tests_concept,1.0
mcq_256,concept_95,mcq_tests_concept,1.0
mcq_257,concept_3,mcq_tests_concept,1.0
mcq_257,concept_95,mcq_tests_concept,1.0
mcq_257,concept_137,mcq_tests_concept,1.0
mcq_257,concept_145,mcq_tests_concept,1.0
mcq_258,concept_50,mcq_tests_concept,1.0
mcq_258,concept_90,mcq_tests_concept,1.0
mcq_258,concept_91,mcq_tests_concept,1.0
mcq_258,concept_95,mcq_tests_concept,1.0
mcq_258,concept_102,mcq_tests_concept,1.0
mcq_258,concept_114,mcq_tests_concept,1.0
mcq_258,concept_145,mcq_tests_concept,1.0
mcq_259,concept_23,mcq_tests_concept,1.0
mcq_259,concept_24,mcq_tests_concept,1.0
mcq_259,concept_33,mcq_tests_concept,1.0
mcq_259,concept_38,mcq_tests_concept,1.0
mcq_259,concept_40,mcq_tests_concept,1.0
mcq_259,concept_95,mcq_tests_concept,1.0
mcq_259,concept_98,mcq_tests_concept,1.0
mcq_259,concept_102,mcq_tests_concept,1.0
mcq_259,concept_124,mcq_tests_concept,1.0
mcq_260,concept_3,mcq_tests_concept,1.0
mcq_260,concept_33,mcq_tests_concept,1.0
mcq_260,concept_38,mcq_tests_concept,1.0
mcq_260,concept_95,mcq_tests_concept,1.0
mcq_260,concept_98,mcq_tests_concept,1.0
mcq_260,concept_102,mcq_tests_concept,1.0
mcq_260,concept_103,mcq_tests_concept,1.0
mcq_260,concept_145,mcq_tests_concept,1.0
mcq_260,concept_169,mcq_tests_concept,1.0
mcq_261,concept_3,mcq_tests_concept,1.0
mcq_261,concept_66,mcq_tests_concept,1.0
mcq_261,concept_95,mcq_tests_concept,1.0
mcq_261,concept_98,mcq_tests_concept,1.0
mcq_261,concept_99,mcq_tests_concept,1.0
mcq_261,concept_145,mcq_tests_concept,1.0
mcq_262,concept_3,mcq_tests_concept,1.0
mcq_262,concept_98,mcq_tests_concept,1.0
mcq_262,concept_99,mcq_tests_concept,1.0
mcq_262,concept_100,mcq_tests_concept,1.0
mcq_262,concept_101,mcq_tests_concept,1.0
mcq_263,concept_3,mcq_tests_concept,1.0
mcq_263,concept_33,mcq_tests_concept,1.0
mcq_263,concept_38,mcq_tests_concept,1.0
mcq_263,concept_95,mcq_tests_concept,1.0
mcq_263,concept_101,mcq_tests_concept,1.0
mcq_263,concept_102,mcq_tests_concept,1.0
mcq_263,concept_116,mcq_tests_concept,1.0
mcq_264,concept_3,mcq_tests_concept,1.0
mcq_264,concept_38,mcq_tests_concept,1.0
mcq_264,concept_102,mcq_tests_concept,1.0
mcq_264,concept_116,mcq_tests_concept,1.0
mcq_264,concept_124,mcq_tests_concept,1.0
mcq_265,concept_3,mcq_tests_concept,1.0
mcq_265,concept_95,mcq_tests_concept,1.0
mcq_265,concept_123,mcq_tests_concept,1.0
mcq_265,concept_145,mcq_tests_concept,1.0
mcq_266,concept_3,mcq_tests_concept,1.0
mcq_266,concept_66,mcq_tests_concept,1.0
mcq_266,concept_69,mcq_tests_concept,1.0
mcq_266,concept_95,mcq_tests_concept,1.0
mcq_266,concept_145,mcq_tests_concept,1.0
mcq_267,concept_38,mcq_tests_concept,1.0
mcq_267,concept_102,mcq_tests_concept,1.0
mcq_268,concept_3,mcq_tests_concept,1.0
mcq_268,concept_95,mcq_tests_concept,1.0
mcq_269,concept_3,mcq_tests_concept,1.0
mcq_269,concept_38,mcq_tests_concept,1.0
mcq_269,concept_78,mcq_tests_concept,1.0
mcq_269,concept_95,mcq_tests_concept,1.0
mcq_269,concept_102,mcq_tests_concept,1.0
mcq_269,concept_145,mcq_tests_concept,1.0
mcq_270,concept_3,mcq_tests_concept,1.0
mcq_270,concept_6,mcq_tests_concept,1.0
mcq_270,concept_33,mcq_tests_concept,1.0
mcq_270,concept_38,mcq_tests_concept,1.0
mcq_270,concept_78,mcq_tests_concept,1.0
mcq_270,concept_102,mcq_tests_concept,1.0
mcq_271,concept_3,mcq_tests_concept,1.0
mcq_271,concept_38,mcq_tests_concept,1.0
mcq_271,concept_95,mcq_tests_concept,1.0
mcq_271,concept_102,mcq_tests_concept,1.0
mcq_271,concept_145,mcq_tests_concept,1.0
mcq_272,concept_15,mcq_tests_concept,1.0
mcq_272,concept_16,mcq_tests_concept,1.0
mcq_272,concept_95,mcq_tests_concept,1.0
mcq_272,concept_114,mcq_tests_concept,1.0
mcq_273,concept_95,mcq_tests_concept,1.0
mcq_273,concept_113,mcq_tests_concept,1.0
mcq_273,concept_114,mcq_tests_concept,1.0
mcq_273,concept_116,mcq_tests_concept,1.0
mcq_274,concept_3,mcq_tests_concept,1.0
mcq_274,concept_10,mcq_tests_concept,1.0
mcq_274,concept_23,mcq_tests_concept,1.0
mcq_274,concept_51,mcq_tests_concept,1.0
mcq_274,concept_80,mcq_tests_concept,1.0
mcq_274,concept_84,mcq_tests_concept,1.0
mcq_274,concept_95,mcq_tests_concept,1.0
mcq_274,concept_102,mcq_tests_concept,1.0
mcq_274,concept_105,mcq_tests_concept,1.0
mcq_274,concept_114,mcq_tests_concept,1.0
mcq_274,concept_123,mcq_tests_concept,1.0
mcq_274,concept_131,mcq_tests_concept,1.0
mcq_274,concept_145,mcq_tests_concept,1.0
mcq_274,concept_169,mcq_tests_concept,1.0
mcq_275,concept_95,mcq_tests_concept,1.0
mcq_275,concept_98,mcq_tests_concept,1.0
mcq_275,concept_100,mcq_tests_concept,1.0
mcq_275,concept_114,mcq_tests_concept,1.0
mcq_276,concept_90,mcq_tests_concept,1.0
mcq_276,concept_111,mcq_tests_concept,1.0
mcq_276,concept_112,mcq_tests_concept,1.0
mcq_277,concept_90,mcq_tests_concept,1.0
mcq_277,concept_111,mcq_tests_concept,1.0
mcq_277,concept_112,mcq_tests_concept,1.0
mcq_278,concept_90,mcq_tests_concept,1.0
mcq_278,concept_111,mcq_tests_concept,1.0
mcq_279,concept_116,mcq_tests_concept,1.0
mcq_279,concept_118,mcq_tests_concept,1.0
mcq_280,concept_116,mcq_tests_concept,1.0
mcq_280,concept_118,mcq_tests_concept,1.0
mcq_281,concept_3,mcq_tests_concept,1.0
mcq_281,concept_40,mcq_tests_concept,1.0
mcq_282,concept_3,mcq_tests_concept,1.0
mcq_282,concept_95,mcq_tests_concept,1.0
mcq_283,concept_90,mcq_tests_concept,1.0
mcq_284,concept_169,mcq_tests_concept,1.0
mcq_285,concept_3,mcq_tests_concept,1.0
mcq_285,concept_109,mcq_tests_concept,1.0
mcq_286,concept_3,mcq_tests_concept,1.0
mcq_286,concept_10,mcq_tests_concept,1.0
mcq_286,concept_51,mcq_tests_concept,1.0
mcq_286,concept_95,mcq_tests_concept,1.0
mcq_286,concept_145,mcq_tests_concept,1.0
mcq_286,concept_169,mcq_tests_concept,1.0
mcq_287,concept_3,mcq_tests_concept,1.0
mcq_287,concept_15,mcq_tests_concept,1.0
mcq_287,concept_16,mcq_tests_concept,1.0
mcq_287,concept_95,mcq_tests_concept,1.0
mcq_287,concept_105,mcq_tests_concept,1.0
mcq_288,concept_3,mcq_tests_concept,1.0
mcq_288,concept_95,mcq_tests_concept,1.0
mcq_288,concept_98,mcq_tests_concept,1.0
mcq_288,concept_105,mcq_tests_concept,1.0
mcq_288,concept_106,mcq_tests_concept,1.0
mcq_288,concept_107,mcq_tests_concept,1.0
mcq_288,concept_115,mcq_tests_concept,1.0
mcq_288,concept_124,mcq_tests_concept,1.0
mcq_289,concept_3,mcq_tests_concept,1.0
mcq_289,concept_16,mcq_tests_concept,1.0
mcq_289,concept_95,mcq_tests_concept,1.0
mcq_289,concept_98,mcq_tests_concept,1.0
mcq_289,concept_105,mcq_tests_concept,1.0
mcq_289,concept_115,mcq_tests_concept,1.0
mcq_290,concept_3,mcq_tests_concept,1.0
mcq_290,concept_95,mcq_tests_concept,1.0
mcq_290,concept_98,mcq_tests_concept,1.0
mcq_290,concept_107,mcq_tests_concept,1.0
mcq_290,concept_115,mcq_tests_concept,1.0
mcq_290,concept_123,mcq_tests_concept,1.0
mcq_290,concept_124,mcq_tests_concept,1.0
mcq_291,concept_3,mcq_tests_concept,1.0
mcq_291,concept_98,mcq_tests_concept,1.0
mcq_291,concept_105,mcq_tests_concept,1.0
mcq_291,concept_115,mcq_tests_concept,1.0
mcq_291,concept_124,mcq_tests_concept,1.0
mcq_292,concept_3,mcq_tests_concept,1.0
mcq_292,concept_105,mcq_tests_concept,1.0
mcq_292,concept_106,mcq_tests_concept,1.0
mcq_293,concept_3,mcq_tests_concept,1.0
mcq_293,concept_105,mcq_tests_concept,1.0
mcq_293,concept_106,mcq_tests_concept,1.0
mcq_293,concept_113,mcq_tests_concept,1.0
mcq_293,concept_114,mcq_tests_concept,1.0
mcq_294,concept_3,mcq_tests_concept,1.0
mcq_294,concept_95,mcq_tests_concept,1.0
mcq_294,concept_98,mcq_tests_concept,1.0
mcq_294,concept_105,mcq_tests_concept,1.0
mcq_294,concept_106,mcq_tests_concept,1.0
mcq_295,concept_3,mcq_tests_concept,1.0
mcq_295,concept_10,mcq_tests_concept,1.0
mcq_295,concept_102,mcq_tests_concept,1.0
mcq_295,concept_105,mcq_tests_concept,1.0
mcq_295,concept_120,mcq_tests_concept,1.0
mcq_295,concept_124,mcq_tests_concept,1.0
mcq_295,concept_131,mcq_tests_concept,1.0
mcq_295,concept_169,mcq_tests_concept,1.0
mcq_295,concept_171,mcq_tests_concept,1.0
mcq_296,concept_3,mcq_tests_concept,1.0
mcq_296,concept_105,mcq_tests_concept,1.0
mcq_297,concept_3,mcq_tests_concept,1.0
mcq_297,concept_105,mcq_tests_concept,1.0
mcq_298,concept_3,mcq_tests_concept,1.0
mcq_298,concept_105,mcq_tests_concept,1.0
mcq_298,concept_106,mcq_tests_concept,1.0
mcq_298,concept_109,mcq_tests_concept,1.0
mcq_299,concept_3,mcq_tests_concept,1.0
mcq_299,concept_95,mcq_tests_concept,1.0
mcq_299,concept_105,mcq_tests_concept,1.0
mcq_300,concept_50,mcq_tests_concept,1.0
mcq_300,concept_113,mcq_tests_concept,1.0
mcq_300,concept_114,mcq_tests_concept,1.0
mcq_300,concept_155,mcq_tests_concept,1.0
mcq_301,concept_50,mcq_tests_concept,1.0
mcq_301,concept_113,mcq_tests_concept,1.0
mcq_301,concept_114,mcq_tests_concept,1.0
mcq_302,concept_3,mcq_tests_concept,1.0
mcq_302,concept_95,mcq_tests_concept,1.0
mcq_302,concept_113,mcq_tests_concept,1.0
mcq_302,concept_114,mcq_tests_concept,1.0
mcq_302,concept_123,mcq_tests_concept,1.0
mcq_302,concept_145,mcq_tests_concept,1.0
mcq_303,concept_86,mcq_tests_concept,1.0
mcq_303,concept_90,mcq_tests_concept,1.0
mcq_303,concept_95,mcq_tests_concept,1.0
mcq_303,concept_108,mcq_tests_concept,1.0
mcq_303,concept_111,mcq_tests_concept,1.0
mcq_303,concept_116,mcq_tests_concept,1.0
mcq_303,concept_145,mcq_tests_concept,1.0
mcq_304,concept_90,mcq_tests_concept,1.0
mcq_304,concept_95,mcq_tests_concept,1.0
mcq_304,concept_116,mcq_tests_concept,1.0
mcq_304,concept_145,mcq_tests_concept,1.0
mcq_304,concept_188,mcq_tests_concept,1.0
mcq_305,concept_50,mcq_tests_concept,1.0
mcq_305,concept_95,mcq_tests_concept,1.0
mcq_305,concept_109,mcq_tests_concept,1.0
mcq_305,concept_145,mcq_tests_concept,1.0
mcq_306,concept_3,mcq_tests_concept,1.0
mcq_306,concept_95,mcq_tests_concept,1.0
mcq_306,concept_110,mcq_tests_concept,1.0
mcq_306,concept_145,mcq_tests_concept,1.0
mcq_307,concept_3,mcq_tests_concept,1.0
mcq_307,concept_95,mcq_tests_concept,1.0
mcq_307,concept_105,mcq_tests_concept,1.0
mcq_307,concept_145,mcq_tests_concept,1.0
mcq_308,concept_3,mcq_tests_concept,1.0
mcq_308,concept_10,mcq_tests_concept,1.0
mcq_308,concept_95,mcq_tests_concept,1.0
mcq_308,concept_98,mcq_tests_concept,1.0
mcq_308,concept_105,mcq_tests_concept,1.0
mcq_308,concept_107,mcq_tests_concept,1.0
mcq_308,concept_115,mcq_tests_concept,1.0
mcq_308,concept_123,mcq_tests_concept,1.0
mcq_308,concept_124,mcq_tests_concept,1.0
mcq_308,concept_145,mcq_tests_concept,1.0
mcq_309,concept_3,mcq_tests_concept,1.0
mcq_309,concept_95,mcq_tests_concept,1.0
mcq_309,concept_105,mcq_tests_concept,1.0
mcq_309,concept_106,mcq_tests_concept,1.0
mcq_309,concept_145,mcq_tests_concept,1.0
mcq_310,concept_2,mcq_tests_concept,1.0
mcq_310,concept_3,mcq_tests_concept,1.0
mcq_310,concept_95,mcq_tests_concept,1.0
mcq_310,concept_109,mcq_tests_concept,1.0
mcq_310,concept_110,mcq_tests_concept,1.0
mcq_310,concept_145,mcq_tests_concept,1.0
mcq_311,concept_3,mcq_tests_concept,1.0
mcq_311,concept_95,mcq_tests_concept,1.0
mcq_311,concept_105,mcq_tests_concept,1.0
mcq_311,concept_106,mcq_tests_concept,1.0
mcq_311,concept_145,mcq_tests_concept,1.0
mcq_312,concept_2,mcq_tests_concept,1.0
mcq_312,concept_84,mcq_tests_concept,1.0
mcq_313,concept_2,mcq_tests_concept,1.0
mcq_313,concept_3,mcq_tests_concept,1.0
mcq_313,concept_10,mcq_tests_concept,1.0
mcq_313,concept_50,mcq_tests_concept,1.0
mcq_313,concept_51,mcq_tests_concept,1.0
mcq_313,concept_95,mcq_tests_concept,1.0
mcq_313,concept_120,mcq_tests_concept,1.0
mcq_314,concept_2,mcq_tests_concept,1.0
mcq_314,concept_3,mcq_tests_concept,1.0
mcq_314,concept_8,mcq_tests_concept,1.0
mcq_314,concept_31,mcq_tests_concept,1.0
mcq_315,concept_2,mcq_tests_concept,1.0
mcq_315,concept_3,mcq_tests_concept,1.0
mcq_315,concept_10,mcq_tests_concept,1.0
mcq_315,concept_11,mcq_tests_concept,1.0
mcq_315,concept_50,mcq_tests_concept,1.0
mcq_315,concept_169,mcq_tests_concept,1.0
mcq_316,concept_2,mcq_tests_concept,1.0
mcq_316,concept_120,mcq_tests_concept,1.0
mcq_317,concept_2,mcq_tests_concept,1.0
mcq_317,concept_10,mcq_tests_concept,1.0
mcq_317,concept_11,mcq_tests_concept,1.0
mcq_317,concept_51,mcq_tests_concept,1.0
mcq_317,concept_120,mcq_tests_concept,1.0
mcq_317,concept_122,mcq_tests_concept,1.0
mcq_318,concept_2,mcq_tests_concept,1.0
mcq_318,concept_10,mcq_tests_concept,1.0
mcq_318,concept_51,mcq_tests_concept,1.0
mcq_318,concept_95,mcq_tests_concept,1.0
mcq_319,concept_2,mcq_tests_concept,1.0
mcq_319,concept_3,mcq_tests_concept,1.0
mcq_319,concept_8,mcq_tests_concept,1.0
mcq_319,concept_33,mcq_tests_concept,1.0
mcq_319,concept_95,mcq_tests_concept,1.0
mcq_320,concept_2,mcq_tests_concept,1.0
mcq_320,concept_33,mcq_tests_concept,1.0
mcq_320,concept_78,mcq_tests_concept,1.0
mcq_320,concept_95,mcq_tests_concept,1.0
mcq_320,concept_98,mcq_tests_concept,1.0
mcq_320,concept_102,mcq_tests_concept,1.0
mcq_320,concept_114,mcq_tests_concept,1.0
mcq_320,concept_115,mcq_tests_concept,1.0
mcq_321,concept_2,mcq_tests_concept,1.0
mcq_321,concept_10,mcq_tests_concept,1.0
mcq_321,concept_11,mcq_tests_concept,1.0
mcq_321,concept_15,mcq_tests_concept,1.0
mcq_321,concept_16,mcq_tests_concept,1.0
mcq_321,concept_51,mcq_tests_concept,1.0
mcq_321,concept_95,mcq_tests_concept,1.0
mcq_321,concept_120,mcq_tests_concept,1.0
mcq_321,concept_122,mcq_tests_concept,1.0
mcq_322,concept_24,mcq_tests_concept,1.0
mcq_322,concept_44,mcq_tests_concept,1.0
mcq_322,concept_86,mcq_tests_concept,1.0
mcq_322,concept_95,mcq_tests_concept,1.0
mcq_322,concept_116,mcq_tests_concept,1.0
mcq_322,concept_145,mcq_tests_concept,1.0
mcq_323,concept_3,mcq_tests_concept,1.0
mcq_323,concept_24,mcq_tests_concept,1.0
mcq_323,concept_40,mcq_tests_concept,1.0
mcq_323,concept_41,mcq_tests_concept,1.0
mcq_323,concept_42,mcq_tests_concept,1.0
mcq_323,concept_86,mcq_tests_concept,1.0
mcq_323,concept_95,mcq_tests_concept,1.0
mcq_323,concept_98,mcq_tests_concept,1.0
mcq_323,concept_116,mcq_tests_concept,1.0
mcq_323,concept_145,mcq_tests_concept,1.0
mcq_323,concept_163,mcq_tests_concept,1.0
mcq_323,concept_169,mcq_tests_concept,1.0
mcq_324,concept_3,mcq_tests_concept,1.0
mcq_324,concept_24,mcq_tests_concept,1.0
mcq_324,concept_40,mcq_tests_concept,1.0
mcq_324,concept_41,mcq_tests_concept,1.0
mcq_324,concept_42,mcq_tests_concept,1.0
mcq_324,concept_86,mcq_tests_concept,1.0
mcq_324,concept_95,mcq_tests_concept,1.0
mcq_324,concept_98,mcq_tests_concept,1.0
mcq_324,concept_116,mcq_tests_concept,1.0
mcq_324,concept_145,mcq_tests_concept,1.0
mcq_324,concept_163,mcq_tests_concept,1.0
mcq_324,concept_169,mcq_tests_concept,1.0
mcq_325,concept_3,mcq_tests_concept,1.0
mcq_325,concept_24,mcq_tests_concept,1.0
mcq_325,concept_40,mcq_tests_concept,1.0
mcq_325,concept_41,mcq_tests_concept,1.0
mcq_325,concept_42,mcq_tests_concept,1.0
mcq_325,concept_86,mcq_tests_concept,1.0
mcq_325,concept_95,mcq_tests_concept,1.0
mcq_325,concept_98,mcq_tests_concept,1.0
mcq_325,concept_116,mcq_tests_concept,1.0
mcq_325,concept_145,mcq_tests_concept,1.0
mcq_325,concept_163,mcq_tests_concept,1.0
mcq_325,concept_169,mcq_tests_concept,1.0
mcq_326,concept_24,mcq_tests_concept,1.0
mcq_326,concept_44,mcq_tests_concept,1.0
mcq_326,concept_86,mcq_tests_concept,1.0
mcq_326,concept_95,mcq_tests_concept,1.0
mcq_326,concept_116,mcq_tests_concept,1.0
mcq_326,concept_145,mcq_tests_concept,1.0
mcq_327,concept_24,mcq_tests_concept,1.0
mcq_327,concept_44,mcq_tests_concept,1.0
mcq_327,concept_86,mcq_tests_concept,1.0
mcq_327,concept_95,mcq_tests_concept,1.0
mcq_327,concept_116,mcq_tests_concept,1.0
mcq_327,concept_145,mcq_tests_concept,1.0
mcq_328,concept_3,mcq_tests_concept,1.0
mcq_328,concept_24,mcq_tests_concept,1.0
mcq_328,concept_40,mcq_tests_concept,1.0
mcq_328,concept_41,mcq_tests_concept,1.0
mcq_328,concept_42,mcq_tests_concept,1.0
mcq_328,concept_86,mcq_tests_concept,1.0
mcq_328,concept_95,mcq_tests_concept,1.0
mcq_328,concept_98,mcq_tests_concept,1.0
mcq_328,concept_116,mcq_tests_concept,1.0
mcq_328,concept_145,mcq_tests_concept,1.0
mcq_328,concept_163,mcq_tests_concept,1.0
mcq_328,concept_169,mcq_tests_concept,1.0
mcq_329,concept_126,mcq_tests_concept,1.0
mcq_330,concept_41,mcq_tests_concept,1.0
mcq_330,concept_95,mcq_tests_concept,1.0
mcq_330,concept_126,mcq_tests_concept,1.0
mcq_331,concept_3,mcq_tests_concept,1.0
mcq_331,concept_50,mcq_tests_concept,1.0
mcq_331,concept_126,mcq_tests_concept,1.0
mcq_331,concept_133,mcq_tests_concept,1.0
mcq_331,concept_143,mcq_tests_concept,1.0
mcq_331,concept_180,mcq_tests_concept,1.0
mcq_332,concept_3,mcq_tests_concept,1.0
mcq_332,concept_126,mcq_tests_concept,1.0
mcq_332,concept_133,mcq_tests_concept,1.0
mcq_332,concept_135,mcq_tests_concept,1.0
mcq_332,concept_143,mcq_tests_concept,1.0
mcq_333,concept_3,mcq_tests_concept,1.0
mcq_333,concept_126,mcq_tests_concept,1.0
mcq_333,concept_133,mcq_tests_concept,1.0
mcq_333,concept_143,mcq_tests_concept,1.0
mcq_334,concept_3,mcq_tests_concept,1.0
mcq_334,concept_37,mcq_tests_concept,1.0
mcq_334,concept_69,mcq_tests_concept,1.0
mcq_334,concept_126,mcq_tests_concept,1.0
mcq_334,concept_127,mcq_tests_concept,1.0
mcq_334,concept_133,mcq_tests_concept,1.0
mcq_334,concept_143,mcq_tests_concept,1.0
mcq_335,concept_3,mcq_tests_concept,1.0
mcq_335,concept_133,mcq_tests_concept,1.0
mcq_336,concept_3,mcq_tests_concept,1.0
mcq_336,concept_95,mcq_tests_concept,1.0
mcq_336,concept_133,mcq_tests_concept,1.0
mcq_337,concept_3,mcq_tests_concept,1.0
mcq_337,concept_126,mcq_tests_concept,1.0
mcq_337,concept_128,mcq_tests_concept,1.0
mcq_337,concept_169,mcq_tests_concept,1.0
mcq_338,concept_50,mcq_tests_concept,1.0
mcq_338,concept_126,mcq_tests_concept,1.0
mcq_338,concept_176,mcq_tests_concept,1.0
mcq_339,concept_3,mcq_tests_concept,1.0
mcq_339,concept_126,mcq_tests_concept,1.0
mcq_339,concept_133,mcq_tests_concept,1.0
mcq_339,concept_143,mcq_tests_concept,1.0
mcq_340,concept_15,mcq_tests_concept,1.0
mcq_340,concept_16,mcq_tests_concept,1.0
mcq_340,concept_95,mcq_tests_concept,1.0
mcq_340,concept_132,mcq_tests_concept,1.0
mcq_341,concept_3,mcq_tests_concept,1.0
mcq_341,concept_50,mcq_tests_concept,1.0
mcq_341,concept_133,mcq_tests_concept,1.0
mcq_342,concept_69,mcq_tests_concept,1.0
mcq_342,concept_126,mcq_tests_concept,1.0
mcq_342,concept_154,mcq_tests_concept,1.0
mcq_343,concept_3,mcq_tests_concept,1.0
mcq_343,concept_15,mcq_tests_concept,1.0
mcq_343,concept_16,mcq_tests_concept,1.0
mcq_343,concept_95,mcq_tests_concept,1.0
mcq_343,concept_126,mcq_tests_concept,1.0
mcq_343,concept_132,mcq_tests_concept,1.0
mcq_344,concept_3,mcq_tests_concept,1.0
mcq_344,concept_116,mcq_tests_concept,1.0
mcq_344,concept_126,mcq_tests_concept,1.0
mcq_345,concept_95,mcq_tests_concept,1.0
mcq_345,concept_116,mcq_tests_concept,1.0
mcq_345,concept_130,mcq_tests_concept,1.0
mcq_346,concept_95,mcq_tests_concept,1.0
mcq_346,concept_116,mcq_tests_concept,1.0
mcq_347,concept_3,mcq_tests_concept,1.0
mcq_347,concept_95,mcq_tests_concept,1.0
mcq_347,concept_116,mcq_tests_concept,1.0
mcq_348,concept_3,mcq_tests_concept,1.0
mcq_348,concept_95,mcq_tests_concept,1.0
mcq_348,concept_116,mcq_tests_concept,1.0
mcq_349,concept_116,mcq_tests_concept,1.0
mcq_350,concept_3,mcq_tests_concept,1.0
mcq_350,concept_95,mcq_tests_concept,1.0
mcq_350,concept_109,mcq_tests_concept,1.0
mcq_351,concept_102,mcq_tests_concept,1.0
mcq_351,concept_116,mcq_tests_concept,1.0
mcq_351,concept_131,mcq_tests_concept,1.0
mcq_352,concept_3,mcq_tests_concept,1.0
mcq_352,concept_116,mcq_tests_concept,1.0
mcq_353,concept_3,mcq_tests_concept,1.0
mcq_353,concept_95,mcq_tests_concept,1.0
mcq_353,concept_102,mcq_tests_concept,1.0
mcq_353,concept_131,mcq_tests_concept,1.0
mcq_353,concept_137,mcq_tests_concept,1.0
mcq_353,concept_145,mcq_tests_concept,1.0
mcq_354,concept_102,mcq_tests_concept,1.0
mcq_354,concept_123,mcq_tests_concept,1.0
mcq_354,concept_131,mcq_tests_concept,1.0
mcq_355,concept_102,mcq_tests_concept,1.0
mcq_355,concept_131,mcq_tests_concept,1.0
mcq_356,concept_3,mcq_tests_concept,1.0
mcq_356,concept_95,mcq_tests_concept,1.0
mcq_356,concept_137,mcq_tests_concept,1.0
mcq_356,concept_145,mcq_tests_concept,1.0
mcq_357,concept_23,mcq_tests_concept,1.0
mcq_357,concept_95,mcq_tests_concept,1.0
mcq_357,concept_102,mcq_tests_concept,1.0
mcq_357,concept_137,mcq_tests_concept,1.0
mcq_357,concept_138,mcq_tests_concept,1.0
mcq_358,concept_3,mcq_tests_concept,1.0
mcq_358,concept_23,mcq_tests_concept,1.0
mcq_358,concept_95,mcq_tests_concept,1.0
mcq_358,concept_137,mcq_tests_concept,1.0
mcq_358,concept_138,mcq_tests_concept,1.0
mcq_359,concept_16,mcq_tests_concept,1.0
mcq_359,concept_23,mcq_tests_concept,1.0
mcq_359,concept_95,mcq_tests_concept,1.0
mcq_359,concept_101,mcq_tests_concept,1.0
mcq_359,concept_137,mcq_tests_concept,1.0
mcq_359,concept_138,mcq_tests_concept,1.0
mcq_360,concept_23,mcq_tests_concept,1.0
mcq_360,concept_95,mcq_tests_concept,1.0
mcq_360,concept_137,mcq_tests_concept,1.0
mcq_360,concept_138,mcq_tests_concept,1.0
mcq_361,concept_3,mcq_tests_concept,1.0
mcq_361,concept_84,mcq_tests_concept,1.0
mcq_361,concept_102,mcq_tests_concept,1.0
mcq_361,concept_126,mcq_tests_concept,1.0
mcq_362,concept_3,mcq_tests_concept,1.0
mcq_362,concept_90,mcq_tests_concept,1.0
mcq_362,concept_102,mcq_tests_concept,1.0
mcq_363,concept_15,mcq_tests_concept,1.0
mcq_363,concept_16,mcq_tests_concept,1.0
mcq_363,concept_23,mcq_tests_concept,1.0
mcq_363,concept_95,mcq_tests_concept,1.0
mcq_363,concept_116,mcq_tests_concept,1.0
mcq_363,concept_132,mcq_tests_concept,1.0
mcq_363,concept_137,mcq_tests_concept,1.0
mcq_363,concept_138,mcq_tests_concept,1.0
mcq_363,concept_147,mcq_tests_concept,1.0
mcq_364,concept_3,mcq_tests_concept,1.0
mcq_364,concept_95,mcq_tests_concept,1.0
mcq_364,concept_126,mcq_tests_concept,1.0
mcq_364,concept_133,mcq_tests_concept,1.0
mcq_364,concept_143,mcq_tests_concept,1.0
mcq_364,concept_145,mcq_tests_concept,1.0
mcq_365,concept_3,mcq_tests_concept,1.0
mcq_365,concept_50,mcq_tests_concept,1.0
mcq_365,concept_95,mcq_tests_concept,1.0
mcq_365,concept_126,mcq_tests_concept,1.0
mcq_365,concept_133,mcq_tests_concept,1.0
mcq_365,concept_143,mcq_tests_concept,1.0
mcq_365,concept_145,mcq_tests_concept,1.0
mcq_366,concept_3,mcq_tests_concept,1.0
mcq_366,concept_127,mcq_tests_concept,1.0
mcq_367,concept_3,mcq_tests_concept,1.0
mcq_367,concept_90,mcq_tests_concept,1.0
mcq_367,concept_95,mcq_tests_concept,1.0
mcq_367,concept_102,mcq_tests_concept,1.0
mcq_367,concept_116,mcq_tests_concept,1.0
mcq_367,concept_131,mcq_tests_concept,1.0
mcq_367,concept_145,mcq_tests_concept,1.0
mcq_368,concept_3,mcq_tests_concept,1.0
mcq_368,concept_50,mcq_tests_concept,1.0
mcq_368,concept_95,mcq_tests_concept,1.0
mcq_368,concept_116,mcq_tests_concept,1.0
mcq_368,concept_145,mcq_tests_concept,1.0
mcq_369,concept_3,mcq_tests_concept,1.0
mcq_369,concept_90,mcq_tests_concept,1.0
mcq_369,concept_95,mcq_tests_concept,1.0
mcq_369,concept_102,mcq_tests_concept,1.0
mcq_369,concept_116,mcq_tests_concept,1.0
mcq_369,concept_131,mcq_tests_concept,1.0
mcq_369,concept_145,mcq_tests_concept,1.0
mcq_370,concept_86,mcq_tests_concept,1.0
mcq_370,concept_95,mcq_tests_concept,1.0
mcq_370,concept_116,mcq_tests_concept,1.0
mcq_370,concept_145,mcq_tests_concept,1.0
mcq_371,concept_16,mcq_tests_concept,1.0
mcq_371,concept_23,mcq_tests_concept,1.0
mcq_371,concept_95,mcq_tests_concept,1.0
mcq_371,concept_137,mcq_tests_concept,1.0
mcq_371,concept_138,mcq_tests_concept,1.0
mcq_371,concept_145,mcq_tests_concept,1.0
mcq_372,concept_3,mcq_tests_concept,1.0
mcq_372,concept_95,mcq_tests_concept,1.0
mcq_372,concept_126,mcq_tests_concept,1.0
mcq_372,concept_145,mcq_tests_concept,1.0
mcq_372,concept_147,mcq_tests_concept,1.0
mcq_373,concept_69,mcq_tests_concept,1.0
mcq_373,concept_90,mcq_tests_concept,1.0
mcq_373,concept_95,mcq_tests_concept,1.0
mcq_373,concept_102,mcq_tests_concept,1.0
mcq_373,concept_145,mcq_tests_concept,1.0
mcq_373,concept_154,mcq_tests_concept,1.0
mcq_374,concept_126,mcq_tests_concept,1.0
mcq_375,concept_3,mcq_tests_concept,1.0
mcq_375,concept_10,mcq_tests_concept,1.0
mcq_375,concept_51,mcq_tests_concept,1.0
mcq_375,concept_95,mcq_tests_concept,1.0
mcq_375,concept_116,mcq_tests_concept,1.0
mcq_375,concept_127,mcq_tests_concept,1.0
mcq_375,concept_145,mcq_tests_concept,1.0
mcq_375,concept_169,mcq_tests_concept,1.0
mcq_376,concept_3,mcq_tests_concept,1.0
mcq_376,concept_90,mcq_tests_concept,1.0
mcq_376,concept_95,mcq_tests_concept,1.0
mcq_376,concept_129,mcq_tests_concept,1.0
mcq_376,concept_186,mcq_tests_concept,1.0
mcq_377,concept_2,mcq_tests_concept,1.0
mcq_377,concept_3,mcq_tests_concept,1.0
mcq_377,concept_10,mcq_tests_concept,1.0
mcq_377,concept_69,mcq_tests_concept,1.0
mcq_377,concept_95,mcq_tests_concept,1.0
mcq_378,concept_3,mcq_tests_concept,1.0
mcq_378,concept_23,mcq_tests_concept,1.0
mcq_378,concept_35,mcq_tests_concept,1.0
mcq_378,concept_50,mcq_tests_concept,1.0
mcq_378,concept_95,mcq_tests_concept,1.0
mcq_378,concept_116,mcq_tests_concept,1.0
mcq_378,concept_126,mcq_tests_concept,1.0
mcq_378,concept_128,mcq_tests_concept,1.0
mcq_378,concept_132,mcq_tests_concept,1.0
mcq_378,concept_137,mcq_tests_concept,1.0
mcq_378,concept_138,mcq_tests_concept,1.0
mcq_378,concept_147,mcq_tests_concept,1.0
mcq_379,concept_15,mcq_tests_concept,1.0
mcq_379,concept_16,mcq_tests_concept,1.0
mcq_379,concept_95,mcq_tests_concept,1.0
mcq_380,concept_3,mcq_tests_concept,1.0
mcq_380,concept_16,mcq_tests_concept,1.0
mcq_380,concept_90,mcq_tests_concept,1.0
mcq_380,concept_95,mcq_tests_concept,1.0
mcq_380,concept_156,mcq_tests_concept,1.0
mcq_380,concept_157,mcq_tests_concept,1.0
mcq_382,concept_3,mcq_tests_concept,1.0
mcq_382,concept_90,mcq_tests_concept,1.0
mcq_382,concept_95,mcq_tests_concept,1.0
mcq_382,concept_102,mcq_tests_concept,1.0
mcq_382,concept_156,mcq_tests_concept,1.0
mcq_382,concept_157,mcq_tests_concept,1.0
mcq_383,concept_3,mcq_tests_concept,1.0
mcq_383,concept_16,mcq_tests_concept,1.0
mcq_383,concept_66,mcq_tests_concept,1.0
mcq_383,concept_90,mcq_tests_concept,1.0
mcq_383,concept_95,mcq_tests_concept,1.0
mcq_383,concept_102,mcq_tests_concept,1.0
mcq_383,concept_146,mcq_tests_concept,1.0
mcq_383,concept_148,mcq_tests_concept,1.0
mcq_383,concept_149,mcq_tests_concept,1.0
mcq_383,concept_150,mcq_tests_concept,1.0
mcq_383,concept_156,mcq_tests_concept,1.0
mcq_383,concept_157,mcq_tests_concept,1.0
mcq_384,concept_3,mcq_tests_concept,1.0
mcq_384,concept_58,mcq_tests_concept,1.0
mcq_384,concept_102,mcq_tests_concept,1.0
mcq_384,concept_187,mcq_tests_concept,1.0
mcq_385,concept_101,mcq_tests_concept,1.0
mcq_385,concept_102,mcq_tests_concept,1.0
mcq_385,concept_148,mcq_tests_concept,1.0
mcq_385,concept_150,mcq_tests_concept,1.0
mcq_386,concept_151,mcq_tests_concept,1.0
mcq_387,concept_3,mcq_tests_concept,1.0
mcq_387,concept_16,mcq_tests_concept,1.0
mcq_387,concept_40,mcq_tests_concept,1.0
mcq_387,concept_50,mcq_tests_concept,1.0
mcq_387,concept_151,mcq_tests_concept,1.0
mcq_388,concept_3,mcq_tests_concept,1.0
mcq_388,concept_151,mcq_tests_concept,1.0
mcq_389,concept_3,mcq_tests_concept,1.0
mcq_389,concept_69,mcq_tests_concept,1.0
mcq_389,concept_151,mcq_tests_concept,1.0
mcq_389,concept_152,mcq_tests_concept,1.0
mcq_389,concept_153,mcq_tests_concept,1.0
mcq_389,concept_154,mcq_tests_concept,1.0
mcq_390,concept_151,mcq_tests_concept,1.0
mcq_391,concept_3,mcq_tests_concept,1.0
mcq_391,concept_151,mcq_tests_concept,1.0
mcq_392,concept_151,mcq_tests_concept,1.0
mcq_392,concept_152,mcq_tests_concept,1.0
mcq_392,concept_153,mcq_tests_concept,1.0
mcq_393,concept_151,mcq_tests_concept,1.0
mcq_394,concept_151,mcq_tests_concept,1.0
mcq_395,concept_3,mcq_tests_concept,1.0
mcq_395,concept_95,mcq_tests_concept,1.0
mcq_396,concept_3,mcq_tests_concept,1.0
mcq_396,concept_40,mcq_tests_concept,1.0
mcq_396,concept_95,mcq_tests_concept,1.0
mcq_396,concept_151,mcq_tests_concept,1.0
mcq_397,concept_3,mcq_tests_concept,1.0
mcq_397,concept_95,mcq_tests_concept,1.0
mcq_398,concept_3,mcq_tests_concept,1.0
mcq_398,concept_95,mcq_tests_concept,1.0
mcq_399,concept_3,mcq_tests_concept,1.0
mcq_399,concept_16,mcq_tests_concept,1.0
mcq_399,concept_95,mcq_tests_concept,1.0
mcq_400,concept_95,mcq_tests_concept,1.0
mcq_400,concept_145,mcq_tests_concept,1.0
mcq_401,concept_86,mcq_tests_concept,1.0
mcq_401,concept_95,mcq_tests_concept,1.0
mcq_401,concept_116,mcq_tests_concept,1.0
mcq_401,concept_145,mcq_tests_concept,1.0
mcq_402,concept_3,mcq_tests_concept,1.0
mcq_402,concept_40,mcq_tests_concept,1.0
mcq_402,concept_95,mcq_tests_concept,1.0
mcq_402,concept_145,mcq_tests_concept,1.0
mcq_403,concept_15,mcq_tests_concept,1.0
mcq_403,concept_16,mcq_tests_concept,1.0
mcq_403,concept_95,mcq_tests_concept,1.0
mcq_403,concept_165,mcq_tests_concept,1.0
mcq_404,concept_2,mcq_tests_concept,1.0
mcq_404,concept_3,mcq_tests_concept,1.0
mcq_404,concept_165,mcq_tests_concept,1.0
mcq_404,concept_166,mcq_tests_concept,1.0
mcq_405,concept_165,mcq_tests_concept,1.0
mcq_406,concept_3,mcq_tests_concept,1.0
mcq_406,concept_165,mcq_tests_concept,1.0
mcq_407,concept_165,mcq_tests_concept,1.0
mcq_408,concept_3,mcq_tests_concept,1.0
mcq_408,concept_163,mcq_tests_concept,1.0
mcq_408,concept_165,mcq_tests_concept,1.0
mcq_409,concept_3,mcq_tests_concept,1.0
mcq_409,concept_90,mcq_tests_concept,1.0
mcq_409,concept_95,mcq_tests_concept,1.0
mcq_409,concept_156,mcq_tests_concept,1.0
mcq_409,concept_157,mcq_tests_concept,1.0
mcq_409,concept_161,mcq_tests_concept,1.0
mcq_410,concept_161,mcq_tests_concept,1.0
mcq_411,concept_3,mcq_tests_concept,1.0
mcq_411,concept_90,mcq_tests_concept,1.0
mcq_411,concept_95,mcq_tests_concept,1.0
mcq_411,concept_156,mcq_tests_concept,1.0
mcq_411,concept_157,mcq_tests_concept,1.0
mcq_411,concept_161,mcq_tests_concept,1.0
mcq_411,concept_169,mcq_tests_concept,1.0
mcq_412,concept_3,mcq_tests_concept,1.0
mcq_412,concept_161,mcq_tests_concept,1.0
mcq_412,concept_169,mcq_tests_concept,1.0
mcq_413,concept_102,mcq_tests_concept,1.0
mcq_413,concept_131,mcq_tests_concept,1.0
mcq_413,concept_161,mcq_tests_concept,1.0
mcq_414,concept_3,mcq_tests_concept,1.0
mcq_414,concept_16,mcq_tests_concept,1.0
mcq_414,concept_90,mcq_tests_concept,1.0
mcq_414,concept_95,mcq_tests_concept,1.0
mcq_414,concept_145,mcq_tests_concept,1.0
mcq_414,concept_156,mcq_tests_concept,1.0
mcq_414,concept_157,mcq_tests_concept,1.0
mcq_415,concept_95,mcq_tests_concept,1.0
mcq_415,concept_145,mcq_tests_concept,1.0
mcq_415,concept_151,mcq_tests_concept,1.0
mcq_415,concept_152,mcq_tests_concept,1.0
mcq_415,concept_153,mcq_tests_concept,1.0
mcq_416,concept_3,mcq_tests_concept,1.0
mcq_416,concept_95,mcq_tests_concept,1.0
mcq_416,concept_145,mcq_tests_concept,1.0
mcq_416,concept_152,mcq_tests_concept,1.0
mcq_417,concept_15,mcq_tests_concept,1.0
mcq_417,concept_16,mcq_tests_concept,1.0
mcq_417,concept_95,mcq_tests_concept,1.0
mcq_417,concept_145,mcq_tests_concept,1.0
mcq_417,concept_165,mcq_tests_concept,1.0
mcq_417,concept_166,mcq_tests_concept,1.0
mcq_418,concept_2,mcq_tests_concept,1.0
mcq_418,concept_3,mcq_tests_concept,1.0
mcq_418,concept_95,mcq_tests_concept,1.0
mcq_418,concept_145,mcq_tests_concept,1.0
mcq_418,concept_165,mcq_tests_concept,1.0
mcq_418,concept_166,mcq_tests_concept,1.0
mcq_419,concept_3,mcq_tests_concept,1.0
mcq_419,concept_90,mcq_tests_concept,1.0
mcq_419,concept_95,mcq_tests_concept,1.0
mcq_419,concept_145,mcq_tests_concept,1.0
mcq_419,concept_156,mcq_tests_concept,1.0
mcq_419,concept_157,mcq_tests_concept,1.0
mcq_419,concept_161,mcq_tests_concept,1.0
mcq_420,concept_95,mcq_tests_concept,1.0
mcq_420,concept_102,mcq_tests_concept,1.0
mcq_420,concept_145,mcq_tests_concept,1.0
mcq_420,concept_161,mcq_tests_concept,1.0
mcq_421,concept_85,mcq_tests_concept,1.0
mcq_421,concept_95,mcq_tests_concept,1.0
mcq_421,concept_145,mcq_tests_concept,1.0
mcq_421,concept_161,mcq_tests_concept,1.0
mcq_421,concept_162,mcq_tests_concept,1.0
mcq_422,concept_95,mcq_tests_concept,1.0
mcq_422,concept_145,mcq_tests_concept,1.0
mcq_423,concept_95,mcq_tests_concept,1.0
mcq_423,concept_145,mcq_tests_concept,1.0
mcq_424,concept_2,mcq_tests_concept,1.0
mcq_424,concept_3,mcq_tests_concept,1.0
mcq_424,concept_90,mcq_tests_concept,1.0
mcq_424,concept_95,mcq_tests_concept,1.0
mcq_424,concept_98,mcq_tests_concept,1.0
mcq_424,concept_102,mcq_tests_concept,1.0
mcq_424,concept_146,mcq_tests_concept,1.0
mcq_424,concept_148,mcq_tests_concept,1.0
mcq_424,concept_156,mcq_tests_concept,1.0
mcq_424,concept_157,mcq_tests_concept,1.0
mcq_425,concept_2,mcq_tests_concept,1.0
mcq_425,concept_3,mcq_tests_concept,1.0
mcq_425,concept_90,mcq_tests_concept,1.0
mcq_425,concept_95,mcq_tests_concept,1.0
mcq_425,concept_146,mcq_tests_concept,1.0
mcq_425,concept_156,mcq_tests_concept,1.0
mcq_425,concept_157,mcq_tests_concept,1.0
mcq_426,concept_2,mcq_tests_concept,1.0
mcq_426,concept_15,mcq_tests_concept,1.0
mcq_426,concept_16,mcq_tests_concept,1.0
mcq_426,concept_95,mcq_tests_concept,1.0
mcq_427,concept_10,mcq_tests_concept,1.0
mcq_427,concept_51,mcq_tests_concept,1.0
mcq_427,concept_95,mcq_tests_concept,1.0
mcq_427,concept_120,mcq_tests_concept,1.0
mcq_427,concept_145,mcq_tests_concept,1.0
mcq_427,concept_151,mcq_tests_concept,1.0
mcq_427,concept_152,mcq_tests_concept,1.0
mcq_427,concept_153,mcq_tests_concept,1.0
mcq_428,concept_15,mcq_tests_concept,1.0
mcq_428,concept_16,mcq_tests_concept,1.0
mcq_428,concept_18,mcq_tests_concept,1.0
mcq_428,concept_95,mcq_tests_concept,1.0
mcq_429,concept_15,mcq_tests_concept,1.0
mcq_429,concept_16,mcq_tests_concept,1.0
mcq_429,concept_95,mcq_tests_concept,1.0
mcq_429,concept_130,mcq_tests_concept,1.0
mcq_429,concept_186,mcq_tests_concept,1.0
mcq_430,concept_3,mcq_tests_concept,1.0
mcq_430,concept_69,mcq_tests_concept,1.0
mcq_430,concept_95,mcq_tests_concept,1.0
mcq_430,concept_130,mcq_tests_concept,1.0
mcq_430,concept_154,mcq_tests_concept,1.0
mcq_430,concept_186,mcq_tests_concept,1.0
mcq_430,concept_189,mcq_tests_concept,1.0
mcq_431,concept_3,mcq_tests_concept,1.0
mcq_431,concept_16,mcq_tests_concept,1.0
mcq_431,concept_95,mcq_tests_concept,1.0
mcq_431,concept_130,mcq_tests_concept,1.0
mcq_431,concept_186,mcq_tests_concept,1.0
mcq_431,concept_189,mcq_tests_concept,1.0
mcq_432,concept_3,mcq_tests_concept,1.0
mcq_432,concept_95,mcq_tests_concept,1.0
mcq_432,concept_130,mcq_tests_concept,1.0
mcq_432,concept_186,mcq_tests_concept,1.0
mcq_432,concept_187,mcq_tests_concept,1.0
mcq_432,concept_189,mcq_tests_concept,1.0
mcq_433,concept_95,mcq_tests_concept,1.0
mcq_433,concept_186,mcq_tests_concept,1.0
mcq_434,concept_19,mcq_tests_concept,1.0
mcq_434,concept_104,mcq_tests_concept,1.0
mcq_434,concept_187,mcq_tests_concept,1.0
mcq_434,concept_188,mcq_tests_concept,1.0
mcq_435,concept_187,mcq_tests_concept,1.0
mcq_435,concept_188,mcq_tests_concept,1.0
mcq_436,concept_3,mcq_tests_concept,1.0
mcq_436,concept_90,mcq_tests_concept,1.0
mcq_436,concept_95,mcq_tests_concept,1.0
mcq_436,concept_156,mcq_tests_concept,1.0
mcq_436,concept_157,mcq_tests_concept,1.0
mcq_436,concept_186,mcq_tests_concept,1.0
mcq_437,concept_3,mcq_tests_concept,1.0
mcq_437,concept_90,mcq_tests_concept,1.0
mcq_437,concept_95,mcq_tests_concept,1.0
mcq_437,concept_156,mcq_tests_concept,1.0
mcq_437,concept_157,mcq_tests_concept,1.0
mcq_438,concept_3,mcq_tests_concept,1.0
mcq_438,concept_90,mcq_tests_concept,1.0
mcq_438,concept_95,mcq_tests_concept,1.0
mcq_438,concept_156,mcq_tests_concept,1.0
mcq_438,concept_157,mcq_tests_concept,1.0
mcq_438,concept_186,mcq_tests_concept,1.0
mcq_439,concept_3,mcq_tests_concept,1.0
mcq_439,concept_95,mcq_tests_concept,1.0
mcq_439,concept_156,mcq_tests_concept,1.0
mcq_440,concept_15,mcq_tests_concept,1.0
mcq_440,concept_16,mcq_tests_concept,1.0
mcq_440,concept_95,mcq_tests_concept,1.0
mcq_441,concept_3,mcq_tests_concept,1.0
mcq_441,concept_90,mcq_tests_concept,1.0
mcq_441,concept_95,mcq_tests_concept,1.0
mcq_441,concept_156,mcq_tests_concept,1.0
mcq_441,concept_157,mcq_tests_concept,1.0
mcq_442,concept_3,mcq_tests_concept,1.0
mcq_442,concept_95,mcq_tests_concept,1.0
mcq_443,concept_3,mcq_tests_concept,1.0
mcq_443,concept_90,mcq_tests_concept,1.0
mcq_443,concept_95,mcq_tests_concept,1.0
mcq_443,concept_156,mcq_tests_concept,1.0
mcq_443,concept_157,mcq_tests_concept,1.0
mcq_443,concept_170,mcq_tests_concept,1.0
mcq_444,concept_3,mcq_tests_concept,1.0
mcq_444,concept_90,mcq_tests_concept,1.0
mcq_444,concept_95,mcq_tests_concept,1.0
mcq_444,concept_156,mcq_tests_concept,1.0
mcq_444,concept_157,mcq_tests_concept,1.0
mcq_444,concept_168,mcq_tests_concept,1.0
mcq_445,concept_3,mcq_tests_concept,1.0
mcq_445,concept_90,mcq_tests_concept,1.0
mcq_445,concept_95,mcq_tests_concept,1.0
mcq_445,concept_156,mcq_tests_concept,1.0
mcq_445,concept_157,mcq_tests_concept,1.0
mcq_446,concept_3,mcq_tests_concept,1.0
mcq_446,concept_80,mcq_tests_concept,1.0
mcq_446,concept_84,mcq_tests_concept,1.0
mcq_446,concept_95,mcq_tests_concept,1.0
mcq_447,concept_168,mcq_tests_concept,1.0
mcq_447,concept_169,mcq_tests_concept,1.0
mcq_448,concept_3,mcq_tests_concept,1.0
mcq_448,concept_90,mcq_tests_concept,1.0
mcq_448,concept_95,mcq_tests_concept,1.0
mcq_448,concept_156,mcq_tests_concept,1.0
mcq_448,concept_157,mcq_tests_concept,1.0
mcq_448,concept_168,mcq_tests_concept,1.0
mcq_449,concept_168,mcq_tests_concept,1.0
mcq_450,concept_3,mcq_tests_concept,1.0
mcq_450,concept_95,mcq_tests_concept,1.0
mcq_450,concept_168,mcq_tests_concept,1.0
mcq_451,concept_3,mcq_tests_concept,1.0
mcq_451,concept_95,mcq_tests_concept,1.0
mcq_451,concept_156,mcq_tests_concept,1.0
mcq_451,concept_180,mcq_tests_concept,1.0
mcq_452,concept_3,mcq_tests_concept,1.0
mcq_452,concept_95,mcq_tests_concept,1.0
mcq_452,concept_156,mcq_tests_concept,1.0
mcq_452,concept_179,mcq_tests_concept,1.0
mcq_452,concept_180,mcq_tests_concept,1.0
mcq_452,concept_181,mcq_tests_concept,1.0
mcq_453,concept_3,mcq_tests_concept,1.0
mcq_453,concept_69,mcq_tests_concept,1.0
mcq_453,concept_95,mcq_tests_concept,1.0
mcq_453,concept_156,mcq_tests_concept,1.0
mcq_453,concept_180,mcq_tests_concept,1.0
mcq_454,concept_3,mcq_tests_concept,1.0
mcq_454,concept_15,mcq_tests_concept,1.0
mcq_454,concept_16,mcq_tests_concept,1.0
mcq_454,concept_95,mcq_tests_concept,1.0
mcq_454,concept_99,mcq_tests_concept,1.0
mcq_454,concept_100,mcq_tests_concept,1.0
mcq_454,concept_156,mcq_tests_concept,1.0
mcq_454,concept_167,mcq_tests_concept,1.0
mcq_454,concept_169,mcq_tests_concept,1.0
mcq_454,concept_180,mcq_tests_concept,1.0
mcq_455,concept_3,mcq_tests_concept,1.0
mcq_455,concept_50,mcq_tests_concept,1.0
mcq_455,concept_74,mcq_tests_concept,1.0
mcq_455,concept_95,mcq_tests_concept,1.0
mcq_455,concept_156,mcq_tests_concept,1.0
mcq_455,concept_168,mcq_tests_concept,1.0
mcq_455,concept_180,mcq_tests_concept,1.0
mcq_455,concept_182,mcq_tests_concept,1.0
mcq_456,concept_3,mcq_tests_concept,1.0
mcq_456,concept_95,mcq_tests_concept,1.0
mcq_456,concept_156,mcq_tests_concept,1.0
mcq_456,concept_168,mcq_tests_concept,1.0
mcq_456,concept_180,mcq_tests_concept,1.0
mcq_457,concept_3,mcq_tests_concept,1.0
mcq_457,concept_95,mcq_tests_concept,1.0
mcq_457,concept_156,mcq_tests_concept,1.0
mcq_457,concept_169,mcq_tests_concept,1.0
mcq_457,concept_180,mcq_tests_concept,1.0
mcq_458,concept_3,mcq_tests_concept,1.0
mcq_458,concept_15,mcq_tests_concept,1.0
mcq_458,concept_16,mcq_tests_concept,1.0
mcq_458,concept_95,mcq_tests_concept,1.0
mcq_458,concept_156,mcq_tests_concept,1.0
mcq_458,concept_167,mcq_tests_concept,1.0
mcq_459,concept_3,mcq_tests_concept,1.0
mcq_459,concept_15,mcq_tests_concept,1.0
mcq_459,concept_16,mcq_tests_concept,1.0
mcq_459,concept_95,mcq_tests_concept,1.0
mcq_460,concept_3,mcq_tests_concept,1.0
mcq_460,concept_15,mcq_tests_concept,1.0
mcq_460,concept_16,mcq_tests_concept,1.0
mcq_460,concept_95,mcq_tests_concept,1.0
mcq_460,concept_169,mcq_tests_concept,1.0
mcq_461,concept_3,mcq_tests_concept,1.0
mcq_461,concept_15,mcq_tests_concept,1.0
mcq_461,concept_16,mcq_tests_concept,1.0
mcq_461,concept_95,mcq_tests_concept,1.0
mcq_461,concept_167,mcq_tests_concept,1.0
mcq_461,concept_168,mcq_tests_concept,1.0
mcq_461,concept_189,mcq_tests_concept,1.0
mcq_462,concept_15,mcq_tests_concept,1.0
mcq_462,concept_16,mcq_tests_concept,1.0
mcq_462,concept_95,mcq_tests_concept,1.0
mcq_462,concept_180,mcq_tests_concept,1.0
mcq_463,concept_3,mcq_tests_concept,1.0
mcq_463,concept_15,mcq_tests_concept,1.0
mcq_463,concept_16,mcq_tests_concept,1.0
mcq_463,concept_69,mcq_tests_concept,1.0
mcq_463,concept_95,mcq_tests_concept,1.0
mcq_463,concept_180,mcq_tests_concept,1.0
mcq_464,concept_15,mcq_tests_concept,1.0
mcq_464,concept_16,mcq_tests_concept,1.0
mcq_464,concept_95,mcq_tests_concept,1.0
mcq_464,concept_152,mcq_tests_concept,1.0
mcq_464,concept_164,mcq_tests_concept,1.0
mcq_464,concept_180,mcq_tests_concept,1.0
mcq_465,concept_15,mcq_tests_concept,1.0
mcq_465,concept_16,mcq_tests_concept,1.0
mcq_465,concept_95,mcq_tests_concept,1.0
mcq_465,concept_180,mcq_tests_concept,1.0
mcq_465,concept_187,mcq_tests_concept,1.0
mcq_466,concept_3,mcq_tests_concept,1.0
mcq_466,concept_15,mcq_tests_concept,1.0
mcq_466,concept_16,mcq_tests_concept,1.0
mcq_466,concept_95,mcq_tests_concept,1.0
mcq_466,concept_169,mcq_tests_concept,1.0
mcq_466,concept_180,mcq_tests_concept,1.0
mcq_467,concept_152,mcq_tests_concept,1.0
mcq_468,concept_152,mcq_tests_concept,1.0
mcq_468,concept_172,mcq_tests_concept,1.0
mcq_469,concept_15,mcq_tests_concept,1.0
mcq_469,concept_16,mcq_tests_concept,1.0
mcq_469,concept_95,mcq_tests_concept,1.0
mcq_469,concept_130,mcq_tests_concept,1.0
mcq_469,concept_145,mcq_tests_concept,1.0
mcq_469,concept_186,mcq_tests_concept,1.0
mcq_470,concept_3,mcq_tests_concept,1.0
mcq_470,concept_90,mcq_tests_concept,1.0
mcq_470,concept_95,mcq_tests_concept,1.0
mcq_470,concept_145,mcq_tests_concept,1.0
mcq_470,concept_156,mcq_tests_concept,1.0
mcq_470,concept_157,mcq_tests_concept,1.0
mcq_470,concept_186,mcq_tests_concept,1.0
mcq_471,concept_3,mcq_tests_concept,1.0
mcq_471,concept_95,mcq_tests_concept,1.0
mcq_471,concept_145,mcq_tests_concept,1.0
mcq_471,concept_156,mcq_tests_concept,1.0
mcq_472,concept_15,mcq_tests_concept,1.0
mcq_472,concept_16,mcq_tests_concept,1.0
mcq_472,concept_95,mcq_tests_concept,1.0
mcq_472,concept_145,mcq_tests_concept,1.0
mcq_473,concept_3,mcq_tests_concept,1.0
mcq_473,concept_95,mcq_tests_concept,1.0
mcq_473,concept_145,mcq_tests_concept,1.0
mcq_473,concept_156,mcq_tests_concept,1.0
mcq_474,concept_65,mcq_tests_concept,1.0
mcq_474,concept_95,mcq_tests_concept,1.0
mcq_474,concept_145,mcq_tests_concept,1.0
mcq_475,concept_3,mcq_tests_concept,1.0
mcq_475,concept_90,mcq_tests_concept,1.0
mcq_475,concept_95,mcq_tests_concept,1.0
mcq_475,concept_145,mcq_tests_concept,1.0
mcq_475,concept_156,mcq_tests_concept,1.0
mcq_475,concept_157,mcq_tests_concept,1.0
mcq_476,concept_3,mcq_tests_concept,1.0
mcq_476,concept_90,mcq_tests_concept,1.0
mcq_476,concept_95,mcq_tests_concept,1.0
mcq_476,concept_145,mcq_tests_concept,1.0
mcq_476,concept_156,mcq_tests_concept,1.0
mcq_476,concept_157,mcq_tests_concept,1.0
mcq_476,concept_168,mcq_tests_concept,1.0
mcq_477,concept_3,mcq_tests_concept,1.0
mcq_477,concept_95,mcq_tests_concept,1.0
mcq_477,concept_145,mcq_tests_concept,1.0
mcq_477,concept_156,mcq_tests_concept,1.0
mcq_477,concept_179,mcq_tests_concept,1.0
mcq_477,concept_180,mcq_tests_concept,1.0
mcq_477,concept_181,mcq_tests_concept,1.0
mcq_478,concept_15,mcq_tests_concept,1.0
mcq_478,concept_16,mcq_tests_concept,1.0
mcq_478,concept_95,mcq_tests_concept,1.0
mcq_478,concept_145,mcq_tests_concept,1.0
mcq_478,concept_179,mcq_tests_concept,1.0
mcq_478,concept_180,mcq_tests_concept,1.0
mcq_479,concept_3,mcq_tests_concept,1.0
mcq_479,concept_15,mcq_tests_concept,1.0
mcq_479,concept_16,mcq_tests_concept,1.0
mcq_479,concept_95,mcq_tests_concept,1.0
mcq_479,concept_130,mcq_tests_concept,1.0
mcq_479,concept_145,mcq_tests_concept,1.0
mcq_479,concept_170,mcq_tests_concept,1.0
mcq_479,concept_175,mcq_tests_concept,1.0
mcq_480,concept_3,mcq_tests_concept,1.0
mcq_480,concept_95,mcq_tests_concept,1.0
mcq_480,concept_145,mcq_tests_concept,1.0
mcq_480,concept_156,mcq_tests_concept,1.0
mcq_480,concept_170,mcq_tests_concept,1.0
mcq_481,concept_50,mcq_tests_concept,1.0
mcq_481,concept_95,mcq_tests_concept,1.0
mcq_481,concept_145,mcq_tests_concept,1.0
mcq_481,concept_155,mcq_tests_concept,1.0
mcq_481,concept_179,mcq_tests_concept,1.0
mcq_481,concept_180,mcq_tests_concept,1.0
mcq_482,concept_95,mcq_tests_concept,1.0
mcq_482,concept_145,mcq_tests_concept,1.0
mcq_482,concept_152,mcq_tests_concept,1.0
mcq_483,concept_95,mcq_tests_concept,1.0
mcq_483,concept_113,mcq_tests_concept,1.0
mcq_483,concept_114,mcq_tests_concept,1.0
mcq_483,concept_145,mcq_tests_concept,1.0
mcq_483,concept_186,mcq_tests_concept,1.0
mcq_484,concept_2,mcq_tests_concept,1.0
mcq_484,concept_3,mcq_tests_concept,1.0
mcq_484,concept_16,mcq_tests_concept,1.0
mcq_484,concept_88,mcq_tests_concept,1.0
mcq_484,concept_95,mcq_tests_concept,1.0
mcq_484,concept_183,mcq_tests_concept,1.0
mcq_484,concept_184,mcq_tests_concept,1.0
mcq_484,concept_185,mcq_tests_concept,1.0
mcq_485,concept_15,mcq_tests_concept,1.0
mcq_485,concept_16,mcq_tests_concept,1.0
mcq_485,concept_95,mcq_tests_concept,1.0
mcq_485,concept_102,mcq_tests_concept,1.0
mcq_485,concept_168,mcq_tests_concept,1.0
mcq_485,concept_169,mcq_tests_concept,1.0
mcq_485,concept_186,mcq_tests_concept,1.0
mcq_486,concept_2,mcq_tests_concept,1.0
mcq_486,concept_3,mcq_tests_concept,1.0
mcq_486,concept_50,mcq_tests_concept,1.0
mcq_486,concept_65,mcq_tests_concept,1.0
mcq_486,concept_95,mcq_tests_concept,1.0
mcq_486,concept_98,mcq_tests_concept,1.0
mcq_486,concept_115,mcq_tests_concept,1.0
mcq_486,concept_164,mcq_tests_concept,1.0
mcq_486,concept_165,mcq_tests_concept,1.0
mcq_486,concept_166,mcq_tests_concept,1.0
mcq_486,concept_169,mcq_tests_concept,1.0
mcq_486,concept_183,mcq_tests_concept,1.0
mcq_486,concept_189,mcq_tests_concept,1.0
mcq_487,concept_2,mcq_tests_concept,1.0
mcq_487,concept_3,mcq_tests_concept,1.0
mcq_487,concept_15,mcq_tests_concept,1.0
mcq_487,concept_16,mcq_tests_concept,1.0
mcq_487,concept_40,mcq_tests_concept,1.0
mcq_487,concept_50,mcq_tests_concept,1.0
mcq_487,concept_95,mcq_tests_concept,1.0
mcq_487,concept_98,mcq_tests_concept,1.0
mcq_487,concept_115,mcq_tests_concept,1.0
mcq_487,concept_169,mcq_tests_concept,1.0
mcq_487,concept_187,mcq_tests_concept,1.0
mcq_487,concept_189,mcq_tests_concept,1.0
mcq_488,concept_18,mcq_tests_concept,1.0
mcq_488,concept_95,mcq_tests_concept,1.0
mcq_488,concept_186,mcq_tests_concept,1.0
mcq_489,concept_3,mcq_tests_concept,1.0
mcq_489,concept_5,mcq_tests_concept,1.0
mcq_489,concept_98,mcq_tests_concept,1.0
mcq_490,concept_3,mcq_tests_concept,1.0
mcq_490,concept_15,mcq_tests_concept,1.0
mcq_490,concept_16,mcq_tests_concept,1.0
mcq_490,concept_69,mcq_tests_concept,1.0
mcq_490,concept_95,mcq_tests_concept,1.0
mcq_491,concept_86,mcq_tests_concept,1.0
mcq_491,concept_98,mcq_tests_concept,1.0
mcq_492,concept_15,mcq_tests_concept,1.0
mcq_492,concept_16,mcq_tests_concept,1.0
mcq_492,concept_17,mcq_tests_concept,1.0
mcq_492,concept_18,mcq_tests_concept,1.0
mcq_492,concept_95,mcq_tests_concept,1.0
mcq_493,concept_3,mcq_tests_concept,1.0
mcq_493,concept_5,mcq_tests_concept,1.0
mcq_493,concept_98,mcq_tests_concept,1.0
mcq_494,concept_3,mcq_tests_concept,1.0
mcq_494,concept_15,mcq_tests_concept,1.0
mcq_494,concept_16,mcq_tests_concept,1.0
mcq_494,concept_95,mcq_tests_concept,1.0
mcq_495,concept_3,mcq_tests_concept,1.0
mcq_495,concept_15,mcq_tests_concept,1.0
mcq_495,concept_16,mcq_tests_concept,1.0
mcq_495,concept_95,mcq_tests_concept,1.0
mcq_496,concept_3,mcq_tests_concept,1.0
mcq_496,concept_15,mcq_tests_concept,1.0
mcq_496,concept_16,mcq_tests_concept,1.0
mcq_496,concept_17,mcq_tests_concept,1.0
mcq_496,concept_18,mcq_tests_concept,1.0
mcq_496,concept_95,mcq_tests_concept,1.0
mcq_497,concept_15,mcq_tests_concept,1.0
mcq_497,concept_16,mcq_tests_concept,1.0
mcq_497,concept_95,mcq_tests_concept,1.0
mcq_497,concept_145,mcq_tests_concept,1.0
mcq_498,concept_3,mcq_tests_concept,1.0
mcq_498,concept_15,mcq_tests_concept,1.0
mcq_498,concept_16,mcq_tests_concept,1.0
mcq_498,concept_95,mcq_tests_concept,1.0
mcq_498,concept_145,mcq_tests_concept,1.0
mcq_499,concept_3,mcq_tests_concept,1.0
mcq_499,concept_5,mcq_tests_concept,1.0
mcq_499,concept_98,mcq_tests_concept,1.0
mcq_500,concept_3,mcq_tests_concept,1.0
mcq_500,concept_15,mcq_tests_concept,1.0
mcq_500,concept_16,mcq_tests_concept,1.0
mcq_500,concept_95,mcq_tests_concept,1.0
mcq_500,concept_145,mcq_tests_concept,1.0
