question,label
About what proportion of the population of the US is living on farms?,easy
Define compound interest.,easy
Define four types of traceability,easy
Define mercantilism.,easy
"Define stream bank, floodplain and substrate.",easy
Define the meaning of the Olympic Motto.,easy
How many instructions in the instruction set of RISC computer?,easy
How many kilometers from your home to the university,easy
How many loop statement available in c++?,easy
How many states are there in USA,easy
How many years does this animal live?,easy
How much data can be stored in the cach memory,easy
How much did he pay for his car,easy
How much is your weight,easy
How much time did he took to build a house,easy
How much water does an elephant drink,easy
Identify a phrase as a simile,easy
"Identify a property (commutative, additive, etc(",easy
Identify fractions from a pictorial representation,easy
Identify ordinal positions,easy
Identify the correct definition of osmosis,easy
Identify the five major prophets of the Old Testament.,easy
Identify the part of a eukaryotic cell.,easy
Identify the standard peripheral components of a computer.,easy
Identify which word begins with the same sound as the s in sun (Knowledge of letter s),easy
in which countries is arabic language spoken,easy
in which continent does the state of suriname fall,easy
In Which part of the world does he live,easy
Label any Olympic sporting apparatus with design features.,easy
Label the parts of the following insects: Grasshopper,easy
Label the parts of the microscope shown on the right,easy
List four types of clauses mentioned in the article,easy
List reserved words in C programming.,easy
List the characteristics peculiar to the Cubist movement.,easy
List the levels in Bloom's Taxonomy.,easy
List the steps involved in titration.,easy
List three characteristics that are unique to the Cubist movement.,easy
List three predominant economic systems that exist,easy
Look at the symbol. What is the symbols purpose on a map?,easy
Make a list of facts you learned from the story.,easy
Name 5 steps that follow the taking of notes (within 24 hours or less)?,easy
Name the artist who painted the Mona Lisa.,easy
Name the food groups and at least two items of food in each group.,easy
Name the four major food groups.,easy
Name the main characters in the story.,easy
Name the property that states that,easy
Recall basic math facts,easy
Recall locations of a historical events,easy
Recall the definition of the formula datatype from your assignment 2.,easy
Recall the equation for the Ideal Gas Law.,easy
Recall the following pictoral example of an implementation of some queue operations,easy
recall the supply voltage constraints,easy
Recite a policy of immigration in Europe .,easy
"Recite the poem ""Auto Wreck"".",easy
Recite the principles of the Data Protection Act.,easy
Recite the the Gaussian law,easy
State four attributes of well engineered software.,easy
State how to find a word in a dictionary,easy
State the characteristics of each type of corrosion testing studied,easy
State the definition of application in Bloom's Taxonomy.,easy
State the formula for the area of a circle,easy
State the guidelines to design an anodic protection system,easy
State the pattern for expressing time in French.,easy
Compare Calliope with Howie. Use the word bank.,easy
Compare historical events to contemporary situations,easy
Complete an analogy (analogy tasks are inference tasks),easy
Describe 4 types of coupling in software design.,easy
Describe how Phillip and Timothy survived on the Cay.,easy
Describe in prose what is shown in graph form.,easy
Describe in your own words how to borrow a book from the library.,easy
Describe in your own words how to copy text from one program into another.,easy
Describe in your own words what happens when a stream's velocity slows.,easy
Describe in your own words what is meant by a sprained ankle.,easy
Describe nuclear transport to a lay person.,easy
Describe the Pareto Principle in statistical software quality assurance.,easy
Describe what goes in each of the four areas on the first page of notes,easy
Describe what took place as the Hato was sinking.,easy
Describe how the linear polarization method can yield corrosion rates,easy
Describe the major clinical differences between visceral and somatic pain,easy
Briefly describe the author's approach to the liabilities of the GOTO statement,easy
Describe what happened at...?,easy
Determine the authors point of view,easy
Determine the next number in a sequence,easy
Discuss the nature of socialism.,easy
Explain how Timothy saved Phillip's life.,easy
Explain in one's own words how to create a query in a database.,easy
Explain in your own words what a recessive gene is.,easy
Explain in your own words what do you mean by the term economics?,easy
Explain in your own words what is meant by mercantilism.,easy
Explain the causes of historical events,easy
Explain the communicative property.,easy
"Explain the double meaning the author attributes to the term ""successive action descriptions""",easy
Explain the possible uses described in class for the space to the left of the vertical line.,easy
Explain the process (paraphrase) for finding the perimeter of a rectangular garden,easy
Explain what a poem means.,easy
"Explain what the author means by the statement ""our intellectual powers are geared to master static relations.",easy
Express your opinion of 'Drugs in Sport' through poetry.,easy
From a blueprint to describe the article depicted.,easy
"Given a graph of production trends in automobiles, describe what the graph represents in a memo to your boss.",easy
"Given these five corrosion inhibitors, V, W, X, Y, Z, identify which are passivators  ",easy
In one sentence explain the main idea of a written passage.,easy
Interpret the pictures.,easy
Outline in your own words how the Leggo's Tomato Paste advertisement sells their product.,easy
Outline the most important insight of the tale.,easy
Outline the mechanisms employed by bacteria allowing them to evade phagocytic destruction.,easy
"Outline an ""attack plan"" that will allow you to test your hypothesis using computational molecular modeling tools",easy
Paraphrase an important speech,easy
Paraphrase what Hamlet is saying in his soliloquy.,easy
Paraphrase the poem in your own words,easy
"Paraphrase this poem about Sheik Schubli, explaining what he was saying about the characteristics of a friend",easy
Describe the output of this program fragment:,easy
Classify types of corrosion inhibitors  ,easy
would you classify the zener diode in this circuit as a series voltage regulator or a shunt voltage regulator,easy
"Classify the following protocols: IP, TCP, HTTP according to the ISO OSI classification",easy
"Classify the following substances as particle, atom, element, molecule, compound",easy
How would you classify the geographic location of your school,easy
Classify animals into two groups.,easy
Classify celebrations into family and community categories.,easy
Classify frogs toads and other amphibians.,easy
Restate main idea of story in own words.,easy
Restate the Olympic motto in your own words.,easy
Retell the story in your words.,easy
Rewrite the principles of test writing.,easy
Rewrite you predicted equation for the ideal gas law,easy
Rewrite the markov matrix to account for this slight change.,easy
"Rewrite the sentence in your head, following the direction given below",easy
Rewrite a part in the poem using a different speaker,easy
Select the best title for a passage,easy
State in your own words the rule for balls and strikes in baseball.,easy
State in your own words where in the library to find previous issues of journals that are no longer in the display racks.,easy
Apply laws of statistics to evaluate the reliability of a written test.,medium
Apply the rule of law to a new situation,medium
Apply the storytelling technique here to a little story of your own.,medium
Apply your understanding the Olympic spirit to develop a new motto or slogan.,medium
Show the value of x after running this program fragment,medium
Calculate for x in the following equation: 12x=36,medium
Calculate the deflection of a beam under uniform loading.,medium
Calculate the number of sacrificial anodes that would be required to form a calcareous deposit on a steel pile immersed in seawater. ,medium
Calculate the rate of habitat fragmentation within the Colorado Front Range in the last decade.,medium
Can you apply the method used to some experience of your own . . .?,medium
Can you group by characteristics such as . . .?,medium
Categorise the pictures and add them to the wall display.,medium
Choose a country that does not compete at the Olympics and explain why that country is not an Olympic member.,medium
Choose any U.S. president and explain how he exercised his power as Commander in Chief of the Armed Forces.,medium
Compute the area of actual circles.,medium
Compute the volume of a cylinder,medium
Construct a model to demonstrate how it will work.,medium
Demonstrate how the seasons occur.,medium
Demonstrate how this could work in an industry setting?,medium
Demonstrate using the OPAC and your knowledge of library organization to find a book about turtles.,medium
Demonstrate how your units specific student learning outcomes are linked to the mission of UAM.,medium
Derive a kinetic model from experimental data.,medium
Describe an experiment to answer the question of the effects of weight on the fall of an object.,medium
Construct a market strategy for your product using a known strategy as a model.,medium
Construct a simple payroll program that computes net pay for those working 40 hours or less and net pay for those working over 40 hours.,medium
"From the information given, can you develop a set of instructions about . . .?",medium
How could someone modify the Cornell Method to make it effective for researching a topic for a paper?,medium
How might lifestyles in the United States be modified if a more socialistic system were adopted?,medium
"If notes are available on the professors website, how should those notes be used?",medium
"In a teaching simulation with your peers role-playing 6th grade students, demonstrate the principle of reinforcement in classroom interactions and prepare a half page description of what happened during the simulation that validated the principle.",medium
Make a paper-mache map to include relevant information about an event.,medium
Make a scrapbook about the areas of study.,medium
Make up a puzzle game using the ideas from the study area.,medium
Model an Olympic Village for the new Millenium.,medium
Participate in a mock election,medium
Predict what happens to X if Y increases.,medium
Pretend you are one of the characters in the book. Write a diary about the happenings in your life for two consecutive days.,medium
Relate the principle of reinforcement to classroom interactions.,medium
Relate topographic map to field features,medium
Relate your most powerful story where your use of technology in the classroom has yielded a significant outcome with a student or students,medium
How would you relate position concept with position strategy,medium
"Show, through role-play, the final scene in the novel.",medium
Solve a math problem using familiar procedure or formula,medium
Solve for the ten following fraction multiplication problems. Please make sure to show all your work.,medium
Would you solve these two problems using similar approaches,medium
Use Laplace to solve the following problems,medium
Can you solve the following problem ,medium
How to specify the impact energy and impact test temperature of the material in the Code,medium
How does one specify the syntactical restrictions,medium
Specify a deterministic finite automaton (DFA) recognizing the,medium
Take a collection of photographs to demonstrate a particular point.,medium
Use a costing model to compute prices on goods to maximise profits and minimise costs.,medium
Use a manual to calculate an employee's vacation time.,medium
Use the distance travelled and cost of petrol to calculate the cost of a coach trip using a spreadsheet.,medium
Use the rule for a semicolon in a sentence.,medium
Who can use what we know about sonnets and finish this poem?,medium
Would this information be useful if you had a . . .?,medium
Sketch a prediction of the field lines for the arrangement of electrodes shown in Figure 2,medium
Sketch the blackbody curves for radiation emitted from the Sun and the Earth,medium
Sketch a typical absorption process in a packed column with regeneration in form of,medium
sketch a graph of velocity versus time for the upward and downward parts of a balls flight,medium
Analyze safe and dangerous aspects of these features.,medium
Analyze the characteristics of frogs.,medium
Analyze the movements and sounds of a frog.,medium
"Analyze the problem, identifying its variables.",medium
Break down the components of a standard film camera and explain how they interact to make the machine work.,medium
Break down the main actions of the story.,medium
"By comparing the map of the tectonic plates to the earthquake map, what inferences can you make?",medium
Can you compare your . . . with that presented in . . .?,medium
Can you distinguish between . . .?,medium
Can you explain what must have happened when . . .?,medium
Can you find four different feelings Pa Lia had during the story?,medium
Compare and contrast animals that the class has made.,medium
Compare and contrast our school to other communities.,medium
"Compare and contrast preview questions, clarifying questions and anticipated exam questions, including how each relates to the notetaking process?",medium
Compare and contrast the waterfall model with the prototyping model.,medium
Compare and contrast two characters in the book.,medium
Compare fall and spring,medium
Compare how different children come to school.,medium
Compare the place where the story happened with where you live.,medium
Compare this book to the last book you read.,medium
Compare two dog food commercials. What is the difference between them and how do they both sell their products?,medium
Compare two of the characters in this book.,medium
Conduct an investigation to produce information to support a view.,medium
Contrast building in the coastal zone with building in a river floodplain.,medium
Contrast Olympic athletes of today with athletes of past Olympic games.,medium
Differentiate between .call by value and call by reference.,medium
Differentiate printf function calls for displaying prompts and for echoing data.,medium
Distinguish between micro and macro economics.,medium
Distinguish facts from hypotheses,medium
"Divide the story into initiating event, rising action, climax, and falling action",medium
"Examine what helps to make a good Olympics? Think about money, schedules, sports and people.",medium
"Explain the term conjugal families, by making reference to the different types of societies to which they could belong.",medium
analyze the positive and negative points presented concerning the abolition of guns and write a brief (2-3page) narrative of your analysis.,medium
"Differentiate the passages that attacked a political opponent personally, and those that attacked an opponent's political programs.",medium
How does your pet differ from other animals?,medium
How does...compare/contrast with...?,medium
How is . . . similar to . . .?,medium
How was life different in your town 100 years ago?,medium
How was this similar to . . .?,medium
How would this story be different if it had happened in a different country?,medium
How would you distinguish between polymyositis and viral myositis in a 42-year-old man with weakness and a rash?,medium
"If your story happened in a foreign land, compare that land to the United States.",medium
"If your story occurred long ago, compare that time with today in a good paragraph. If it was a modern story, compare it with a long time ago and tell what would be different.",medium
Investigate innovations that can enhance future Olympics.,medium
Make a diagnosis or analyze a case study.,medium
Select the athlete of the century and analyze why you chose this person.,medium
"If interest were compounded monthly instead of daily, what would the difference in interest be?",medium
What are the parts or features of...?,medium
Distinguish between the following giving suitable examples,medium
Distinguish between abstract date types (ADTs) and implementations of ADTs,medium
"How do you distinguish between the binge-eating/purging type of anorexia nervosa and bulimia nervosa, purging type",medium
How does Tdap differ from Td vaccine,medium
How does autonomy differ with age,medium
In what ways do female offenders differ from male offenders,medium
in what ways trajectory patterns differ according to ABC,medium
How do psychologists differ in their general attitudes toward third party presence,medium
How did Chinese newspapers differ from US,medium
How does public health reporting differ today from reporting two years before,medium
How does an endorsement differ from a teaching certificate,medium
How do we differentiate between genuine buyer and undercover buyer,medium
How do we differentiate between an interview and an interrogation?,medium
Differentiate between the following terms along with appropriate examples,medium
Differentiate the following functions using the quotient rule,medium
Can you differentiate between ethnic Chinese and ethnic Koreans,medium
How would you differentiate obstructive apneas from central apneas,medium
How would you differentiate a project from a program,medium
How is scientific progress similar to Darwinian evolution according to Kuhn,medium
"in what ways is oxyperoxidase similar to other oxygenated heme proteins, and how does it differ",medium
Apply and integrate several different strategies to solve a mathematical problem (not according to one formula(,hard
Can you create new and unusual uses for . . .?,hard
Can you design a . . . to . . .?,hard
Can you develop a proposal which would . . .?,hard
Can you invent another character for the story?,hard
Can you see a possible solution to . . .?,hard
Can you write a new recipe for a tasty dish?,hard
Choose a character. Rewrite a scene from the story from this character's point of view.,hard
Combine any two sports to develop a new Olympic sport.,hard
"Combine elements of drama, music, and dance into a stage presentation.",hard
Compose a class story.,hard
Compose a dialogue between Atticus Finch and Tom Robinson when they first met.,hard
Compose a rhythm or put new words to a known melody.,hard
Compose a simple rap or rhyme about zoo animals.,hard
Compose music for a frog play.,hard
Compose a complete C program that reads text strings from a text file into a suitable data,hard
Compose a device that would assist an athlete in their training.,hard
Compose an original work which incorporates five common materials in sculpture.,hard
Compose your own note-taking design that incorporates all theadvantages of the Cornell Method.,hard
Create a chart that compares things that use electricity and things that do NOT use electricity.,hard
Create a new product. Give it a name and plan a marketing campaign.,hard
"Create a new song for the opening line of ""Mary had a little lamb"".",hard
Create a set of guidelines to determine the points of a plant susceptible to localized corrosion.,hard
Create a storyboard for a sequel to your book. Use the same characters.,hard
Create an equation to represent the solution to this problem.,hard
Create and perform a play about frogs.,hard
Design a building according to given specifications,hard
design a cost effective strategy to generate reliable data.,hard
Design a machine to perform a specific task.,hard
Design a new animal to live in the jungle.,hard
Design a poster for this book.,hard
Design a testing scenario to assess the susceptibility of an alloy to be used in a given environment?,hard
Design and make an animal that moves.,hard
Design costumes for the characters.,hard
Design the architecture of the software system based on the requirements defined in the Software Requirement Specification document,hard
Develop a hypothesis.,hard
Develop a plan for a new Olympic Bid System.,hard
Develop a SQA Plan for a software development project which is defined in the attached document.,hard
"Develop a way to teach the concept of ""adjectives"".",hard
Develop one plausible ending for all three short stories below.,hard
Devise a new economic system based on the ones that already exist.,hard
Devise plans to market or make artwork more valuable.,hard
"Explain how the biological concept of symbiotic relationships could be used to help solve socially created problems like water pollution, overflowing garbage landfills, or homelessness.",hard
Explain why it is likely that a matriarchal family system would be found in a matrilocal or matrilineal society.,hard
"Following the identification of the forms of corrosion that were involved in a failure, recommend a solution to avoid this failure?",hard
Given two opposing theories design an experiment to compare them.,hard
How could we determine the number of pennies in a jar without counting them?,hard
How could you re-write this story with a city setting?,hard
"how do the clauses and expressions given in the article which replace GOTO statements, lead to the three traditional control statements",hard
How many ways can you . . .?,hard
How would the U.S.A. be different if the South had won the Civil War?,hard
How would you change the story to create a different ending?,hard
How would you create/design a new...?,hard
How would you restructure the school day to reflect children's developmental needs?,hard
Identify one problem in the book and give an alternate solution one not given by the author.,hard
If you had access to all resources how would you deal with . . .?,hard
Integrate training from several sources to solve a problem.,hard
Invent a machine to do a specific task.,hard
Justify your choice of data structure.,hard
Make a radio announcement that advertise the book. Write it out.,hard
Make up a new language code and write material using it.,hard
Name one character. Rewrite the story from this character's point of view.,hard
Organize this book into three or more sections and give your own subtitle for each section.,hard
Plan a research paper on a given historical topic,hard
Predict the differences of a planet with no seasonal changes.,hard
Pretend you are a librarian recommending this book to someone. Write a paragraph telling what  you would say.,hard
Revise and process to improve the outcome.,hard
"After examining the videotape of a play in a football game, determine the degree to which the defensive team performed effectively and",hard
"After solving a problem, determine the degree to which the problem was solved as efficiently as possible",hard
Appraise data in support of a hypothesis.,hard
Appraise the speech's effectiveness based upon the class' criteria.,hard
Are there students who should not use the Cornell method?,hard
Are you a . . . person?,hard
Assess the appropriateness of an author's conclusions based on the evidence given.,hard
Assess the importance of understanding seasonal patters.,hard
Assess the relative effectiveness of different graphical representations of the same data or biological concept.,hard
Assess the strengths and weaknesses of the current Olympics and recommend action that should be taken in future Olympics: What can be,hard
"Award the contract to the best proposal. Rank the principles of ""good sportsmanship"" in order of importance to you.",hard
Can you defend the idea that Simon's incident with the pig's head is the most mystical in the story?,hard
Can you defend your position about . . .?,hard
Choose a paint schedule for the maintenance of an outdoor structure? (level 2),hard
Conclude and support which economic system leads to a higher standard of living.,hard
Construct a poster that will advertise your new food product in an exciting and irresistible way.,hard
Critique an experimental design or a research proposal.,hard
"Critique the other student's (or your own) speech, based on the criteria we have studied this semester.",hard
Decide whether you are in favor of building on a floodplain; defend your position in a debate.,hard
Decide whether you could have survived on the island blind and alone. Write about things that would have been challenging making sure to,hard
Decide whether you learned enough about electricity from this book.,hard
Decide which candidate would best fill the position of principal.,hard
Decide which course of action was most effective,hard
Decide which method of solving a problem was most effective ,hard
Defend the following claim: The Cornell method works so well that it could turn even a poor lecture into a valuable learning experience.,hard
Defend your use of a specific strategy in solving the problem.,hard
Describe the economic consequence of a neolocal society. Support your description with information you have learned from this course.,hard
Design a healthy menu that you think most people would enjoy using the healthy eating guide.,hard
Determine if a characters actions were heroic ,hard
Do you agree...?,hard
Do you think . . . is a good or a bad thing?,hard
Establish criteria for making this choice and defend your final selection.,hard
"Evaluate a work of art, giving the reasons for your evaluation.",hard
Evaluate appropriate and inappropriate actions of characters.,hard
Evaluate board games and justify why rules are important.,hard
Evaluate the corrosion monitoring needs of a chemical processing plant ,hard
Evaluate the level of galvanic coupling between two metals using basic kinetic information? (level 4) ,hard
Evaluate two Internet sources of information about the Egyptians. Which would be a better choice for your purpose and why?,hard
Evaluate whether their model is a true representation of the local environment.,hard
Evaluate your own or a peer's essay in terms of the principles of composition discussed during the semester.,hard
Examine the stated positions of both major political candidates with regard to a particular issue and state good reasons (based on principles discussed in class) for why one candidates position is more likely to be effective than the other's.,hard
Explain and justify a new budget.,hard
Explain choices made in making recommendations to an end user.,hard
"Given an argument on any position, enumerate the logical fallacies in that argument.",hard
"Given the data available on a research question, take a position and defend it.",hard
"Given the data we've looked at on this topic, evaluate how appropriate this conclusion is and defend your answer.",hard
"Given the two solutions to the stated programming problem, rate the solutions in  terms of efficiency and readability.",hard
"Given three possible approaches to implement the defined system, discuss the possible advantages and disadvantages of each approach.",hard
"Given two possible solutions, A and B, to solving the given software development problem, decide on the best solution. Give your justification.",hard
How effective are . . .?,hard
How would you decide about...?,hard
How would you feel if . . .?,hard
How would you have handled . . .?,hard
"improved, reformed or rejected?",hard
"In a given clinical situation, select the most reasonable intervention and predict the main effects and possible side effects.",hard
Is there a better solution to . . .?,hard
udge aesthetic qualities and relationship to future values.,hard
judge the difficulty level for yourself.,hard
Judge the value of . . .?,hard
Judge whether it would be possible to survive on an island alone and blinded. Write about it.,hard
Judge whether Olympic Ideals are realistic or unrealistic for the contemporary elite athlete.,hard
Justify and nominate ways to prevent animal extinction.,hard
Justify the title To Kill a Mockingbird .,hard
Listen to two classmates conversing on tape and critique their performance on the basis of the skills covered this semester.,hard
Place the following in order of priority...,hard
Predict what will happen next in.,hard
Predict whether Phillip will ever go back to visit the Cay after several years of recovery. Assuming he gets his sight back.,hard
Recommend how our classroom or playground could be improved.,hard
State the rule for balls and strikes in baseball.,easy
State the rule for using a semicolon in a sentence.,easy
What are major facts about particular cultures and societies,easy
What are the major products and exports of countries,easy
What are the representational symbols on maps and charts,easy
What are the structure or functions of Congress,easy
What are the units of corrosion penetration rates? Relate these to Faraday's law,easy
What does ICT stands for,easy
What is  your family name,easy
What is a global variable?,easy
What is a textual index,easy
What is the setting of To Kill a Mockingbird?,easy
What is the title of the first movie you saw,easy
What season are we in right now?,easy
when did saudi arabia start using internet,easy
when did the first saudi radio station open,easy
When did the second world war happen ,easy
When did you born ?,easy
when was the first airport in the yemen built,easy
when was the UN formed,easy
Which of the following is the method for determining the volume of a cylinder?,easy
Which of the following item does not belong to the set ?,easy
Which of the two liquids is hypotonic,easy
which part of a data packet is used by a router to determine the destination network,easy
Which technology is used by laser printer,easy
Who is the first president   of USA,easy
who is the founder of the kingdom of saudi Arabia,easy
who was the first man on the moon,easy
who was the first to compose in the arts of makamat,easy
Who was the writer of the Hamilton,easy
Can you state in your own words what the problem is asking you to do,easy
State in your own words what the author means when he says,easy
Summarize a historical document,easy
Summarize a story in own words.,easy
Summarize Jems beliefs about Boo Radley,easy
Summarize the basic tenets of collaborative conservation.,easy
Summarize the basic tenets of deconstructionism.,easy
Summarize this magazine article.,easy
Tell how Phillip kept himself alive after Timothy died.,easy
Tell in your own words how the setting of the story made it more interesting.,easy
Tell in your own words the beginning of the book.,easy
"In your own words, tell what is meant by the definition of an isosceles triangle.",easy
"In your own words, how would you define transferable skills",easy
Translate a written text aloud from L2 to English.,easy
Translate an equation into a computer spreadsheet.,easy
Translate an equation into a spreadsheet formula.,easy
Translate the following passage from The Iliad into English.,easy
"Compare and contrast two treatments of either drapery or animals by Greek sculptors, establishing their artistic contexts",easy
"Briefly compare this way of testing the satisfiability of to the more standard way using SLD Resolution, as in Prolog",easy
How would you compare SAS with the Visual Basic Application and SPSS for the processing and analysis of mainframe data,easy
Describe and compare the role of Islamic law in the legal systems of Malaysia and Pakistan,easy
Express the rule in function notation,easy
Express the following systems in matrix form,easy
Express the following percentages as fractions in simplest form,easy
Explain the whole method of crushing,easy
"In your own words, how would you summarize the story up",easy
Summarize the main point of these two texts in your own words,easy
Outline the aim of two studies within the,easy
Outline your experience in working with service users,easy
How do teenagers use code in emails and instant messages?,medium
Use the second-derivative test to determine whether critical points where f0(x) = 0 yield relative maxima or relative minima,medium
Use the unification algorithm to determine whether the following two terms are uni_able. Show intermediate step,medium
Use tableau methods to prove that the following tableau is valid.,medium
Use a sketch too find the exact value of each expression,medium
Use Gauss Law to find the electric field between the plates when the charge on them is Q,medium
What happens if you restrict a determinental process to a subset R  S? ,medium
What would happen if the rainfall doubled in your state next year,medium
What happens if you change the direction of the displacement (but not its size)?,medium
What would you do if a heavy growth of bacteria had occurred,medium
What would result if ,medium
What approach would you use to prove the truth of the below statement,medium
Construct one Turing Machine for computing each of the following functions,medium
Construct a dictionary and a truth table to determine if the following statements are logically equivalent,medium
"How can we construct H given I, B and E?",medium
Construct a family of networks to demonstrate that the number of different mincuts in a network can be exponential in the size of the network,medium
How do you construct foliations on a given manifold M?,medium
How to Construct the Optimal Maintenance Problem,medium
How to construct simple solutions when problems are complex?,medium
Construct the 4-Bit Ripple carry Adder Circuit,medium
Construct an analog circuit with the following specifications,medium
Construct the Data Path of the RISC Processor given in the previous question,medium
How do we construct agents that can deliver. good assistance,medium
How to construct the selected information system,medium
Show how they have used creative writing strategies appropriate to the format,medium
Show how to modify Fitch's algorithm given in class today to accommodate non-binary,medium
Show how E-CRM can be used to improve marketing positioning as explained in the article,medium
How would you show your understanding of the ABC process,medium
Show me how you would check the brake lights are working on this car,medium
In what ways are foxes similar to wolves and dogs,medium
How are the adolescents with ASD similar of different from each other in their sources of communication breakdowns ?,medium
Examine the data in the EMPLOYEES and DEPARTMENTS tables,medium
Examine the differences between the model excluding the most influential observation and the model including all observations.,medium
Critically examine the strengths and weaknesses of the positivist paradigm,medium
Examine differences between the means of each individual switching factor.,medium
Examine carefully the given map extract on the following page to help you work out the exercise below.,medium
"Inspect each of these Boolean expressions, and determine whether each one is a sum of products, or a product of sums",medium
Inspect the size of the loaded data: how many objects and variables does the iris data matrix contain?,medium
Can you distinguish for me between what is reasonably  achievable and what are  exaggerations,medium
Can you distinguish aged rums from unaged rums by smell,medium
Can you distinguish pot still rums from column still rums by taste,medium
Inspect the pattern of GPS positions relative to the known published value,medium
How does your agency inspect against its expectation for operators,medium
How to inspect and maintain fresh water plumbing systems properly,medium
Can you analyze the fractures and determine which should be repaired surgically,medium
Can you please analyze modern contemporary culture and tell me how your work plays a significant part in the remains of our post-modernist culture ?,medium
"How effectively did students analyze course content on race, class, and privilege through autobiographical reflection",medium
How do you analyze a marginally RCT,medium
"Contrast the treatment of ""well known"" trademarks provided by Paris Article and by TRIPS Article",medium
Contrast the Valles Marineris on Mars with the Grand Canyon,medium
How does Hawaii contrast and compare to Florida?,medium
Investigate whether or not the system can be solved for x; y; z ,medium
Investigate (pointwise) convergence and absolute convergence of the given series of functions,medium
How would you investigate this patient,medium
How would you investigate this abnormality,medium
What can I do to investigate this problem further,medium
how the investigation was undertaken,medium
How would you differentiate between heterodox and mainstream,medium
"How do I differentiate between ""deceive"" and ""cheat on""?",medium
Revise how to complete a complex task in order to improve the outcome.,hard
Revises and process to improve the outcome.,hard
"structure, sorts the list in ascending order, displays the list on the screen and stores the list",hard
Suppose Phillip wasn't rescued shortly after Timothy's death. How long could he have survived?,hard
"Using information from the book about one of the main characters, rewrite the ending of the book.",hard
What ideas can you add to...?,hard
What might happen if you combined...?,hard
What solutions would you suggest for...?,hard
What would happen if . . .?,hard
What would you predict/infer from...?,hard
Why dont you devise your own way to deal with . . .?,hard
Why not compose a song about . . .?,hard
"Write a C program that accepts integer inputs from the screen, computes the total and average values; and displays the values on the screen.",hard
Write a letter to the editor on a social issue of concern to you.,hard
Write a logically organized argument in favor of a given position.,hard
Write a poem about this book.,hard
Write a set of rules to prevent what happened in the story.,hard
Write a short story relating a personal experience in the style of a picaresque novel.,hard
Write a song about 'Old MacDonald' who had a bulldozer instead of a farm.,hard
Write an essay in not more than 250 words about India and Technological Advancement. Use active voice as much as possible.,hard
How do you combine the results of various individual tests to determine whether a student can progress to a next semester / phase / year?,hard
How can we combine and abstract facts about a software system to create new knowledge?,hard
How to combine virtual symmetry and symbolic model checking effectively,hard
How do we efficiently combine multiple subject graphs to construct an aig with choice,hard
how do we devise a way to enforce the laws,hard
can you devise an explicit formula for,hard
Do you devise a systematic approach in order to get larger progressions,hard
Develop and execute a program for this exercise,hard
Develop a network based on the following information: Activity Immediate predecessors,hard
How could we develop a coherent measure of success for organisations engaged in this type of activity with young people?,hard
Select the best proposal for a proposed water treatment plant.,hard
Select the most effective solution.,hard
suggest ways in which it could have responded more effectively,hard
decide about the most exciting part of the book. being sure to give at least three reasons why?,hard
Use a judge and jury to discuss the statement 'Children enjoy Anthony Browne's books because of the illustrations'.,hard
"Using straight value depreciation, decide between two copper-nickel alloys for the design of a heat exchanger. ",hard
"Using the basic principles of socialism discussed in this course, evaluate the US economic system by providing key arguments to support your judgment.",hard
Was Hemingway a great American writer? First you will need to define greatness.,hard
What changes to . . . would you recommend?,hard
What criteria would you use to assess the validity of a business contract?,hard
What criteria would you use to assess...?,hard
What do you think about . . .?,hard
What is part of this book did you like best. Tell why you like it?,hard
What is the most important...?,hard
Which of the following actions would probably be least effective in determining the answer?,hard
"Which of the two algorithms, bubblesort or quicksort, is more efficient? Justify your answer.",hard
Would you have liked to have had Cinderella for a sister? Explain why or why not.,hard
Write a list of criteria to judge the Willy raps.,hard
Revise the story and specify the type of audience that would enjoy this book.,hard
Estimate the epicentral coordinates of the earth-quake,hard
Estimate the risk of serious illness for consumers in different susceptible population groups,hard
Estimate expenditure on HIV/AIDS education,hard
Estimate the difficulty of the question,hard
Estimate roughly how long the collision process takes,hard
What do you think is the best thing about coming to Viestal?,hard
What do you think is the mass and why,hard
What do you think are the strengths of using integrated math in your program?,hard
Do you think that this statement conveys the idea that i am trying to portray,hard
How do you think the community should grow or change,hard
How Do You Think One Should Reason in Making Ethical Decisions in Business,hard
Can you tell me about the stages of grief according to Elisabeth Kübler-Ross?,easy
An infinitely long plane uniform plate is bounded by two parallel edges in the y direction and an end at right angles to them.,medium
List out FIVE (5) ways how manufacturing and service companies have commitment toward the environmental friendly practices. ,easy
Write short notes on the structure of RNA. ,easy
A PIC 18 is connected to the 4MHz crystal oscillator.,medium
What are the file access methods?,easy
"Referring to the advertisement design below, evaluate the usage of Dominance and Unity in principles of design.",hard
A fair coin is tossed 64 times.,medium
What do you mean by Widmanstatten Structure?,easy
Design a spring for a balance to measure 0 to 1000 N over a scale of length 80 mm.,medium
Give the specifications and applications of SCR.,easy
Causes of Gear Tooth Failure explain in detail.,medium
Describe the types of vibrators used for compaction of concrete.,easy
What are the causes of an earthquakes.,easy
What is Biomass?,easy
Explain the use of for loop with syntax and suitable programming example in Java.,easy
"The pre-planning stage of a lesson takes into consideration several factors. Name 
FIVE (5) external factors and briefly explain the importance of each of the factors. ",easy
Differentiate between Convective and local Accelerations.,medium
List FIVE (5) basic types of research.,easy
Give the mechanism of nitration of benzene.,medium
What is the significance of coating on the material properties?,easy
Determine the doping levels in the respective regions.,medium
How is the equilibrium constant K related to the standard free energy change?,medium
Write a short note on bearing materials.,easy
Explain in detail the importance of preliminary geological exploration in civil engineering projects.,easy
Write short note on current boosting regulator.,easy
Derive formula for numerical differentiation of first order using Newtonâs forward interpolation technique.,medium
Explain in brief the direct screen stencil making process.,easy
"Using the process approach in writing composition, describe the activities you would 
carry out to write a composition entitled 'A visit to a zoo in a Form 1 class. ",easy
Define Usability.,easy
Compare linear and switching mode power supply.,easy
What is configuration identification in SCM?,easy
List and explain various features of virtual 8086 mode.,easy
Explain model for network security.,easy
Explain Demand and supply curve.,easy
Describe the THREE (3) causes of concrete blister. ,easy
What is Design?,easy
Explain the representation of polynomial using GLL.,medium
State the different applications of contour lines.,easy
A girder or uniform section and constant depth is freely supported  over a span of 200 Centimeters.,medium
What is Decomposition Technique?,easy
Describe the historical development of wind turbine on global level.,easy
List the SEVEN (7) stages of the development process of a building project. ,easy
Explain in detail pipeline performance.,easy
Describe the circumstances when tertiary treatment of wastewater is necessary. ,easy
Calculate the average holding and setup cost per year. ,medium
"""The bullwhip measure can be used to analyze supply chains. Nevertheless, inaccurate measures taken in addressing variance amplification can have ramifications"".  Explain this statement. ",easy
Explain the working o single-phase full wave centre tapped rectifier with pure resistive laod.,easy
State the different patterns of counter showing natural features.,easy
Explain the possible flow patterns in the culvert depending on the level of the rain water in the car park and the drain channel. ,easy
Use minimum 8 functions of Deque STL.,medium
Evaluate 1 2 01dx xï«ï² using Trapezoidal rule taking h = 1 4.,medium
Explore the role of various fields in Page Level Protection.,easy
Elaborate the term of national income as used in building economics.,easy
Write short note on IEEE 802.,easy
What are fractals?,easy
What is SMPS? Explain working principle of it.,easy
Show that the vector Field.,hard
State Lambert and Beer laws and derive the combined law equation.,medium
Describe how soils are involved in the greenhouse effects. ,easy
How folds are developed?,easy
What is meant by multicore architecture?,easy
Discuss in detail preliminary geological work on dam and reservoir.,easy
What are the variants of recursion.,easy
How Basic Arithmetic operations are performed using ALU IC 74181?,medium
Explain the use of BSR mode of 8255.,easy
State  the Characteristics of contour lines?,easy
Discuss âSwedish Slip Circle Methodâ for stability analysis of finite slope.,easy
State TWO (2) subsystems of AIS. ,easy
What is Remote sensing?,easy
What is the necessity of ventilation and explain types of ventilation?,easy
Find the inverse Laplace transform of given network given F( s).,medium
National income can be calculated using three approaches. State the THREE (3) approaches.,easy
"As a project manager, you are evaluating the building design for its compliance to intended function as a private college accommodating over 2000 students. Analyze the problems and propose the building performance to meet these functions. ",hard
Explain qualitative and quantitative data.,easy
Explain why a sustained inflation is a purely monetary phenomenon and cannot exist without the cooperation of the Bank Negara Malaysia (BNM). ,easy
Explain different methods to handle multiple interrupt request.,easy
List various types of flow control valve.,medium
What is Sub Zero Treatment and why is it necessary?,easy
Write a short note on control system and electronics.,easy
Explain Landslides causes and remedial measures.,easy
Explain Soft and hard solder.,easy
What is BGP?,easy
Explain the function of International Monetary Fund (IMF). ,easy
List the advantages and disadvantages of FM over AM.,easy
Barbie Dolls have been banned in some of countries. Provide FOUR (4) countries and evaluate the reason behind the ban. ,hard
Describe the historical development of wind turbine on Indian level.,easy
Depict the figure showing he feeder pathways for glycolysis.,easy
Describe Logical Programming.,easy
State and prove sampling theorem with suitable waveform and mathematical expression?,medium
Define graphic design and product design. ,easy
Describe V AT Polymerization process in short.,easy
Explain and differentiate between TWO types of aggregations when colloidal particles are unstable. ,medium
Define Draft tube.,easy
What is perspective projection?,easy
State following statements are True of False.,easy
"Write recursive function for in-order, pre-order and post-order traversal of Binary tree.",medium
Define transducer and state detailed classification of transducers.,easy
A badminton hall to be provided with a lighting installation.,medium
What is Template?,easy
Show that the wavefunction of a free particle is a plane wave. ,medium
What is MOD counter ?,easy
Explain Calorific Value.,easy
What is File?,easy
Explain fiber reinforced composites and particle reinforced composites.,easy
"""Firms can use existing brand names or create new brands on the internet"". Evaluate the above statement. ",hard
Write a short note on Saytzeff rule.,medium
State the necessary conditions for parallel operation of transformers.,easy
Describe MOST with suitable illustration.,easy
Explain the properties of instantaneous centre of rotation.,medium
Explain Kinematic modeling in Virtual Reality.,medium
"The correlation between the S&P 500 index fund and the emerging market fund is zero. Consider portfolio A, which consists of 80% of the S&P index fund and 20% of the emerging-market fund. Calculate portfolio A's expected return and standard deviation. ",medium
What are Pumps and Compressor used in Hydraulic and Pneumatic Systems?,easy
Enlist different names of satellite and state features of any two of them.,easy
Define economic threshold and its use. ,easy
Construct the binary search tree (BST) from the following elements.,medium
Evaluate the first and second derivative of âx at x=15 from the following data,medium
Derive the relation between maximum permissible tension and centrifugal tension in belt so that it can transmit maximum power.,medium
Describe the TWO (2) conditions that lead to bank failures. Provide the examples of bank failures that happened in the past with a specific time frame. ,easy
A centrifugal pump having outer diameter equal to two times the inner diameter and running at 1000 r.,medium
Derive the torque equation of DC motor with usual notations.,medium
Explain the different conditions for spontaneity by using Gibbs free energy.,medium
How wind and ice loading affect the presence of sag.,easy
Sketch and label the section of the ground floor slab. Explain the purpose of each labelled component. ,medium
Predict the effects of excess application of nitrogen fertilizer into the soil. ,easy
Explain how the verticality of tall building is checked?,medium
Derive the expression for loop inductance of single phase overhead lines.,medium
"Solve the one dimensional heat equation 2 2y uktxï¶ï¶ï½ï¶ï¶ subject to conditions. i) u is finite .tï¢ ii) u (0, t) = 0, iii) u(ï°, t) = 0, iv) u( x, 0) = ï°x â x2  0.xï°ï£ï£",medium
What are pipeline hagards?,easy
Define exception.,easy
Classify insulating materials and hence write properties and applications of any two materials from Class C type.,easy
"In their efforts to achieve their macroeconomic objectives, all governments, regardless of political persuasion, employ the same types of policy instrument. Discuss.",easy
What are elastic pressure transducers?,easy
Write short note on stainless steel?,easy
Explain the page translation process in 80386.,medium
Write algorithms to create and delete a segment.,easy
"Suppose milk and yogurt are within Sophie's budget and she views yogurt as an inferior good. Using indifference curve and budget line, explain the substitution, income and total effects when the price of yogurt falls. ",medium
Explain file attributes.,easy
Describe the construction of foil type strain gauges and explain their advantages over wire wound strain gauge.,medium
Describe consumer behaviour. ,easy
"Mr. Vilas brough an air-conditioner for Rs. 20,000; he paid tax of Rs. 2,000 and Rs. 200 for trnsport. If he sold it to a customer forRs. 22,500, what is the percentage profit or loss?",medium
Explain the following in relation with filters.,easy
Bankerâs algorithm is used for deadlock avoidance. Explain.,easy
What are the requirements for Linux system administrator?,easy
Implement a full-adder using Demultiplexer.,medium
What do you mean by Earned Value Analysis?,easy
"SUBWAY brand is the world's largest submarine sandwich chain with more than 44,000 locations around the world. This November, Subway is introducing two new combos as in the image provided below. Propose a rough layout of a poster to promote these new combos. ",hard
Explain briefly the media usage in advertising effectiveness. ,easy
What is the purpose of Leaky bucket and token bucket algorithms?,easy
A Rankine cycle operates between pressure of 80 bar and 0.,medium
What is runtime polymorphism?,easy
How does the falling and rolling ball viscometer used to measure the viscosity?,medium
Explain the concept of Available and Unavailable energy.,easy
What is stream?,easy
Evaluate ()11 00xyd x d y +ï²ï² using Simpsons 1/3rd rule with h=k=1/2,medium
Index for 87 divisions by compound indexing using following Brown and Sharpe Plate.,medium
Compute the intensity of active earth pressure at a depth of 8 m in dry cohesionless sand with an angle of internal friction 300 and unit weight of 18 kN/m3.,medium
What are the rules for overloading operators?,easy
Differentiate between Reciprocating and Rotary Compressors.,medium
"In a BJT, the width of the base quasineutral region has to be small compared to the minority carrier diffusion length. Explain why this is important ",easy
Give the Dirichlet conditions for Continuous time Fourier Series.,easy
Explain process reaction curve tuning method in detail.,easy
A  tacheometer with analystic lens.Having the multiplying constant 100 was used and the following observations were made on staff held vertical.,medium
Explain any one method of viscosity measurement.,easy
Explain mechanism of universal indexing head.,easy
Evaluate .,hard
Explain the construction and working principle of universal motor.,easy
A solution was prepared by dissolving certain amount of compound in 31.,medium
Explain working of Ports in 8051 microcontroller.,easy
Analyse the bent shown in figure 4 by slope deflection method.,medium
Explain casement window in detail.,easy
Give basic definition of Y parameters explain why Y parameters are called short circuit admittance parameters.,easy
Briefly describe how poultry sexing is commonly carried out in a hatchery. ,easy
Explain the differences between forward and futures contract. ,easy
The design rules are usually described in TWO (2) ways. Describe these TWO (2) ways. ,easy
What are types of condensation?,easy
Derive expression for the pressure drop for a steady laminar flow through circular pipe.,medium
What do you mean by spontaneous magnetization?,easy
Differentiate between âtrial pits' and 'boreholesâ. ,medium
Define put-call parity. Discuss its implications and how arbitrageurs could take advantage of arbitrage opportunities for both options. ,easy
A 300 volt DC Shunt motor has armature resistance of 0.,medium
Define software testing?,easy
Explain a âCâ function to insert node in BST (Binary Search Tree).,medium
Explain seismic waves in detail.,easy
All partition walls are of 150 mm thick.,medium
"Besides silicon and germanium, name ONE (1) other material that can be used as the substrate of a transistor. ",easy
Describe price feedback effect by using relevant example.,easy
Define stack as an ADT.,easy
What is logic family?,easy
"Explain how the ionic, metallic, covalent, and mixed states solids are formed. Give an example of each solid and compare the electrical conductivity of the four types of solid. ",easy
Compare Linear V oltage regulators with SMPS.,medium
Assuming that the diameters of 1000 brass plugs taken consecutively from a machine form a normal distribution with mean 0.,medium
What are types of acceleration?,easy
Explain file functions for text file and binary file operations.,easy
Identify FOUR (4) factors that influence consumer behaviour. ,easy
Explain the necessity of providing fire protection system in building.,easy
Define and explain the following op-Amppovameter,easy
What do you mean by triangulation and trilateration in geodetic survey?,easy
Define terms.,easy
What is a solar collector?,easy
Write short note on lamination methods.,easy
Analyze SIX (6) types of modern construction problems as to how they negatively impact the various building functions. ,medium
Outline the FIVE (5) options marketers have when it comes to Agency Selection. ,easy
Design an adjustable voltage regulator using LM317 for output voltage 1.,medium
Explain following pins of 8051.,easy
A T section with 200 mm X 50 mm and web 200 mm X 50 mm as shown in figure 1 is subjected to vertical shear force of 200 KN.,medium
Enlist the feature of the Programmable Interrupt Controller Intel 82C59A.,easy
A thermos flask with evacuated space to reduce the heat losses having surfaces facing each other of emissivity 0.,medium
"As an educator, evaluate FIVE (5) advantages and FIVE (5) disadvantages of using technology in education. ",hard
List and briefly describe the FOUR soil forming processes. ,easy
The breakdown voltage of the gaseous insulating material experiment was carried out at the material science laboratory.,medium
Explain working of single phase half wave rectifier with RL load.,easy
Support your answers with ONE (1) example in everyday life for EACH perspective. ,hard
Elaborate on the design and production process including the rational and economic use of resources that influence the development of a building. ,easy
Explain with neat sketch battery ignition system.,easy
"Company directors remain the most important group of people who monitor 
and control the company on behalf of the shareholders. Explain the SIX (6) roles of company directors.",easy
An axial pull of 25 kN along with a shear force of 20 kN is applied to a circular bar of 20 mm diameter.,medium
Calculate first four moments about the mean of the following distribution.,medium
Suggest a technique that can overcome the problem of non-reusability for industrial enzyme applications. ,hard
Define functional dependency.,easy
Enlist features of a good hash function.,easy
Give the composition of duralumin.,easy
A 230 V DC shunt motor runs at 800 rpm and takes armature current of 50 A.,medium
Construct the binary search tree (BST) from the following elements:,medium
Identify FIVE (5) strategies to make hypermarket retail layout to be more attractive in responding to customers' various shopping behaviors.,easy
"In a table, list EIGHT differences between GenBank and RefSeq DNA sequences. ",easy
What is Mutual Exclusion?,easy
Write a short note on topological sorting.,medium
List the steps involved in programming PIC microcontroller in capture mode.,easy
Write one important feature and an application each of the following motors.,easy
Explain the TSS descriptor and its role in multitasking.,medium
Describe the objective and classification of triangulation survey.,easy
What are the different types of Financial Analysis?,easy
Short term and long term incentives have their own merits in promoting corporate performance. Compare and contrast the problems associated with both short term and long term incentives. ,medium
Identify THREE (3) types of securities that are issued by Malaysian government. Explain each in detail. ,easy
Elaborate on detectors used in AC bridges.,medium
For the configuration shown in the following fig.,medium
What is template?,easy
What is the need of hidden surface algorithm?,easy
Summarize different access controls in Java.,easy
Explain the working principle of McLeod low pressure vacuum gauge. With neat sketch.,easy
Show that the vector field.,hard
Discuss the best practices to reduce construction demolition and waste for sustainability. ,easy
How pressure regulation is done pneumatic circuits?,easy
"You attempt to purify a single protein X from a complex mixture of proteins. Protein X has a large number of aspartic and glutamic acid residues and no lysine, arginine or histidine residues. Suggest and explain a method to elute protein X from the column. ",hard
What is ADT?,easy
What are the factors that must be considered for deciding the instruction length.,easy
"Discuss in detail the Sharpe, Treynor, and Jensen measures of portfolio performance evaluation, by identifying the situations in which each measure is the most appropriate measure. ",medium
List the SEVEN (7) factors to be considered in the method of excavation and timbering. ,easy
"Within an organization, each employee holds different roles in the informal communication networks. Explain any FOUR (4) roles with an example for each role. ",medium
Mass media regularly use women in the mediuin of marketing and advertising. Discuss the possible negative consequences for various segments of the population and society. ,easy
Explain indexed sequential file organization.,easy
Describe and sketch the THREE (3) types of brick bonding. ,medium
State and explain rules of inference.,easy
Define :,easy
The internet is ideal for gathering people from all corners of the globe into communities with similar interests and tasks. Recommend THREE (3) ways that can be used to target online communities. ,hard
Explain the principle of autoclaving with its applications.,medium
List and explain various features of virtual 8086 Mode.,easy
Explain various process management system calls in Linux with example.,easy
"List FIVE (5) suggestions on how Malaysian public listed company director in Malaysia can perform  'Duty to use Reasonable Care, Skill & Diligence'. ",easy
A rectangular beam of breadth 100 mm and depth 200 mm is simply supported over a span of 4 m.,medium
What are the salient features of engineering student's hostel building?,easy
Derive Lagrangeâs Interpolation formula for unequally spaced data points.,medium
Differentiate between Gibbs adsorption equation and dynamic surface tension in the study of adsorption at interfaces. ,medium
Name FOUR enzymes in DNA replication and state their functions. ,easy
Write a note on SRAM.,easy
What is meant by back emf in DC motor? State the equation of back emf. Also explain how back emf acts as a regulating mechanism whenload on DC motor changes.,easy
Derive an expression for LMTD  for parallel flow heat exchanger with neat sketch.,medium
Explain a âCâ function to Insert a number in doubly linked list.,medium
What is RTD?,easy
Define following terms,easy
How packaging is providing protection to product from biological effects.,medium
Explain the behaviour of ferromagnetic material under curie temperature.,easy
In an engine mechanism as shown in figure.,hard
Derive the expression for armature torque developed in a DC motor.,medium
Explain the features of LISP programming.,easy
Suppose the two countries wish to specialize and trade. Specifically determine and explain which country enjoys comparative advantage in the production of sugar cane and blue agave. ,medium
Explain quick sort algorithm with suitable example.,medium
What is tree structured directory?,easy
What are the parameters considered for writing a good defect report?,easy
Obtain regression lines for the following data.,medium
A four pole lap wound DC motor has 540 conductors.,medium
Write a short note on capacity control of compressors.,easy
Describe the properties and application of the following materials.,easy
Differentiate between Symmetric and Asymmetric Key Cryptography.,medium
List and explain the FIVE (5) institutional structures that can promote and sustained economic growth. ,easy
Explain the types of HMI.,easy
The crank of an engine is 200 mm long and the ratio of connecting rod length to the crank radius is 4.,medium
Mr.,medium
What is LANDSLIDE?,easy
Explain the following operations performed on lathe with suitable sketch.,medium
Define briefly the role of marketing in advertising effectiveness. ,easy
What are Electroactive Polymers?,easy
Which raw materials are used for manufacture of nitrogeneous fertilizers produced from Ammonia.,easy
Explain in brief the mesh selection criteria for screen printing applications.,medium
Write in details FIVE (5) phases of design process.,easy
Compare pulse Amplitude modulation and pulse position modulation.,medium
State and explain basic components of ASM chart.,medium
"Find the directional derivative of xy yz xzÏ=++  at (1, 1, 1) along line 111 212x yz âââ== .",medium
"Based on your knowledge on the physics of semiconductors, evaluate the limit for the minimum feature size of silicon MOSFET.",hard
Write a short note on survey for drainage line work?,easy
What are the advantages of digital instruments over analog instruments.,easy
What is Exception handing? How to handle Exception in Java?,easy
What is aliasing? How can it be avoided.,easy
Differentiate between Microscopy and Macroscopy.,medium
Provide FOUR (4) reasons of using aggregate in concrete production. ,easy
What improvements needs to be done for packaging waste.,hard
Elaborate THREE (3) channels of the transmission process for monetary policy. ,easy
Explain the working of circular queue.,easy
Define package used in Java.,easy
Suggest FOUR (4) recommendations in dealing with intersexes. ,hard
What is a doubly linked list?,easy
Explain the function of 78XX and 79XX voltage regulator.,easy
What is instruction hazard?,easy
Describe the assumptions of monopolistic competitive market.,easy
List the features of 8086 microprocessor.,easy
"KOMUGI offers a deliciously authentic variety of handmade Japanese breads, cakes and confectioneries. In 23th December 2017, KOMUGI will launch its first outlets in Perak which will be located in Jusco Kinta City, Ipoh. Your client KOMUGI would like to run a coupon promotion for perakian. Design a creative coupon with catchy messages, slogans and offers to attract the perakian. ",hard
Identify FOUR (4) major crisis variables in organizing and analyzing crisis evolution data. Support your answer with explanation and ONE (1) example for each variable. ,easy
State and explain types of belts.,easy
Explain static and dynamic tree tables with suitable example.,medium
A hollow circular shaft has external and internal diameter as 100 mm and 60 mm respectively.,medium
Differentiate between Putlog and Independent Scaffold. ,medium
Explain the Media Richness Model. Use the model to discuss how managers can pick the best channel in communicating with staff and support your discussion with a scenario. ,hard
State the advantage of applying each step in the purification scheme. ,easy
State various materials used in reinforcement of plastics.,easy
Define pyrolysis and cracking in petroleum refining process.,medium
Identify any FIVE (5) significances of nonverbal communication in organization. ,easy
Enlist any four types of flooring.,easy
What is DMA?,easy
What is SCM?,easy
Explain the Bezier curve.,medium
Derive an expression of velocity and shear stress distribution for laminar flow between fixed parallel plates.,medium
Describe the THREE (3) roles for social media in branding.,easy
Apply the block digram reduction rules to reduce the following system into canonical form and determine its control ratio.,easy
"In maintaining concrete quality, identify SEVEN (7) good practices on site. ",easy
An infinite slope is made of clay with the following properties:,medium
What are the salient features of vegetable market building.,easy
What is Inheritance?,easy
Discuss following terms.,easy
Find the Laplace Transform and ROC of Unit Step function and Unit Ramp function.,medium
Name the four different types of interactions involved in building the tertiary structure of proteins and give one denaturing agent for each.,easy
Explain FOUR (4) benefits of using Digital-Out-Of-Home in advertising. ,easy
Write short note on external sort.,easy
Explain in brief reactions involved in manufacture of silicone rubbers with mechanisms.,medium
Give dimensionless numbers in case of natural and forced convection.,easy
Banks act as an important institution in the financial system. Briefly explain what a bank run is and provide THREE (3) causes that lead to its occurrence. ,easy
Explain Network stability.,easy
List TEN (10) components of an effective crisis communication plan.,easy
Explain in brief the exposure time calculation method for screen stencil making process.,easy
Write a note on User Interface Design.,easy
Discuss in detail with a case history how geological investigations have helped for proper site of Dam.,medium
"Construct a DNA based cladogram using neighbour-joining approach, and suggest the relationship of S, M, and D species. ",hard
Describe the basic Qlassic inspection tools used and how they are used to detect the various types of defects for their assessment of quality.,easy
Propose TWO (2) strategies that a minority opinion can overtake the majority and be accepted. ,hard
How are polymers classified on the basis of their structure?,easy
Discuss the different types of threads used in power screw.,easy
Write short note on Self Lubricated Bearing.,easy
A concentrated load of 25 kN acts on the surface of homogenous soil mass of large extent. Find the stress intensity at a depth of 8 m by usingBoussinesqâs theory at a horizontal distance of 2.5 m.,medium
Describe how accurate mass spectrometry could be applied to determine if a small protein contains a pair of disulfide-bonded cysteine residue or two reduced cysteine residues. Explain how you can confirm your finding. ,medium
Discuss the methods of synthesis of furan and pyrrole.,medium
Comment on flashing in brief and suggest the suitable method used to reduce it.,easy
Explain Shell and Tube heat exchanger in detail with neat sketch.,medium
The  results of measurements of electric resistance R of a copper bar at various temperature are listed below.,medium
State and discuss the approach as prescribed in Malaysian Code on Corporate Governance (MCCG) 2017. ,easy
Explain the instruction Formats in 8086 with examples of suitable instructions. What is Operand? Enlist types of operands.,easy
The first four moments of distribution about working mean 3.,medium
What is interface in java?,easy
Define Aquifers. Explain in short the types of aquifers.,easy
Describe Exception.,easy
Interface DAC 0808 with 8051 Microcontroller.,medium
Washer with 12 mm internal hole and 25 mm outside diameter is to be made from a strip of 1 .,medium
What is page replacement in operating systems?,easy
Give any two points of comparison between LAP winding and WA VE winding for DC machine.,easy
What is halftone and how it is created.,easy
"Discuss the role of an infomediary in the online distribution system and evaluate the benefits of this type of distribution system to the consumer, infomediary and advertiser. ",hard
"Calculate Treynor's measure for AOV's Portfolio and the market. Compare the TWO (2) measures, and assess the performance of the AOV's portfolio during the year just ended. ",medium
Define the functions of Type Checking and Limit Checking in protection.,easy
Explain the construction of three phase induction motor?,easy
"Compare and contrast the properties of clay brick and calcium silicate brick in terms of crushing strength, moisture movement, durability, appearance, fire resistance, colour, texture, sound and thermal insulation. ",medium
Give detail classification of measuring instruments.,easy
Explain whether using women as sexual objects can grab the viewer's attention and lend to interest to a product or service. ,easy
Write a program in C language assign highest priority to INT 1 interrupt.,medium
List FIVE (5) guidelines for spokesperson to follow during the media interview. ,easy
Give any four examples of Industrial Programming Language.,easy
Write a program that returns the size in bytes of a program entered on the command line.,medium
What are different types of ICR?,easy
What is Socket?,easy
"State, define and list the advantage(s) and disadvantage(s) of the THREE animal selection methods for multiple traits. ",easy
What do you mean by recursive function?,easy
What are the problems of managing data resources in a traditional file environment?,easy
List the application of microprogramming.,easy
Consider the following processes arrival time and burst time are as shown.,medium
Briefly explain why formation of solid forms in final product such as glasses and bottles in glass industry is a disadvantage. ,easy
Which are various functional units of microprocessors?,easy
Explain what are factors to be consider for selecetion of span length hence state factors affecting sag of transmission line.,medium
What is the transformation?,easy
Calculate the equilibrium level of output for four sectors economy with taxes. ,medium
Find Fourier Transform of ()xfx eâ= .,medium
Compare late binding & early binding.,easy
Explain the FIVE (5) stages of organizational conflict according to Pondy's (1967) model. ,easy
Compare SMTP and HTTP.,medium
Sketch the polar plot for.,medium
Identify FIVE (5) points on how social media can be utilized by the organization during a crisis. Elaborate your answers with explanation for each point. ,easy
A cantilever of length 3 m is carrying a point load of 25 KN at the free end.,medium
Ethylene Oxide is produce from oxidation of ethylene.,easy
Describe and explain the various methods used for gene transfer to plant cells.,medium
What is Precipitation titration?,easy
"A string stretched and fastened between two points L a part. Motion is started by displacing the string in the form y = a sin Lxï° from which it is released at time t = 0. Find the displacement ï¨ï©,.yxt",medium
Explain in brief what is Lissajous pattern?,easy
Explain the concept of Transaction.,easy
Explain demand and supply curve and factors affecting on it.,easy
Mention various features of AT mega 328P.,easy
Describe the applications of mild steel in construction. ,easy
If ten percent of a articles from a certain machine are defective.,hard
Enlist the steps of protein digestion and absorption in stomach and intestine.,easy
Explain Frame Representation with its merits and demerits.,easy
List and briefly describe FOUR (4) types of secondary equity markets. ,easy
A pipe of 110 mm diameter is carrying water. If the velocities at the pipe center and 30 mm from the pipe centre are 2.1 m/s and 1.6 m/srespectively and flow in the pipe is turbulent. Calculate the shear frictionvelocity and wall shearing stress.,medium
"Determine normal, tangential and resultant stresses on a plane at 25Âº with major principal plane. The principal stresses of 120 MPa tensile onmajor principal plane and 50 MPa compressive on minor principal planeare acting at a point on the member.",medium
What is namespace? To demonstrate namespace with example.,easy
Elaborate the impact of usage of EV on power grid.,easy
What do you meant by retrofitting of concrete and explain use of fiber reinforced polymer concrete for retrofitting.,easy
Explain RIP message format in detail.,medium
Name TWO (2) types of laboratory tests. ,easy
Briefly explain any TWO (2) security objectives of audit trails. ,easy
"Maslow's hierarchy of needs was developed by Abraham Maslow, a specialist in human behavioural psychology. The hierarchy was first developed to help explain the connection between basic human needs and human desires. Distinguish the hierarchy with appropriate example. ",medium
Explain in detail Microprogram Sequencing.,easy
Define organizational culture according to Schein (1990). ,easy
Explain in detail concept of maximum heat flux and critical temperature drop.,medium
Explain concept of Interface and implementation in detail with example.,easy
What is ADT? Explain stack as an ADT.,easy
Identify THREE (3) types of mortar used in wall construction. ,easy
Explain Steps to receive Data Serially in 8051 microcontroller.,easy
"Marketers theorize that just as humans pass through stages in life from infancy to old age, products also pass through a product life cycle. Explain all FOUR (4) stages of a product life cycle. ",easy
"List the five groupings of amino acids based on the R groups, Give one example for each group. ",easy
Explain Friend function with example.,easy
What is microprocessor?,easy
Comment on cavitation in brief and suggest the method to reduce it.,easy
A river is 80m wide. The depth d in meters at a distance x meters from one bank is given in the following table,medium
Explain the supercharging with neat sketch.,easy
Identify SIX (6) factors to be considered when designing layout. ,easy
Design 2 bit synchronous up counter using MS JK flipflop.,easy
What are various types of air conditioning systems?,easy
Explain functional units of computer.,easy
Enlist the various benefits of EV A to any project.,easy
Explain why higher rates of nitrogen might be required for no tillage compared to conventional tillage. ,easy
Assess THREE (3) brain structures that are associated with the language / speech function. Elaborate your answers with example. ,hard
Managing and engaging stakeholders have gained important grounds in corporate decision making. Provide your justifications for companies to adopt stakeholder model. ,easy
State the following properties of CTFT.,easy
State the classification and applications of Photogrammetry in surveying?,easy
"In a table form, state the advantages and disadvantages of X-ray crystallography and nuclear magnetic resonance in elucidating the three dimensional structure of proteins. ",easy
Explain the advantages of HMI.,easy
Give the property of line insulator and explain anyone.,easy
Explain the importance of visual in a poster design. ,easy
Write a program to create files using constructor function.,easy
Design a practical integrator with input signal of 2VPP and cutoff frequency of 2.5 kHz. for DC voltage gain to 10.,medium
Discuss the importance of Philip Crosby's suggestion on âdo it right the first timeâ by manufacturing company. ,easy
Explain three (3) ways in which JIT and quality are related. ,easy
What is significant depth and pressure bulb?,easy
Enterprise Application and explain with examples.,easy
A 250 V DC shunt motor with armature resistance of 0.,medium
Explain reading character and string from input console with suitable examples.,easy
Define bronze and explain in brief types of bronze with suitable examples.,easy
List out the properties of Continuous time Fourier Transform.,medium
Compare cycloidal and involute gear tooth profile.,medium
National income accounting refers to a set of rules and techniques that are used to measure the national income of a country. Explain the EIGHT (8) reasons why national income accounting is important. ,easy
The foundation is the base on which a building rest and its purpose is to safely transfer the load of a building to a suitable subsoil. Identify the specified bearing loads and give the explanations for each bearing load.,easy
Construct the backward difference table for the following data.,medium
What are the limitations of Fourier series.,easy
Explain Coriolis Component of Acceleration.,easy
Explain on the Psychrometric Chart following Processes.,easy
A perfect die is thrown. Find the probability that,medium
What is basic principle of metal cutting?,easy
Write in short about dialysis and size exclusion chromatography.,easy
What is cohesion and coupling?,easy
Distinguish between hot and cold foil stamping.,medium
Explain extrusion process for thermoplastic plastics.,easy
Derive an expression for the capacitance to neutral of a three phase line with equilateral spacing.,medium
"Differentiate among âexternal wall', 'internal wall' and 'parapet'. ",medium
Explain any two types of memories.,easy
Describe the electrokinetic phenomenon. ,easy
Write a short note on Velocity Profile optimization in DC Motor?,easy
Difference between Rankin cycle and Carnot cycle.,easy
Calculate the optimal size of the production run. ,medium
Suggest FOUR (4) strategies that facilitate early childhood development from the physiological psychology perspectives. Elaborate your answers with examples. ,hard
Explain the factors for selection of motor for an EV .,easy
Determine the values of Cambodia's government spending multiplier in closed and open economy. Explain which multiplier has the greater impact on the Cambodia economy. ,medium
Define steel?,easy
Calculate the level of output Japan needs to achieve in order to maintain a balanced trade account. ,medium
Define the term 'Production Possibility Curve' as used in the timber and steel factory. ,easy
Compare under and over exposure and optimum exposure for screen stencil making process.,medium
Explain how the wind pattern affects power generation in wind energy systems.,easy
State the significance of back emf in dc motor.,easy
Analyze FIVE (5) disadvantages of multimedia in education. ,medium
Write short note on : Producer-consumer Problem.,easy
Write following C functions in SLL:,medium
"In your opinion, which parental group selected will give a higher gain in Kaseem's breeding programme. Show the calculation and justify your answer. ",hard
Explain working of IC 555 as astable multivibrator.,easy
Explain the working of Half wave Precision Rectifier with appropriate equations.,easy
List and explain THREE factors that are affecting microbial biodegradation rates of petroleum hydrocarbon. ,easy
What are the assumption of BET theory of adsorption?,easy
A pressure vessel is required to have a capacity of 20 m 3.,medium
What is adsorption isotherm?,easy
A fluid of viscosity 0.,easy
Find the slope of the free water surface in a rectangular channel of width 20m having depth of flow 6m.,medium
Explain theory of stadia tacheometry?,easy
What observations and precautions are necessary during Core Drilling for Preliminary Geological Exploration?,easy
Write note on stiffness method and write elements of displacement matrix for following figure.,easy
A pressure vessel having outer diameter 1.,easy
What do you mean by concrete mix design? What are the objectives in mix design?,easy
Name the enzyme commonly used to detect liver damage or muscle damage in clinical diagnosis.,easy
Enlist various linear methods of setting out curves and explain any one with sketch.,easy
Explain the terms.,easy
Determine shape factor for Circular section having diameter d in m.,medium
Explain any two parallel Database System Architecture in detail.,easy
Describe in detial  Read Only Memory (ROM).,easy
"A site is proposed for excavation of tunnel is A-B and M-N, which is passing through axis and limb region of fold respectively. Justify thesuitability of tunnel is such conditions.",medium
How do you express the life of a bearing?,easy
The option's premium represents the price of the option that change over time. Discuss FOUR (4) factors that affecting premium of an option.,easy
Whta is Backface?,easy
What is Morphing and write the applications of Morphing.,easy
Describe the classification of dyes on the basis of chemical structure.,easy
Define Mineral.,easy
Explain how memories are classified based on physical characteristics.,easy
Explain steps involved in the stability analysis of slopes by method of slices.,easy
Explain coriolis component of acceleration with neat sketch.,easy
State reactions take place in catalytic reforming process.,easy
Compare single phase HWR and single phase FWR.,easy
Explain the feedback compensator with example.,easy
Find Laplace Transform of the waveform given in Fig No.,medium
Show that ï¨ï© ï¨ï© ï¨ï©22 22 22ËË Ë Fi xy xz yx yz j zx zy kï½ï« ï«ï« ï«ï«ï² is irrotational. Find scalar ï¦ such that F.ï¦ï½ïï²,medium
What are different data fragmentation techniques in distributed databases?,easy
What is risk identification?,easy
How landslides can be prevented?,medium
Explain the procedure for finding slope and deflection for a cantilever beam with a point load at free end Double integration method.,medium
Explain different drainage conditions in triaxial test.,easy
Consider Following circular queue of characters and size 5.,medium
Explain the function of bit TF0 in TCON register and write a program in C language to start timer 0.,medium
Compare python list and linked lists.,easy
Write an algorithm of B tree deletion.,easy
Define Industrial Engineering and state its History and Development.,easy
What are the qualities of good drug?,easy
Explain theory of stadia tacheometry.,easy
A three phase transmission line has its conductors at the corner of equilateral triangle with side of 3 meter.,medium
Describe the principles of a coupled enzyme assay. ,easy
State advantages and disadvantages of LFP Battery.,easy
Find the Inverse Fourier Transform using partial fraction expansion.,medium
Explain Design issues of Super scalar processor.,easy
Explain with example:,easy
Describe Impressionism art style. ,easy
Explain objectives of cladding.,easy
Write a note on setting  out a building?,easy
Write short note on nervous tissue.,easy
Identify FOUR (4) statements should be avoided by spokesperson as the representative of an organization during a press conference. Elaborate your answer with an example for each statement. ,easy
Write a program which demonstrate constructor with default arguments.,medium
Explain all the elements of multimedia with examples. ,easy
What are the measure of query cost?,easy
Explain the concept of stream in Java?,easy
Briefly explain any TWO (2) advantages of real time data processing in the sales and cash receipt system. ,easy
"Explain FIVE (5) causes of ""glass ceiling by providing a relevant example for each cause. ",easy
State the following properties of CTFS.,easy
Define the transition state and activation energy in relation to catalytic power of an enzyme. ,easy
Briefly explain how clay particles and soil organisms influence soil structure. ,easy
Define probability. Also write the properties of probability.,easy
State the following properties of DT fourier series.,easy
What are the different types of muscle tissues?,easy
"For any points which fall outside the curve, explain the combination of production for steel and bricks. ",easy
Find the maximum flow in the given network.,easy
"In all analysis methods, the effects of turbulence have to be modeled unless all the scales of motion are represented explicitly as in Direct Numerical Simulation (DNS). Explain why it is not practical to analyze flows in practical hydraulic engineering by DNS. ",easy
List the various method of conversion compare them and which one is fastest.,easy
Explain any 3 Welding defects along with remedies.,easy
Two tangents intersects at a chain age of 150.5 m the intersection angle 150Â° calculate the following quantities for setting out all curves of radius 100m .,medium
Explain the various modes of heat transfer with suitable real life examples.,easy
"Using an appropriate example, describe how competitive ELISA works. ",easy
Explain the working of Electronic Ignition system with neat sketch.,easy
Determine the z parameters for the circuit shown in Fig.,medium
Write program to handle primitive data types in file handling.,medium
Find the driving point impedance Z11 (s) for the network shown in Fig. 10,medium
Discuss why the fertility program for potted plants is different from field crops. ,easy
What is buffer register?,easy
Describe in brief any one method for the speed control of a three phase induction motor.,easy
Compare diode rectifier with precision rectifier.,medium
The diameter of an impeller of a centrifugal pump at inlet and outlet are 300 mm and 600 mm respectively.,medium
"Among 64 off springs of a certain cross between European horses 34 were red, 10 were black and 20 were white. According to a genetic model these numbers should be in the ratio 9:3:4. Is the data consistentwith the model at 5% level of significance? Take  2 2;0.05 5.991ï£ï½",medium
Evaluate the principal stresses and principal planes for the state of stress shown in Figure.,medium
Write down the equations for Following circuits.,easy
Briefly explain the main feature of the structures of dilute foams and concentrated foams. ,easy
Describe the flow of MOET procedures in cattle breeding. ,easy
Describe Material Extrusion process in short.,easy
What are the check points in cell cycle?,easy
Define Queue and explain any one application of Queue.,easy
Explain the procedure of Fixing door and window in detail?,medium
Write a short note on - C60.,easy
When do deadlock happens?,easy
Give TWO advantages of X-Ray Photoelectron Spectroscopy (XPS). ,easy
Describe âmechanism-based inhibitorsâ. ,easy
State Different names of satellites and Write a note on GLONASS (Global Navigation and Surveying System).,easy
Briefly explain the differences between a Langmuir-Blodgett (LB) monolayer and a self-assembled monolayer (SAM). ,easy
Write a program to implement the Linked list operations.,medium
Explain the main difference between uncompetitive and noncompetitive inhibitors. ,easy
Bag 1 contains 2 white and 3 red balls.,easy
Compare direct and indirect methods of subsurface geological investigations.,medium
Discuss the disadvantages of LOCOS. ,easy
Consider the following Book Relation.,easy
Describe the types of a servo motor.,easy
Define the following terms:,easy
Briefly explain how aggregation processes could improve the water quality in a water treatment plant. ,easy
Pre-cast concrete retaining walls may be constructed with any or all of the joints. Describe the THREE (3) types of joints used. ,easy
How to perform loading and unloading of parts in machining operations using robots?,medium
Two straights AB and BC meet at chainage of 3450 m.,medium
"Find f(10) of the cubic function passing through the points (4,â43) (7,83) (9,327) and (12,1053) using Newtons divided difference formula.",medium
What do you understand by relative humidity of air?,easy
Write a short note on Glass and its types.,medium
Describe how soil surface roughness affects both water and wind erosion. Suggest ways to increase roughness to reduce erosion. ,hard
Explain the applications of Virtual Reality systems.,easy
Distinguish automatic processing and controlled processing of information. Support your answer with TWO (2) relevant examples. Elaborate your examples in details. ,medium
What are the objectives of testing?,easy
What is accelerometer?,easy
A solution of 3.,easy
Explain rate method for control of corrosion.,medium
Probability of man aged 60 years will live for 70 years is 1 10.,easy
Provide arguments on how these investment strategies help in maintaining market efficiency. ,easy
Explain CAD geometry cleanup and tools used for it.,easy
Analyse the continuous beam ABC as shown in figure below using three moment theorem.,medium
Explain the working of Pirani Gauge for measurement of pressure.,medium
Discuss the negative effects of advertising on children. ,easy
Briefly explain FOUR (4) advantages and disadvantages of option trading. ,easy
What is system testing?,easy
Two straights PI and QI meet at chainage of 1250 m. A right handed simple circular curve of 250 m radius joins them. The deflection anglebetween two straights is 30 Â°. Tabulate the necessary data to layout the curve by Offset from long chord. Take chord interval as 10 m.,medium
"As a supervisor for the brickworks, List FOUR (4) aspects of brick quality control in order to produce good architectural work. ",easy
Identify TWO (2) strategies that are able to reduce the likelihood of an eyewitness reporting someone who did not commit the crime. ,medium
Using Laplace transform solve the D.,medium
Derive the torque equation of dynamometer type wattmeter. Explain the errors and its compensation in dynamometer type wattmeter.,easy
What do you mean by adjacency matrix and adjacency list? Give the adjacency matrix and adjacency list for the graph shown below:,easy
Give THREE disadvantages of X-Ray Photoelectron Spectroscopy (XPS). ,easy
What is a container?,easy
Explain the Standard Marking System of a grinding wheels.,easy
Explain gesture  interfaces in Virtual Reality.,easy
Estimate the value of the roughness parameter of the riverbed from the observed surface slope and velocity. Compare your computed value with generally known values for the present river bed. ,medium
Explain Classification of channel bottom slopes with neat sketches.,easy
What are the disadvantages of the linear queue?,easy
How test strategies for object oriented software are different from that of conventional software?,medium
Soil algae and protozoa are usually restricted at the uppermost soil layers and smaller than their aquatic counterparts. Justify. ,hard
Differentiate between followings.,easy
What is fouling?,easy
Briefly explain Financial Reporting System (FRS) and identify THREE (3) potential risks in FRS. ,easy
Explain how the affinity of hemoglobin for oxygen is regulated. ,easy
Explain the function of LM 317 as adjustable voltage regulator.,easy
What is meant by system calls in operating system?,easy
What are heat capacities at constant volume and constant pressure?,easy
What do you mean by memory management operator?,easy
Derive the equation for lateral earth pressure in active state for dry cohesionless backfill with uniform surcharge.,medium
Explain FOUR (4) benefits of mutual fund investment. ,easy
Explain Serial port structure of 8051 microcontroller.,easy
A concentrated load of 25 kN acts on the surface of homogeneous soil mass of large extend.,medium
Distinguish between 'differential foundation settlement' and 'uniform foundation settlement'.,medium
Define  the following terms.,easy
Choose ONE (1) activity and describe briefly how you plan to carry it out in your reading lesson. ,easy
Explain working of flash ADC in details.,easy
Describe different types of seismic waves in detail.,easy
"Find bilinear transformation which maps the points 1, i, â1 of z-plane onto the points 0, 1, â of w-plane.",medium
Explain any three methods of taper turning with neat sketches.,easy
Explain Risk identification process?,medium
Each of the FOUR (4) different historical perspectives have a unique outlook on Educational Technology and defines it in a slightly different way. List and discuss the FOUR (4) perspectives. ,easy
What do you mean by Engineering plastics?,easy
What are different Process management system calls in Linux.,easy
A horizontal venturimeter with inlet and throat diameter 30cm and 15cm resp is used to measure the flow rate of water.,medium
"In a magnetic material, hysteresis loss is 150 W when maximum flux density of 1.3 tesla and frequency is 50 Hz. What would be hysteresisloss if flux density is decreased to 0.8 tesla and frequency is increased to 60 Hz? Assume that hysteresis loss is proportional to (B m)1.7.",medium
A steel column of 4m long and of 100mm diameter is fixed at one end and free at other end.,hard
Support your answers with ONE (1) example in everyday life for EACH theory. ,hard
Explain the THREE (3) processes of forming a public opinion. Provide your answers with an example for each process. ,easy
Find angle between the tangents to the curve 232 rt i t jt kï½ï«ï­ at the points t = 1 and t = â1.,medium
Compare gang drilling and multispindle drilling machines.,medium
Discuss FIVE (5) stages of crisis management. Provide your discussion with ONE (1) appropriate example for each stage. ,easy
What are the basic performance issues in pipelining.,easy
Write short notes on the following.,easy
Briefly describe the stages involved in sequence assembly for the whole genome shotgun methodology. ,easy
Explain Economizer.,easy
Suggest FOUR (4) ways logistics service provider such as FedEx practices environmental friendly principles in its operation. ,hard
What is CAD customization?,easy
A series RL circuit in Fig No.,medium
Write a short note on Organic Protective Coatings?,easy
"Related party transaction is a transaction entered into by a PLC or its subsidiaries, which involved the interest of the related party. Justify the reasons for disclosure of related party transaction. ",hard
Explain class template and function template with example.,easy
A 6pole DC motor with wave connected armature has 87 slots with 6 conductors per slot.,medium
Where are semiconductors used?,easy
Nomination committee plays a crucial role in ensuring the continuity of the board of directors into the future. Analyse the functions of nomination committee in the context of corporate governance. ,medium
Explain various parts and any two types of faults with neat sketches.,easy
Identify the type of crisis based on time as a critical variable. ,easy
Enlist  various linear methods of setting out curves and explain any one with sketch.,easy
Determine maximum slope and deflection for a simply supported beam shown in figure below.,medium
Explain ferromagnetic and ferrimagnetic material and their  application.,easy
Define Industrial Engineering.,easy
Interpret FIVE (5) emerging trends of technology application in education. ,easy
Explain Gauss Seidel method for solution of simultaneous equation.,easy
What is mean by Governing system and explain all types of governing systems?,easy
What are the types of chips formed during metal cutting?,easy
A composite shaft consist of copper rod of 20 mm diameter enclosed in a steel tube of 60 mm external diameter and 20 mm thick.,medium
Explain any three sheet metal working operations with their working.,easy
Differentiate between CRO and DSO.,easy
Explain an algorithm to find in-degree and out-degree of a vertex with a suitable example.,medium
What is the space complexity of threaded binary tree.,easy
Derive an equation for length of cross belt drive.,medium
Explain the working of PV cell and Simplest Equivalent Circuit for a Photovoltaic cell.,easy
A Cantilever beam of span 2.,medium
What is Software Reuse?,easy
Determine the economic order quantity.,medium
Explain working principle of Induction motor and concept of rotating magnetic field.,easy
Explain Splay tree with an example.,easy
Explain the concept of page replacement algorthm. List the different page replacement algorithms.,easy
Explain the following terms.,easy
"Enzyme therapy is applied clinically to treat Gaucher disease. Describe the cause of the disease, the therapeutic enzyme and its function. ",easy
NIKE will be conducting consumer research on their footwear. Assess FIVE (5) types of consumer research that Nike can implement by providing an appropriate example for each. ,hard
Write note on High and low temperature materials with example.,easy
The pinions of an epicyclic train of gears is arranged as shown in Fig.,medium
In a certain company install 2000 LED bulbs on each floor.,medium
What are the criterias for selection of controllers in Embedded Products?,easy
Explain RTD with its principle of working. Explain three wire lead arrangement of RTD.,easy
Define Inheritance.,easy
"An infinitely long uniform metal plate is enclosed between lines y = 0, and y = l for x > 0. The temperature is zero along the edges y = 0, y = l, and at infinity. If edge x = 0 is kept at a constant temperature 0,v Find the temperature distribution ï¨ï©,.vxy",medium
Write a short note on Level Shifter circuits.,easy
Explain the classification of steel on the basis of carbon content with its applications.,easy
Explain Eurocurrency and its market. ,easy
Explain any two mineral deficiencies in detail.,medium
"Search engines are key means of attracting traffic to websites. As a new marketing executive with Munchy's Malaysia, recommend THREE (3) tactics used in search engine marketing (SEM). ",hard
What is fluidization?,easy
Explain Scan line polygon filling Algorithm?,easy
What is lag adjustment in case of energy meter?,easy
List and elaborate on different applications of microcontrollers.,easy
How to enhance decision making with information systems give suitable examples.,easy
Define instructional materials based on your understanding. ,easy
Prove,medium
"Your profit from previous project is RM30,000.00 and you just won a new project to construct a new airport runway at Sepang, Selangor. Decide whether you are going to purchase the bulldozer or pay out bonuses to your staff. Use the concept of opportunities cost, choices and scarcity to aid your explanation. ",medium
Support your answers with TWO (2) examples in everyday life for each strategy. ,hard
State sampling theorem in time domain.,easy
Write short note on classifications and different types of antifriction bearings.,easy
Describe the types of wind turbine electrical generators.,easy
What is mean by Constructor?,easy
Explain the different mechanical properties of Ceramics.,medium
Sketch the Type Il isotherm and provide a brief description of its nature and the processes that gives rise to the isotherm. ,medium
List and explain four common examples of exceptions.,medium
State which database architectures you will prefer for following application.,medium
Distinguish between embossing and debossing process.,medium
What do you meant by roller compacted concrete.,easy
Describe PMTS with suitable illustration.,easy
How does the granularity of data items affect the performance of concurrency control?,medium
"Output and capital are increasing more rapidly than labour in the pharmaceutical industry. However, labour is increasing faster than capital and output in the agriculture industry. Evaluate the different in the output growth and productivity between these two industries.",hard
Explain the various methods to protect slopes from failure with clear sketch.,easy
The length of various links of mechanism as shown in fig.,medium
What is a biodegradable polymer?,easy
Short note on Optimum proportions of a vessel.,easy
State THREE traits that are associated with invasive plants.,easy
Differentiate between a nylon mesh with stainless steel mesh.,medium
State and explain factors affecting shear strength of cohesive and cohesionless soil.,easy
Explain the term inflation as used in building economics. ,easy
Give the appropriate formula to calculate the velocity of the sedimentation. ,easy
For the differential eq.,medium
Compare the seasoning method between softwood and hardwood. ,easy
Describe FIVE (5) key players in advertising. ,easy
Explain any FOUR (4) product design strategies you have learned. Evaluate the importance of each strategy. ,easy
Derive power in a wind and Environmental Impacts of Wind Turbines.,medium
Find maximum flow in the transport network using Labelling procedure.,medium
Give any 2 applications of springs and any 2 material required for manufacturing of springs.,easy
Identify the role of advertising in global women's magazines and local women's magazine. ,easy
Describe Prisoner Dilemma in the context of game theory.,easy
Define formative number of teeth for Helical gear and express the formula with terms.,easy
Explain how shear tests are conducted with different drainage conditions?,easy
Highlight the importance of bioinformatics analysis in genomic studies. ,easy
Explain voltage to current source transformation.,easy
Enlist any three objectives of testing?,easy
Evaluate why a monopolist holds more undesirable characteristics in comparison to a perfect competitor. Give evidence from the graph to support your answer.,hard
The average marks in mathematics of a sample of 100 students was 51 with S.,medium
Explain important features and characteristics of the flows encountered in hydraulic engineering compared with cases in other fluid engineering.,easy
Explain Sensitization and Weld Decay.,easy
Distinguish between hot melt adhesives and water based adhesives.,medium
Explain in brief folding to paper style.,easy
Discuss diamond problem in detail?,medium
Explain defect management.,easy
What are the steps in design in animation sequence?,easy
Determine the vertical displacement of the joint C of the pin jointed frame as shown in figure below.,medium
Describe the amino acid composition that could destabilize an enzyme's helical stability. ,easy
How are hydroelectric power plants classified?,easy
Explain the working of Digital to analog converter.,medium
"Dielectric films can be thermally grown or deposited. Discuss the 
fundamental difference between these two methods. ",easy
Name the following conserved amino acids for their corresponding single letter codes: SQYKRECP. ,easy
What are the types of errors that may cause a tansaction to fail?,easy
Explain Geometrical Hardening and Geometrical Softening phenomenon.,easy
What is Priming?,easy
Predict the effect on bulk density when a large quantity of organic matter is added into the soil. Justify your answer. ,hard
Design a strip layout for manufacturing a steel component as shown in figure.,medium
State the objectives of supercharging of engine.,easy
Write the difference between Impulse turbine and Reaction turbine.,medium
Discuss the objectives and the provision of site security in a construction site. ,easy
A 16 km long transmission line consists of a pair of conductors 1.,medium
Explain the reasons of using a mixed-media approach by advertisers. ,easy
Describe the implementation of queue using a Circular Array.,easy
Oxidation is one of the most important thermal processes. Briefly discuss the characteristics of dry oxidation. ,easy
Explain construction and working of a synchronous machine.,easy
What are the advantages of Digital Storage oscilloscope over Dual Trace oscilloscope.,easy
Explain the following functions with suitable examples.,medium
What is landslides? What are the causes of it?,easy
Explain ISO 9000 and its importance.,easy
Highlight the important issues discussed in Greenbury Report 1995. ,easy
Write a short note on fetching a word from Memory.,easy
What is min heap?,easy
Explain various specification of ADC.,easy
Write difference between throw and throws.,easy
Differentiate between compile time polymorphism and runtime Polymophism.,easy
Identify what types of brickwork defects that require rejection from the supervisor. ,easy
"Explain with suitable example, DFS and BFS traversal of a graph.",easy
Write a program using put ( ) to write characters to a file until user enteres a dollar sign.,medium
Discuss FOUR (4) factors affecting exchange rate in the long run.,easy
What is meant by Metamorphism?,easy
What is Fourier series. Write formula for exponential and Trignometric Fourier series.,easy
"A tightly stretched string with fixed ends x = 0 and  x = l is initially at rest in its equilibrium position is set to vibration by giving each point a velocity 3x(l â x) for 0 < x < l. Find the displacement y(x, t) at any time t.",medium
Building Information Modeling (BIM) claims to enhance construction efficiency. Discuss THREE (3) benefits you would utilize and their importance to your project. ,easy
Explain the relationship between compressive strength and tensile strength of concrete.,easy
Explain how instructional materials can facilitate the teaching and learning process. Give ONE (1) example. ,easy
Explain brief classification of I.,easy
Explain âCore of the Sectionâ and obtain a core section for a hollow circular column of external and internal diameter âDâ and âdâ respectively.,medium
"Municipal bonds are securities issued by local, county and state government. Identify THREE (3) types of Municipal Bonds that available in the market. ",easy
Briefly explain what a Repo is. ,easy
Compare variable Reluctance and permanent magnet stepper motors.,medium
Differentiate between Cysteine and Cystine.,medium
Derive the conditions for most economical trapezoidal channel section.,medium
What is voltage regulator?,easy
In order to reduce the international competition to protect some major sector of the economy. List and explain THREE (3) instruments that can use to protect our domestic industries. ,easy
Support your answers with ONE (1) example for each factor.,hard
Calculate the carrier densities of the doped semiconductor at 400 K. ,medium
Explain the working of PV Cell and Simplest Equivalent Circuit for a Photovoltaic Cell.,easy
Distinguish between Filmwise and Dropwise Condensation.,medium
Explain Darcay Weisbachs equation.,medium
"Design the adjustable voltage regulator for the following specification output voltage = 5V â 10V I0 = 1.2 A, Iadj = 100ï­A, R1 = 240ïï®",medium
Give the effective length of column for various end conditions.,easy
Give the applications of Two Port Network Parameters and Explain Network Stability.,easy
Fertilizer that is extremely high in phosphorus content is essential for flowering. Justify. ,hard
Elaborate on repetitive work cycle operations.,easy
Solve the following set of the linear simultaneous equation using the Gauss Seidel method.,medium
"As a defence strategy, most plant secondary metabolites exert adverse effects on herbivores. Discuss how plants avoid poisoning themselves with these metabolites. ",easy
Write the JavaScript code to create Login page Form.,medium
Enlist the limitations of the prevalent survey techniques and also give advantages of Space Based Positioning System.,easy
Design and implement Full Subtractor using PAL?,medium
Explain with suitable example how binary tree can be represented using.,easy
A water tower is supported only on three pillars forming an equilateral triangle with 10m side.,medium
What do you mean by Quantity factor and Dissipation factor in AC bridges?,easy
What is multithreading?,easy
Write an algorithm for Fibonacci search.,easy
"Response and Task-Based Learning are methods often used in an  classroom. Differentiate the two methods by describing THREE (3) characteristics for each method, and give examples of ONE (1) material and ONE (1) activity using that material. ",medium
What is a register in CPU?,easy
Derive torque equation of induction type energy meter with usual notations.,medium
Explain the applications of IR spectroscopy.,easy
Analyze FOUR (4) advantages of mobile assisted learning as an emerging digital technology used in teaching and learning. ,medium
Explain structural error related to synthesis of mechanism.,easy
Discuss the errors in wheatstone bridge along with limitations.,easy
Differentiate between Virtual Instruments and traditional instruments.,medium
What are the various types of constructors in JAVA?,easy
What are various types of welding joints used in pressure vessels?,easy
Compare circular linked list with singly linked list in terms of pros and cons.,medium
What are the different methods of Job evaluation?,easy
What is Semaphore?,easy
Explain different types of riveted joints.,easy
Discuss the biological factors that cause the deterioration of cut flowers.,easy
Describe with the help of neat sketches of wave forms methods of generation of PWM.,easy
Explain Risk Projection and Risk Refinement in detail.,easy
Explain Normal combustion and abnormal combustion Phenomena in SI engine.,easy
What is socket?,easy
Compare and contrast continuous and discontinuous replications. ,medium
There are a number of factors influencing the productivity of a sector of the economy. Explain accordingly. ,easy
"Using Marginal approach, explain and identify how many unit of CD players should the firm producer per day if its goal is to maximize its profit.",medium
Explain different levels of protection?,medium
State and explain the various frequency domain specifications.,easy
State and write any six properties of Fourier Transform.,easy
"Assume that you have been assigned to run a Google Ads search advertising campaign for a new cafÃ© in Kampar, Perak. Recommend FIVE (5) strategies to develop a successful search advertising campaign for the cafÃ©.",hard
Describe the three (3) ways in which JIT and quality are related. ,easy
Explain FIVE (5) characteristics of the construction sector. ,easy
Explain what you understand by A.,easy
Explain the properties of solid insulating material.,easy
Compute the value of the government multiplier and tax multiplier in an open economy. ,medium
Explain Generalised linked list with suitable Example.,easy
Explain linked organization with respect to file handling.,easy
Explain Chemical Vapor deposition method for synthesis of nanomaterials.,medium
Derive the expression for a minimum number of teeth on gear wheel required to avoid interference with neat sketch.,medium
Describe the RAM and ROM memory organization in 8051 microcontroller.,easy
Elaborate in general how construction industry is managed by the government and in detail how a government strategy to improve the industry can be delivered effectively.,easy
"In the renovation of a new car showroom, the client wishes to attract the attention of pedestrians who passes by their building. Propose the type of external envelop for this building and explain the reasons. Sketch the proposed external envelop. ",hard
Two straights PI and QI meet at chainage of 3450 m.,medium
What is the advantage of open collector output?,easy
Describe any two component which can be manufactured by only powder metallurgy technique.,easy
Elaborate the objectives and basic design procedure of the foundation design of a building. ,easy
The major constituent of palm oil is triglyceride. Describe TWO reactions of triglyceride which could affect the quality of vegetable oils.,easy
What is a design pattern?,easy
What is meant by transposition of conductors in an overhead line?,easy
Discuss in details Mechanical Grippers.,easy
An unbiased coin is tossed five times.,medium
Construct B tree of order 5 for the following data.,medium
Specify the need of final control element in process and explain globe and butterfly control valve in detail with neat sketch.,easy
Write a program to write below letters by Robot using VAL Language.,medium
What is need of exception handling?,easy
Program the 8051 in C to receive bytes of data serially and put them in P1.,medium
What is zwitterion?,easy
"Construct a product structure. Identify components. 
parents, and components.",hard
Describe measurement of flux density with Gauss meter.,easy
What is high pass filter?,easy
Write Methods of Transfer Lines with suitable example.,easy
What is semiconductor memory?,easy
Explain Interdomain and Intradomain routing protocol in detail.,medium
Find the Inverse Laplace Transform of ()()()2 41Xsss=+- if the ROC is â4 < Re(s) < 1.,medium
Explain following instruction used in C languages.,easy
Write short note on plate tectonic.,easy
Deduce the equation of maximum work done in terms of volume and in terms of pressure.,medium
Write a program for integer division.,medium
Explain the durability of concrete? What effect the water- cement ratio makes on durability?,easy
List TWO (2) importance of using instructional materials in teaching.,easy
Find lines of regression for the following data.,medium
Classify broaching machines.,easy
State and prove time shifting and integration property of Laplace Transform.,medium
Compare Up milling and Down milling operations with sketch.,medium
Explain about predefined streams in Java.,easy
Propose ONE (1) new local seafood flavor for Manhattan fish market's Malaysian consumers. Describe the need for the new flavor.,hard
Explain multistage compression of reciprocating air compressor.,medium
The forward path transfer function of a unity feedback control system is.,medium
Define equivalent evaporation and boiler efficiency.,easy
Give classification of Input-output Devices. Explain any four properties of classification used for I/O devices.,easy
"A five-year, RM1,000 par value bond with a 6 percent semi-annual coupon is trading at current yield of 4 percent. Compute the duration of the bond. ",medium
Write a python program to create a queue class using list methods.,medium
Explain the main purpose of LOCOS. ,easy
Discuss various practices to achieve maximum yield and production of crude palm oil. ,easy
Explain THREE (3) advantages of using aluminium to fabricate roof gutter. ,easy
Explain the spontaneity by using Gibbs free energy.,medium
Explain following routing.,easy
Describe characteristics and importance of secondary market. ,easy
What is meant by reactance voltage in case of commutation in DC machine?,easy
Explain Interrupt Priority Register of 8051 Microcontroller.,easy
How are recorders classified?,easy
"A manager of a small company makes the following statement - ""We need to keep hiring additional workers up to the point where the marginal productivity of the last worker we hire is at its maximum. This way we can maximize the total productivity of the firm.""  Critically evaluate this statement. ",hard
Why not to start dc series motor on no load?,medium
Explain different types of Learning Models in Machine Learning.,easy
"Propose a fertilizer placement method of nitrogen, phosphorus and potassium for a successful fertilization of a large mango tree. Justify your answer. ",hard
Explain the creation of an electron-hole pair in an intrinsic Si semiconductor at room temperature by using the covalent bonding picture. ,easy
Describe graphic design and product design. ,easy
Write short note on CASE TOOLS for software development.,easy
Evaluate ï¨ï© Sxiy j z k d sï«ï« ïï²ï²  over the surface of sphere 22 21 xyzï«ï«ï½,medium
A soil mass is retained by a smooth backed vertical wall of 6 m height.,medium
Explain what is a datum level as used in site surveying for a building project. ,easy
Define Biot and Fourier numbers with their physical significance?,easy
How does Virtual Reality Work?,easy
Explain injection moulding process with suitable sketch.,easy
Define instructional materials and provide an example of it. ,easy
"Use Green âs theorem to evaluate ï¨ï©ï¨ï©22 222 cxyd x x yd yï­ï« ï«ï²  where âCâ is boundary of area enclosed by the axis and circle 2216, 0. xy zï«ï½ ï½",medium
Distinguish between âland surveyor' and 'quantity surveyor'.,medium
Explain Register organization of microprocessor 8086.,easy
Two wattmeters connected to measure the input to a balanced 3-phase circuit indicate 2000 W and 500 W respectively. Find the power factorof circuit: i) When both the readings are positive ii) When the latter reading is obtained after reversing the connections to the current coil of first instrument.,medium
"Write an appropriate learning outcome to teach âinâ, âonâ, beside', 'opposite and 'under. ",easy
Define Macro.,easy
Explain the working principle of turbine which is suitable for low head.,easy
Write in detail about Cori cycle.,medium
Explain any three methods for synthesis of Furan.,easy
Suggest FOUR (4) strategies that reduce sleep deprivation from the physiological psychology perspectives. Elaborate your answers with examples. ,hard
Write algorithm for posfix expression evalution.,medium
Define with examples.,easy
Explain the principal of rebound hammer with neat sketch.,easy
What do you mean by section modulus?,easy
Two straights road intersects at a chainage of 2550.,medium
Explain the Ziegler - Nichols tuning method of tuning a PID controller.,easy
Explain renaming of a segment with suitable example.,medium
Enlist different methods of contouring? Explain any one with detailed sketch?,easy
What are the geological requirements for the foundation of Bridge?,easy
Explain the three position synthesis of single slider mechanism by using inversion method.,easy
List down the environmental factors that an international marketer should consider. ,easy
Explain battery ignition system in detail with neat sketch.,easy
Explain with the help of neat sketch,medium
Classify the different modes of failure of finite and infinite slopes.,easy
"In a table form, differentiate between RefSeq and GenBank DNA sequences. ",medium
How many auto license plate can be prepared if Each is identified by 2 letters followed by 4 digits?,medium
What is Multiple Inheritance?,easy
Write the short note on MOSFET scaling.,easy
What are the programming language qualities?,easy
Evaluate ï¨ï©2. sxiy j z k d sï«ï« ïï²ï²  Where S is the surface of cylinder 224 xyï«ï½ bounded by planes z = 0 and z = 2.,medium
"Explain the concept of price leadership observed under the condition of oligopoly, by using graphs. ",easy
A kite has plan area of 0.,medium
Explain the linked implementation of stock with suitable example.,easy
Explain Dijkstra âs Algorithm with suitable example.,easy
Explain  the effect of a cut in taxes of $100 billion on the economy if the marginal propensity to consume were 0.9. Explain why this policy is much different from simply having the government initiate a $100 billion spending program. Support your answer with specific calculations. ,medium
Find the inverse Laplace of given.,medium
You have been assigned by your employer to manage their Instagram and Facebook business page. Suggest FIVE (5) ways to increase engagement with your social media users. ,hard
Identify any TWO (2) advantages of matching demand strategy and level strategy each in preparing aggregate production plan. ,easy
What is a law of gearing?,easy
What is mean by inheritance?,easy
State and explain the merits and demerits of direct shear test.,medium
The cutter of a broaching machine is pulled by square threaded screw of 55 mm external diameter and 10 mm pitch.,medium
What are the different types of appraisals required to undertake any Project?,easy
How process and threads are implemented in Linux?,easy
What is Koch curve?,easy
What is Hashing?,easy
The first four moments about the working mean 30.,easy
Define Condensation?,easy
The following results refer to a test on a petrol engine.,medium
Define social commerce and discuss its advantages for e-marketers.,easy
Determine which Angus bull would produce the heaviest offspring (on average). Justify your answer. ,hard
A beam of length 5 m and of uniform rectangular section is simply supported at its ends.,medium
Explain in brief procedure of setting out of a building on ground.,easy
Explain Reynolds Number with example.,easy
Describe the design principles for jigs and fixtures.,medium
 Explain different four types of flows in open channel.,easy
Explain Friction Circle Method with neat sketch.,easy
Analyse the behavior of subsoil of coarse grained non-cohesive soils and fine grained cohesive soils. ,medium
Explain the phenomenon of Boundary Layer Separation and Methods to control to it.,medium
Compare active filters and passive filters.,easy
Explain the development process for a building construction.,easy
Write a python program to add and remove items from a given set.,medium
List FOUR conditions required in order for an animal population to remain at Hardy-Weinberg equilibrium.,easy
Explain the TWO main factors that could affect enzyme catalytic efficiency.,easy
Cost benefit analysis is a process that helps management determine whether (and by how much) the benefits exceed costs. Briefly explain FOUR (4) intangible benefits. ,easy
A HPF section is constructed from two capacitors 1 microfarad each and 15 milli henery find cutoff frequency and design Resistance.,medium
Explain design evaluation cycle.,easy
Write a Python program to append a new item to the end of the array.,medium
Design and explain 6 to 15 UP counter using IC 74193.,medium
Explain the property of ceramic material.,easy
Write a short note on ALU IC 74181.,easy
Define luxury consumption of plant nutrients. ,easy
Explain various socket primitives used in connection oriented client server approach.,easy
State the primary and secondary objectives of material management.,easy
"For an Unity feedback System with open loop transfer function 4G(S)(2 )ssï½ï«. Determine Damping factor, Undamped natural frequency, reason peak, resonant frequency.",medium
Find coefficient of correlation from given data.,medium
What are cin and cout?,easy
"Consider the following page reference string 1, 2, 3, 1, 4, 5, 6, 2, 1, 3, 2,7, 6, 3, 4, 1, 2, 6 Number of page frame =6. Calculate Page fault andHit ratio using LRU page replacement algorthm.",medium
Expain current boosting voltage regulator using LM317.,easy
What is an adsorption isotherm?,easy
Derive an expression for displacement momentum and energy thickness.,medium
Define FOUR (4) primary roles of advertising in business and society. ,easy
Implement 3 bit binary to gray code converter using PLA.,medium
Derive an expression for heat exchanger effectiveness for concurrent flow.,easy
Calculate the coefficient of correlation for the following data.,medium
What is a segment?,easy
Discuss the importance of knowing herbicide families and mode of action. ,easy
Write structure definition for double Linked list. Differentiate between array and linked list.,easy
Define Task Switching and explain the steps involved in task switching operation?,medium
Tabulate different methods of control of microorganisms with its mode of action and examples.,easy
Write any four industrial applications of the induction motor.,easy
State your opinion on whether financial reporting system is more important than management reporting system and the appropriateness of placing more emphasis on producing non-discretionary financial reports. Provide arguments to support. ,easy
Explain Gibbs phase rules for metallurgical application?,easy
Calculate the equilibrium level of income for Cambodia. ,medium
"Discuss the comparison between the microeconomics and macroeconomics field of study in term of production, prices, income and employment. ",medium
Write and explain SQL function and procedures with sample example.,easy
Write a short note on purging of vessels.,easy
"Explain how currency depreciation will affect export, import and the balance of trade of the country. ",medium
Differentiate between static and dynamic memory allocation.,medium
Compare matching demand and level aggregate production planning. ,medium
A cast iron pipe of internal diameter 450 mm is 15 mm thick and is supported on a span of 8 m.,medium
"Find the directional derivative of ïª = x2 â y2 â 2z2 at the point p(2,â1,3), in the direction PQ where Q is (5,6,4).",medium
Write short note on SPI protocol.,easy
Determine the Macaulay duration and estimate the bond price if the yield increases by 100 basis points. ,medium
Write a note on Evaluation of expression.,easy
"Compare the project by NPV and B/C ratio method and state its feasibility if project cost is Rs. 2,80,000 and it has net cash flow of Rs. 90,000 fora peiod 4 years. Firm expect returns 10% per annum.",medium
Suggest FOUR (4) strategies that improve individuals' psychological well-being from the physiological psychology perspectives. Elaborate your answers with examples. ,hard
Explain linked implementation of queue with suitable example.,medium
What is landslide?,easy
Explain white cast iron with its composition.,easy
"Define plastic hinge, load factor and shape factor.",easy
Write a difference between procedural and object oriented programming.,easy
"A flat plate 1.5 mÃ1.5 m moves at 51 m/hr in stationary air of density 1.16 kg/m 3. If the co-efficient of drag and lift are 0.16 and 0.76 respectively, determine:",medium
"One of the biggest challenges in corporate governance is to deal with manipulation of accounting profits. Propose NINE (9) suggestions to the Malaysian regulatory bodies on how to prevent manipulation of accounts. Your recommendations have to be new and must not overlap with the existing Malaysian laws, guidelines and systems. ",hard
Explain the key features of object oriented programming language.,easy
Describe in detail elements of belt conveyor what are the various merits and applications of belt conveyors?,easy
Calculate the thickness of flanged torispherical head for a vessel having internal diameter 6000mm.,easy
Describe Micro motion study.,easy
Explain importance of preliminary geological exploration in civil engineering.,easy
State the purposes of risk assessment. ,easy
Identify any TWO (2) product design strategies you have learned. Explain how both strategies could be useful for instant respond to customer demand. ,easy
Identify FIVE (5) key players in advertising. ,easy
Explain Vacuum forming in Plastics.,easy
Explain screw thread terminology.,easy
Derive Trapezoidal rule for numerical integration as a special case of Newtonâs Cote formula.,medium
Explain the stress-strain relationship of concrete with neat sketch.,easy
Identify THREE (3) types of imperfectly competitive firms and construct THREE (3) important characteristics of these imperfectly competitive firms.,medium
State various obstacles in setting out curves.,easy
Explain the difference between array representation and linked representation of binary tree.,easy
Sketch a twist drill geometry and discuss various elements of it.,easy
Explain the input and output devices with suitable example.,medium
Discuss the procedures of the non-suspended reinforced concrete ground floors construction. ,easy
Explain Plugging of DC motor.,easy
Compare vapour compression and vapour abortion refrigeration system.,medium
A beam is loaded and supported as shown in Fig.,medium
What is importance and purpose of Refining process in manufacturing of paper.,easy
Explain the homogenous transformation matrix approach in planning of Cartesian path trajectories.,easy
Explain in details various types of Relays and Electric Encoders used Printing Industries.,easy
What is table overflow and how it is handled using extendible hashing?,easy
Two examiners A and B award marks to seven students as follows: Roll No. : R1R2R3R4R5R6R7 Marks (A) : 40 44 28 30 44 36 30 Marks (B) : 32 39 26 30 28 34 28 Find the coefficient of correlation.,medium
A steel rod 6m long and 30 mm diameter is used as a column. One end is fixed and other is free. Determine the crippling load by Eulerâs formula.Take E = 200 GPa.,medium
Explain the operation of a precision full wave rectifier with necessary waveforms.,easy
"Use Runge Kutta second order method of find an approximate value of y correct to three places of decimal when x = 0.1, given that y = 1.2 when x = 1 and dy dx = 3x + y2.",medium
Explain in detail ARP and RARP.,easy
Write a pseudo code for basic operations of stock.,medium
Explain why it is important for the width of the base quasineutral region to be small compared to the minority carrier diffusion length in the operation of a BJT.,easy
Describe the process of using the STL algorithms for Quick sort.,medium
What is Microprocessor?,easy
Explain homogenous and heterogeneous nucleation with neat sketches.,easy
The voltage V( s) in a network given by :,medium
Design a 3-Bit synchronous counter using JK FF.,medium
What  is Software Architecture?,easy
You are conducting a building survey for a 2 year old building where you reported premature building decay. Explain the possible factors that may cause these defects to the building owner. ,easy
Explain with neat sketch pressure thermoforming.,easy
"The speed (km/hr) of a train which starts from rest is given by the following table, the time being recorded in minutes.",medium
One percent of articles from a certain machine are defective.,medium
What is heat engine?,easy
Design primary school for 6 class room the building is single story and RCC frame the structure following details.,medium
What are Aluminum and its alloys?,easy
Describe graphic design. ,easy
List and explain different types of iterators in STL.,easy
Compare synchronous and ripple counter.,easy
State the Bernoulli is theorem.,easy
Identify which country has an absolute advantage and comparative advantage in the production of pizza and cloth. ,easy
Explain briefly the effectiveness of advertising based on strategy concept. ,easy
What are elements of Design model?,easy
Develop an ABC classification system for the 10 items. ,hard
Categorize the basic concepts of multimedia with an example for each. ,easy
What are sound displays in Virtual Reality?,easy
Construct a binary search tree for the following set of elements.,medium
Define constructor.,easy
Write a note on necessity and types of transition curves?,easy
Discuss the desired characteristics of control valves.,easy
The first four moments about value 30.,medium
Determine the optimum proportions of a cylindrical vessel with flat top and 60Âº conical bottoms.,medium
"""Portfolio management strategies are different based on the investor's risk preferences and expected return"". Based on above statement, explain TWO (2) major portfolio management strategies. ",easy
Explain Deferred database modification.,medium
Explain specific energy curve.,easy
What are the different laws of Radiation?,easy
"A symmetric I section of flanges 120 mm Ã 20 mm and web of thickness 20 mm and 100 mm depth, carrying uniformly distributed load ofmagnitude 80 kN/m over 4 m span. Calculate the maximum bendingcompressive stress.",medium
There are several corporate governance tools available for institutional shareholders activism. Differentiate shareholder resolution and proxy voting,medium
Write a program in C language to enable hardware interrupts INT0 and INT1.,medium
"Explain in detail the chemisorptions of hydrocarbon (eg. alkene, alkyne etc). Focus only on molecular adsorption of hydrocarbon on solid surface at low temperature.",easy
What are various types of Stepper motors?,easy
State four features of LAP winding of DC machine.,easy
Write assumption made in Pure bending theory.,easy
Calculate the variance of orders for the glass bottles. ,medium
Differentiate between Microprocessor and Microcontroller.,easy
Find the coefficient of correlation for following data.,medium
Describe THREE (3) advantages of the banker's acceptance towards either exporter or importer. ,easy
A lubricating oil of viscosity of 10 poise and specific gravity 0.,medium
Explain in brief components of Lab VIEW application.,medium
Define Red Black tree.,easy
CATH and SCOP are databases that hierarchically classify protein domains according to their structures. Describe the CATH protein classification system. ,easy
Explain two position and floating control mode in brief with neat sketch.,easy
Obtain the Inverse Fourier Transform of,medium
"The internet has been considered as a low cost option for selling products and services. From a firm's perspective, explain FOUR (4) factors that add to the cost of doing business on the internet. ",easy
Explain in detail file systems and its implementation.,easy
Define teachers' Pedagogical Reasoning Skills and explain how it helps teachers use instructional materials in classroom. ,easy
What are the different tools used for generation of Reports?,easy
State main commodity polymers with uses.,medium
Explain degrees of freedom and stiffness.,easy
Explain direct and reverse action for controller in brief with suitable examples.,easy
Write down application of carbon nano tubes and BN nano tubes.,easy
Igneous rock can be formed either underground or above ground. Elaborate. ,easy
Derive with usual notations the following Darcy-Weisbach equation for the loss of energy due to friction.,medium
"Explain with sketches, wind and stack effect.",medium
Explain following terms in brief.,medium
Demonstrate the different types of flames used in oxyacetylene welding.,easy
Explain principle of resistance welding with neat sketch.,easy
"Comparing to the reference sequence, identify the functional elements to represent S2 and S3, respectively. ",easy
Explain the stages of combustion in a C.,easy
Describe how the increase of soil organic matter level may immobilize some nutrients in soil. ,easy
Explain the construction and working principle of BLDC motor.,easy
Explain brass and its types with suitable examples.,easy
Explain Linear queue and Circular queue with suitable example.,easy
The postorder and inorder traversals of a binary tree are given below.,easy
Derive the emf equation of a DC machine and hence write the voltage equation of a DC shunt motor.,medium
State any five factors for selection of motor for specific applications with brief explanation of each.,easy
If ()2 2V4xyx y=â  is harmonic find its harmonic conjugate and determine F( z) in terms of z.,medium
Define attitudes. ,easy
Audit committee is responsible to implement and support the monitoring function of the board of directors. Develop a list of best practices for audit committee meeting. ,hard
Each conductor of 3 phase line is suspended by 4 suspension insulators.,easy
Explain role of telecommunication.,easy
What are main sources of Pollutants from Petrol engine?,easy
Define the terms in solar energy system.,easy
Write structure definition for single Linked list. Differentiate between static memory and dynamic memory allocation.,easy
What is Sequential and index sequential file organization?,easy
What are the various types of radiators used in cooling system of IC engine?,easy
Describe the significance of concrete as a primary material in today's construction. ,easy
Define brainstorming process. ,easy
Write TWO reasons on the slow adoption of biological control in weed management. ,easy
Jolly and Bolitho (1998) proposed a 7-stage framework to show the process of material design. Apply the framework through use of media to teach 14 year old students action verbs. State the type of media that is going to be used for the lesson. ,medium
List out FOUR (4) benefits of using RFID.,easy
What is earthquake?,easy
Describe advantages and limitations of following insulators.,medium
Explain the various losses in transformer?,easy
What are the advantages of design patterns?,easy
Find out the exponential fourier series for impulse train shown in fig.,medium
Explain market considerations for package design.,easy
Enlist characteristics of  a good hash function.,easy
Compare and contrast the characteristics between hardwood and softwood. ,medium
Steel is the most widely used reinforcing materials in concrete structure. Briefly explain the general properties of steel. ,easy
Derive the expression for PIV for single phase FWR.,medium
âTechnology has aided manufacturing and service companies in inventory management.' Justify the statement. ,hard
"Using IC 741 op-amp with supply voltage of Â±15V design an inverting schmitt trigger circuit to have VUTP = +3V , VLTP = â3V .",medium
Explain types of queues. Write any one in detail.,easy
What are the salient features of vegetable market building?,easy
State the SIX categories in soil taxonomy. ,easy
Describe the characteristics of a general tree.,easy
Discuss issues of defining âweedsâ. ,easy
Explain requirements of a good building stone.,easy
State functional requirement of good flooring material.,easy
Explain Hot dipping and Burnishing processes in detailed.,medium
Describe the Pop Art style in 1958 - 1972.,easy
What is Software Architecture?,easy
Explain different types of flames with neat sketches in gas welding process.,easy
Suppose that the relation R on a set is represented by the matrix MR.,easy
What are the types of DC motor?,easy
Discuss factors affecting the durability of concrete.,easy
Suggest and describe an assisted reproductive technique that the farm should use for rapid and cost effective production. ,hard
List FIVE (5) activities that you would use in the set-induction stage of a reading lesson Keeping our rivers clean. ,easy
"For any points which fall exactly on the curve, explain the combination of production for steel and bricks. ",easy
Explain on global and local approach in coordinating and controlling the international advertising.,easy
Explain sensitization of stainless steel?,easy
Define solvency and liquidity. Give some simple strategies that banks can follow to avoid insolvency or illiquidity. State reasons banks might option not to adopt these strategies. ,easy
Explain with a neat sketch following parts of belt conveyors.,medium
Explain any 3 addressing modes with example.,easy
The following table gives data obtained from triaxial compression test conducted under undrained conditions on two specimens of same soilsample.,medium
Obtain regression line of y on x for the following data:,medium
Explain uses of SBR.,easy
Differentiate AC and DC motors.,medium
Explain cache updating policies in detail.,easy
Express hybrid parameters in terms of transmission line parameters.,medium
Explain in detail categories of Software Metrics with suitable examples.,medium
Find Euler Totient Function of the following numbers.,medium
Discuss TWO (2) key differences between stock warrants and stock options. ,easy
Find the trignometric Fourier series for the periodic signal x(t) given below.,medium
Explain in details of Dielectric Heating with types.,easy
Explain EHVDC transmission system with the help of suitable diaram.,easy
State various application of Entropy.,easy
Explain the following file organization techniques.,easy
Give ONE common crossbreed for porker production in Malaysia and name the state in Peninsular Malaysia that has the highest production rate. ,easy
Fig.,medium
Differentiate between soft and hard magnetic material.,medium
Evaluate  CF.,hard
Explain the need of Cache memory.,easy
"How    todefine a package ? How to access ,import a package?",easy
Explain energy bands with neat sketch.,easy
Explain zero crossing detector using OP-AMP with necessary waveform.,easy
Compare product layout and process layout. ,medium
Prove the following identities (any one),medium
Explain mechanical dot gain and factors responsible for the same.,easy
Explain with suitable example BSF and DSF traversal of graph.,easy
Explain the linked  implementation of stack with suitable example.,medium
Explain Triadic curve and give its fractal dimension.,medium
Crank OA of a compound slider crank mechanism as shown in fig.,medium
"Due to saturated domestic markets, large firms were looking for foreign countries for new customers. Explain why China has been choose as a new market. ",easy
Explain cold junction temperature compensation technique.,easy
How retail marketing has extreme importance.,hard
Explain how koch curves are generated.,medium
Explain in brief the Indirect screen stencil making process.,easy
List out the properties of continuous time Fourier Transform.,easy
Identify the advantages and disadvantages of in situ and ex situ means of remediating polluted soils. ,easy
What do you understand by substructure.,easy
Explain Machine to Machine Architecture?,easy
What do you mean by carbon nanotubes?,easy
In a building there is always concern with fire safety. List what aspects you would assess in order to achieve strict compliance in the building design. ,easy
Discuss TWO hypotheses for invasive plants to become successful outside of their native ranges. ,easy
Write the requirements of good stair.,easy
For simply supported beam shown in figure 2.,medium
Find out Minimum Spanning Tree of the following graph (figure 3) using Kruskalâs algorithm.,medium
How multiple inheritance can be implemented using interface?,medium
Discuss the steps in executing interrupts in PIC 18 microcontroller.,easy
What is TDR in constrution?,easy
"By assuming other factors (pH, water content and etc.) are being equal in clay loam and sandy loam, state which soil would be expected to have higher organic matter content. Justify your answer. ",hard
A solid circular shaft transmits 220 kW at 160 rpm. The maximum allowable shear stress is 60 MPa and angle of twist permitted is 2Âº in 3mlength. Design suitable shaft. Take G = 78 GPa.,medium
Outline TWO (2) main causes of inflation. ,easy
Discuss any FOUR (4) underlying principles of lean manufacturing approach. ,easy
What is an Instruction Cycle.,easy
Determine the volume density and area density on the (1 0 0) plane of a body center cubic cell with lattice constant of 5 Ã. ,medium
Define pressure vessels and explain design of pressure vessels subjected to external pressure.,medium
"Let ï¨ï© 7,1 3 XBï½  be the Binomial distribution with parameters n = 7 and p = 1/3. Then ï¨ï© ï¨ï© 25 px pxï½ï« ï½  is",medium
Explain High pass filter using op-amp with its frequency response.,easy
Find the vertical deflection of the joint c of truss as shown in fig.,medium
What is polymorphism?,easy
Define the basic concepts involved in incorporating technology in teaching English language at secondary school level. ,easy
Generalize FIVE (5) ways to use digital photography in classroom teaching and learning.,hard
Explain any four applications of RFID?,medium
How do you inspect quality of material like sand and aggregate on your site?,medium
Discuss the advantages of real-time data input and over batch processing in expenditure cycle. ,easy
Explain the contents of project Feasibility report with example.,easy
"For any points which fall under the curve, explain the combination of production for steel and bricks. ",easy
Describe FIVE (5) characteristics of hardened concrete. ,easy
List out the Communication Protocols used in PLC.,easy
Define shear force at a section and bending moment at a section.,easy
Describe how the hexokinase enzymatic activity could be determined using the coupled assay method. ,medium
Write a short note on land use zoning and mention the requirements of each.,easy
"In about 70 words, explain how the different components function in language learning. ",easy
"Define and discuss the Sharpe, Treynor, and Jensen measures of portfolio performance evaluation by identifying the situations in which each measure is the most appropriate measure. ",medium
Propose a strategy that minority can use to influence the majority. Support your answer with ONE (1) relevant example. Elaborate your example in details. ,hard
List the properties of probability.,medium
Differentiate between Engineering Stress Strain curve and True stress strain curve.,medium
"Evaluate F cdrïï²  along the straight line joining points (0, 0, 0) and (2, 1, 3) where ï¨ï©2= F = 3 2 xix z y j z kï«ï­ï«",medium
The probability of a man hitting a target is 1 3.,medium
Explain the types of cooling curves.,easy
Explore five aspects of protection applied in segmentation.,medium
State methods involved in production of crude petroleum.,easy
What do you meant by light weight concrete and discuss its types.,easy
Explain the principle of ultrasonography in pregnancy diagnosis for farm animals. ,easy
Ten coins thrown simultaneously.,medium
Malaysian Code on Corporate Governance (MCCG 2017) encourages Board of Directors to improve shareholders' participations in decision making. Provide recommendations that will lead to more constructive use of Annual General Meeting (AGM). ,hard
Obtain the expression for current flowing through Inductor in series RL circuit and voltage across capacitor in series RC circuit connected to a d.,medium
Find the Laplace Transform of periodic wave given below.,medium
Figure 5 shows a horizontal shaft ABCD fixed to a rigid base at D and subjected to torques.,medium
Explain SSL in detail.,easy
A laminar flow is taking place in a pipe of diameter 200 mm.,medium
Explain with sketch any one technique of Polymer matrix composite processing.,medium
State the THREE (3) approaches to calculate national income.,easy
A coin is tossed 4 times.,medium
Apply Gauss Jordan method to find inverse of,medium
Discuss in brief direct cost and indirect cost.,easy
Explain the following parameter of OP-AMP,easy
Write down the FIVE (5) phases of the design process. ,easy
Waht is sequential file organization?,easy
A horizontal girder of steel having uniform section is 14 meters long and is simply supported at its ends.,medium
âDomestication of animals does not influence human behavior and lifestyle.â State whether you agree or disagree with the statement. Justify your answer. ,hard
Enlist the advantages and disadvantages of DLL over SLL.,easy
Justify two (2) lean techniques that work in both the manufacturing and service sectors. ,hard
Explain FOUR (4) off-balance-sheet banking activities which are important but not recorded in a bank's balance sheet. ,easy
Enlist the documents to be submitted for seeking commencement certificate and occupancy certificate.,easy
Write down various applications of Nanomaterials in Chemical industries.,easy
Explain Flat-top sampling with waveforms.,easy
The Political-Legal Environment of the Home Country is included In International marketing and advertising. Explain the Trade Sanctions and Export and Import Controls. ,easy
Explain the psychological factors which influence consumer behavior. ,easy
An unbiased coin is thrown 10 times.,medium
Explain manipulators for file handling in C++?,easy
Calculate the split tensile strength of following specimen of concrete.,medium
What do you mean by pipe?,easy
Discuss FOUR (4) common modern construction problems to anticipate. ,easy
Explain in brief the factors governing the choice of adhesives.,easy
What is method overriding?,easy
Write a program in C language to configure timer 0 of 8051 microcontroller in mode 2 use 8051 XTAL for clock source and start the timer 0.,medium
Discuss the advantages of using container adapters in the STL.,medium
Write Short notes on industrial robotic application of Light Curtains and Laser Area Scanner.,easy
How is coastline measured?,easy
"Determine using modified Euler's method the value of y at x = 0.1, given",medium
State the objective of proactive resistance management and briefly describe THREE methods of this management. ,easy
State the types of starters used for induction motors.,easy
List and explain operating system design issues.,easy
Explain Powder Bed Fusion process in short.,easy
Write an essay on the importance of comparative genomics. ,hard
Types of shrinkage in concrete.,easy
What is topological Sorting?,easy
Explain the various rating systems related to Green Building.,easy
What are the advantages and disadvantages of Abstract Data Type?,medium
What is exception and its types?,easy
Define Exception.,easy
Explain different methods of locating instantaneous centre in various mechanisms.,medium
Give the detailed classification of strain gauge and explain wire strain gauge.,easy
Define dryness fraction.,easy
Assuming that this monopolist is regulated to produce at that quantity where price equals average total cost. Calculate and find out what is the quantity the monopolist will produce and the price it will charge given this regulatory scenario.,medium
Show that the maximum number of edges in a simple graph with n vertices is n.,medium
Explain spray painting robots and its advantages.,easy
Discuss concrete vibrators and compaction equipments.,easy
Explain the standard characteristics of TTL in details.,easy
Examine cross-docking warehouse layout. ,medium
Find the expected value of the number of heads obtained when three fair coins are tossed simultaneously.,easy
"Verify at 5% level of significance and 4 degrees of freedom if the distribution can be assumed to be poisson given: # defects : 0 1 2 3 4 5 Frequency : 6 13 13 8 4 3 Take 20.135. eï­ï½  in the calculations round off the frequencies to the immediate higher integral value. Take 2 5,0.05 11.07ï£ï½",medium
What is Real Time Operating Systems?,easy
What is mean by carburation and explain simple carburetor with neat sketch?,easy
Define the following terms with suitable example with respect to Binary tree:,easy
Explain the FOUR (4) roles of media during a crisis. Support your explanation with an appropriate example for each role. ,easy
A string of suspension insulators consists of four units.,medium
Distinguish active and passive compliance in end effector with industrial application.,medium
Write down the advantages and disadvantages of gaseous fuel.,easy
"State any four assumptions in Boussinesq's theory. Mention the formula for calculation of stress in soil by point load and circular load byBoussinesqâs theory, with description of each term.",easy
What are different types of inheritance supported by Java.,easy
Name two super secondary structures found within enzymes which involved formation of a-helices. Describe how the a-helices could be maintained in an enzyme. ,easy
What is mean by Instruction format?,easy
Distinguish between âsuspended' and ânon-suspended' floor. ,medium
A Vertical vessel with a cylindrical shell and hemispherical heads is to be installed in a closed shed.,easy
Give composition and properties of any three bearing materials.,easy
An aptitude test for selecting officers in a bank conducted on 1000 candidates.,medium
What question needs to be answered in order to develop a project plan according to W5HH principle?,medium
What is 2D rotation of an object about an arbitrary point?,easy
The structural view of language has several components. List FIVE (5) components. ,easy
State uses and characteristics of contour lines.,easy
What is meant by springs?,easy
If three coins are tossed.,medium
State the types of timers.,easy
Define continuous time Fourier Transform.,easy
State TWO phenomena that affect the stabilization of colloidal nanoparticles in aqueous medium. ,easy
Explain with sketch squeeze casting process.,medium
Design a wein bridge oscillator to generate oscillations at 1 KHZ.,medium
State the types of programming languages and explain any two.,easy
List TWO (2) advantages and TWO (2) disadvantages of printed newspaper advertising.,easy
State the TWO biological isoprene building blocks and the enzyme involved in synthesising the precursor. ,easy
List any THREE (3) pairs of system functions that should be separated in the centralized computer services organization and describe a risk exposure if the functions are not separated. ,easy
Derive general equation for continuity for a 3D flow in Cartesian coordinates for a steady incompressible flow.,medium
Explain why the effectiveness of an expansionary monetary policy in increasing aggregate output is partially dependent on the interest sensitivity of the demand for money. ,medium
What is a stream?,easy
Sketch and explain Forward and Inverse Kinematics.,easy
Explain different ways to implement Threads in Java?,medium
Explain concept of rotating magnetic field in ease of 3 phase induction motor.,easy
What is Extrusion?,easy
"Justify the following statement. ""It is possible for a firm to experience diminishing marginal return and diseconomies of scale at the same timeâ. ",hard
List THREE factors in determining economic thresholds for weeds. ,easy
Derive the relation of power in wind and explain impact of tower height on power generation in wind  energy system.,easy
What are details of composition in Stainless steel and tool steel?,easy
Evaluate the integral using the trapezoidal rule.,medium
You are the new online advertising consultant for Loreal Malaysia. Explain to your client SEVEN (7) important paid media metrics in online advertising.,easy
Enlist special concreting techniques? Explain under water concreting.,easy
Give the classification of residential building explain any two type in brief.,easy
Differentiate Between Flame Hardening and Induction hardening.,medium
Briefly discuss the key segregation of duties that should exist in the traditional manufacturing environment. ,easy
Explain various debugging feature of 80386.,easy
Explain any four design concepts with appropriate example.,easy
What do you mean by network crashing?,easy
Write short note on folding to print style.,easy
Describe the flux materials used in TIG welding?,easy
Compare Electric System with pneumatic system.,medium
Comment on the introduction of seven â_â in the alignment. ,hard
A closed cylinder 600mm diameter and 2 m long has shell thickness of 12 mm.,medium
What is mean by Encapsulation ? Explain with example.,easy
How many different ways are there to choose a dozen donuts varieties from 21 varieties at a donut shop?,medium
Write a short note on causes and remedial measures of landslides.,easy
Compare the formation process between igneous rock and sedimentary rocks. ,easy
A siphon of diameter 0.,medium
What is ASM chart?,easy
Carry out ABC analysis for the following items and plot ABC curve.,medium
Determine the driving point impedance for the network shown in fig.,medium
"Differentiate bonds that are traded at par, premium and discount.",medium
A single stage single acting air compressor has the bore of 200 mm and stroke 300mm.,medium
Market research firms and product review sites are examples of infomediary. Discuss the role and benefits of an infomediary model in the online distribution system. ,easy
A bond fund manager decided to allocate certain percentage of the portfolio in foreign bond market to improve the reward-to-risk ratio. Briefly explain THREE (3) specific risks related to investing in international bond market. ,easy
Derive the equation for elevation in boiling point and show it is colligative properties.,medium
What is Haptics Rendering Pipeline Modeling in Virtual Reality.,easy
Discuss various types of flow with suitable example and mathematical expression.,easy
Explain in detail the role of Project Management Consultants in Civil Engineering field.,easy
What is curve interpolation ?,easy
Describe the three types of control typically needed in batch manufacturing.,easy
State the importance of data generated from a given hydrophobicity plot. Describe the relevant information that can be deduced from the plot generated. ,easy
Explain working principle of Hall Effect Sensors?,easy
Informal communication network roles are equally important as formal ones. Describe any FOUR (4) of the influential roles and discuss the benefits each of the roles can bring to organizations. ,easy
Explain advantages of indexing over sequential file.,easy
Find the transmission parameters of the network shown in Fig.,medium
Sketch the Type III isotherm and provide a brief description of its nature and the processes that give rise to the isotherm. ,medium
Write a short note on :,easy
"Solve, ()( )( ) 26 19 2 ,kfk fk fk++ + + =  if () ( )01 0ff == .",medium
Sketch the 1-V curve of a zener diode and explain what a zener breakdown is. ,medium
Describe briefly the experimental flow of fluorescent in situ hybridization (FISH). List THREE of its major applications. ,easy
Explain deletion of segment with suitable example.,medium
Analyse the continuous beam shown in figure 6 by moment distribution method.,medium
Explain Compression molding polymer processing with sketch.,easy
A solid cylindrical shaft is required to transmit 600 kW at 110 rpm.,medium
What are the advantages of forging over the casting process?,medium
Differentiate between bluff body and streamlined body with neat sketch.,medium
What are the main features of ARM7 architecture?,easy
Primary structure of a protein plays a significant role in determining the native structure or the protein fold. Comment on the statement. ,hard
Briefly describe the disadvantages of characterising three dimensional protein structures using X-ray diffraction. ,easy
Derive the relation for the power in wind and describe the Environmental Impacts of Wind Turbines.,medium
What are extrusive and instrusive Igneous bodies?,easy
Differentiate between humic and non-humic substances. ,medium
Derive general expression for torque in a three phase induction motor and hence obtain condition for maximum torque.,medium
Explain the procedure of establishing alignment of road?,medium
Independent Non-Executive Directors (INEDs) play crucial roles in the  assurance of effective corporate governance of public listed companies. Provide an assessment on the contributions of INEDs in promoting effective corporate governance. ,easy
Write in detail on double helix structure of DNA.,easy
Write pseudo code to implement a circular queue using arrays.,easy
Describe Ram type Injection molding with sketch.,easy
Explain in detail TQM and its importance.,easy
Differentiate between TCP and UDP protocol.,medium
Give the corrected bearing of the following traverse taken from compass survey.,medium
A client wishes to renovate his balcony at first floor by replacing the metal handrail with glass panel. Recommend a suitable type of glass to the client and justify your answer. Please be reminded that safety is the major factor in all cases. ,hard
Explain class template & function template with example.,easy
"Solve the following integral equation,",medium
Explain any three grinding operations.,easy
"Explain the microbe-related coupling of carbon, nitrogen, and oxygen in a lake that is experiencing a sudden bloom of cyanobacteria due to anthropogenic fertilizer inputs. ",easy
Determine the amount of shortage or surplus if government decides to impose the price at RM1.50/kg. Support your answer with numerical explanations. ,medium
What is Brushless DC motor?,easy
Define allelopathy and list how allelopathic substance enters the environment. ,easy
Classify insulating materials and hence write properties and application of any two materials from Class F type.,easy
Differentiate between commercial letter of credit and standby letter of credit. ,medium
Hersey and Blanchard (1977) style of leadership specifies that a leader's behavior corresponds to employees' level of maturity. Explain the FOUR (4) styles of Situational Leadership and support your answer with an example for each of the styles on whom they should be applied in an organization. ,easy
Explain the cell cycle and describe in detail the steps involved in a typical cell cycle.,medium
Find the Fourier cosine integral representation for the function.,medium
Write sudo codes to perform following operations on index sequential file.,medium
Explain segment descriptor.,easy
State types of quantization.,easy
Briefly describe the advantages of MOET in cattle breeding. ,easy
Describe alkaloids chemically and how plants use this group of secondary metabolites to protect themselves from herbivores. ,easy
Explain coal handling system in thermal power plant with neat flow chart.,easy
Compare vertical axis and horizontal axis wind turbine.,medium
A single block brake has a brake drum diameter of 1 m and angle of contact is 30Âº.,medium
Explain how synchros can be used as Position control application.,medium
Describe SIMO chart with suitable illustration and appropriate symbols.,easy
What is trie tree?,easy
Explain rebound hammer test with its limitations.,easy
Explain the need of demand paging with advantages.,easy
Weeds reduce the quality of crops and livestock. Explain. ,easy
Write a short note on Performance parameters of DAC.,easy
State the applications of SBPS surveying?,easy
Discuss the types of building defects commonly found on reinforced concrete flat roof which lead to water leaking and concrete cancer and how their cause of defects are defined under ISO 6241. ,easy
A solid circular 25 m long and 120 mm in diameter was found to be extended 1.,medium
State which market structure adopts this practice. List and briefly explain what are the conditions needed for this practice to be successful.,easy
Which are the key properties of nanomaterials?,easy
Explain about requesting repainting in Java.,easy
What is time constant?,easy
"Media planners want both effective and efficient media buys. In your role as a new media planner of a digital marketing agency, explain how would you know you have made an effective advertising buy over the internet. ",easy
Derive an expression for line to neutral capacitance of three phase overhead line with unsymmetrical spacing of conductors.,medium
Explain in detail Multiple Bus Organization.,easy
Enzymes are applied in the medical field based on their specific functions. List the THREE main areas of clinical enzymology and provide ONE example how enzymes are used in each area. ,easy
Explain optical dot gain and factors responsible for the same.,easy
Conducting a set-induction before presentation has several advantages. List the FIVE (5) reasons for use of the set-induction in a lesson. ,easy
Explain file opening modes in detail.,easy
What are different types of errors and adjustments in single phase energy meter?,easy
Write an algorithm for depth first traversal of a graph.,medium
Describe the software quality dilemma in your own words.,medium
Explain in brief main classes of soaps.,easy
Discuss FIVE (5) factors that are most likely to influence the effectiveness of upward communication. ,easy
A shaft rotating at constant speed is subjected to variable load.,medium
What is cushioning of air cylinder.,easy
Explain Gauss-Seidal method for solution of linear simultaneous equation. (Numerical is not expected),easy
Explain level measurement by mechanical method.,medium
Briefly explain how the aggregation processes could improve the water quality in a water treatment plant.,easy
Examine the use of pedagogical reasoning skills by teachers to enhance the usage of instructional materials in classroom. ,medium
Define brake and gives general requirements of good braking system.,easy
What is the need of IPv6?,easy
Write short note on Data Types in C.,easy
What is significance of Pressure measurement?,easy
Explain on delete cascade command with suitable example.,easy
Explain the application of OPAMP as square wave generator.,easy
Explain the effect of barrier properties on product.,medium
"If an electron in a hydrogen atom jumps from the first excited state to ground state, find the wavelength of the photon emitted. ",easy
"Fourier sine transform of () ,xfxeâ=  x > 0 is",medium
State and prove initial and final value theorem.,medium
Write an algorithm for breadth first traversal of a graph.,medium
Discuss the relationship between advertising and children. ,easy
Explain in detail the Maslow Hierarchy of Needs. ,easy
Is Etching is essential every time ?,medium
Support your answers with ONE (1) example from everyday life for ANY TWO factor. ,hard
What is internal fragmentation and external fragmentation?,easy
Explain in detail classification of hydraulic pump.,easy
What are different types of memories?,easy
Explain the input and output module of programmable logic controller.,medium
Compare between Thermosetting plastic and Thermoplastic plastic.,medium
What is applet ? What is difference between applet and application?,easy
A single acting reciprocating air compressor has cylinder diameter and stroke of 200 mm and 300 mm respectively.,medium
Discuss DHCP protocol in details.,easy
Write pseudo code to implement circular queue using array.,medium
"Differentiate the properties between clay brick and autoclave aerated concrete (AAC) block in term of compressive strength, density, colour, acoustic performance and thermal insulation. ",medium
What is conformational isomerism?,easy
Use Cachy's integral formula to evaluate 2z Cedzzï«ï²ï where C is the circle |z + 2| = 2.,medium
"As a spokesperson that is handling the crisis, identify TWO (2) potential trick questions that might be asked by the reporters during the press conference. Provide your answer with explanation and an example for each trick question identified. ",easy
Explain on Brand Piracy. ,easy
Compare VSI and CSI for Induction motor drive.,medium
"âGoods and services design could help manufacturers to gain competitive advantages."" Justify the statement with any THREE (3) strategies. ",hard
The beam is supported and loaded as shown in figure. Determine the position and value of Maximum deflection EI = 1.4 Ã 1011 kN-mm2. Use Macaulyâs method.,medium
State the types of flat terraced roofing and explain any one of them.,easy
Explain sounding methods and sounding equipment of hydrographic survey.,easy
What makes ceramics different than polymers with respect ot properties.,easy
State the problems that could arise from environmental overload of fixed nitrogen due to generous usage of nitrogen fertilizer and suggest a possible solution for this situation. ,hard
What is lead wire compensations for RTD?,easy
Explain the solum treatment used in the floor construction. ,easy
Give an example of trait and phenotype to describe a Belgian Blue. ,easy
"Determine the FS representation for the signal with periodic wave, shown below using exponential method.",medium
How many automobile license plates can be made if each plate contains two different letters followed by three different digits.,medium
Explain the different types of welding electrodes used in arc welding process?,easy
How the air conditioning systems are classified and explain the summer air conditioning system with neat sketch.,easy
What is filter medium?,easy
State the conductivity of a semiconductor at 0 K and clearly explain your answer. ,easy
Describe conservation tillage and explain why it often requires a change in nutrient management. ,easy
What is tempering process?,easy
"â2 b) 1 c) 2 d) â1 iii) The value of 21 2Czdzzï« ï­ï²where C is | z | = 1,",medium
Write short note on 12C bus.,easy
In how many different license plates are available if each plate contains a sequence of 2 letters followed by 4 digits?,medium
Write short note on RS232 standard.,easy
"Being outside directors, Independent Non-Executive Directors (INEDs) do not work in the company on a daily basis. Their hands are tied due to the nature of their positions. Provide an assessment on the limitations of INEDs in the context of corporate governance ",easy
Find the velocity and wavelength of the electron. ,easy
Give the enzyme group number and name for acetylcholine esterase. Describe the non-covalent interactions used by acetylcholine esterase for substrate binding.,easy
List THREE applications of degenerate PCR amplification.,easy
State various methods of rapid prototype.,easy
What is doubly linkedlist.,easy
Describe head type flow measurement transducers.,easy
Differentiate Soft Magnetic Materials and Hard Magnetic Materials.,easy
Propose ONE (1) new local flavor Kit Kat for Malaysian consumers. Describe the need for the new flavor among the Malaysian consumer. ,hard
National income accounting refers to a set of rules and techniques that are used to measure the national income of a country. Explain EIGHT (8) significant factors of national income accounting. ,easy
State the requirement of material used for rotating machines.,easy
Explain the applications of applied geometric algebra for modelling of robotics physics.,easy
Differentiate between sequence containers and associative containers in the STL.,medium
Calculate the atomic packaging factor for FCC and HCP crystal structure.,medium
Distinguish between gathering and in setting process.,medium
Describe FIVE (5) categories of space.,easy
Describe what happens during the negative feedback loop of thermoregulation. ,easy
Discuss the various exceptional conditions that should be handled while using stack operations.,easy
What is A VL tree? Explain all the rotations in A VL tree. Construct A VL tree for the following data:,easy
What is mean by creeping in an energy meter and how is it prevented?,easy
Differentiate and Explain the Interrupt gate and Trap gate descriptor.,easy
Derive general three dimensional heat conduction equation in Cartesian coordinates.,medium
Provide the equations for the Eadie-Hofstee and Hanes-Woolf plot. Explain how these equations could be derived from the Michaelis-Menten equation. ,medium
Give test for conflict serializability.,easy
Derive strain energy stored in a body when the load is suddenly applied.,medium
Explain in detail distortion in delta Modulation.,easy
Discuss the significance of hydrophobicity plot in transmembrane protein research. ,easy
Discuss in detail Proctor needle in field compaction control.,medium
Explain Pressure forming polymer processing with sketch.,easy
Compare and contrast microbial and chemical risk assessment. ,medium
What are the rules for over loading operators.,easy
Explain the behavioral modeling in Virtual Reality.,medium
Describe the 5 hierarchical stages of Welliver's Instructional Transformation Model. ,easy
What is Clausius inequality?,easy
List FIVE (5) plant consideration in a construction site. ,easy
Following table gives the distance in nautical miles of the visible horizon for the given heights in feet above earth.,medium
Classify recorders.,easy
Define Pressure vessel and give some industrial examples where these are used commonly.,easy
Describe in brief elastomer polymerization.,medium
Discuss FOUR (4) key components that involve in explaining an organizational crisis. Explain your answer with an example for each component. ,easy
The armature resistance of a DC shunt motor is 5.,medium
Write the steps involved in programming compare mode of CCP1 module in PIC18F458.,easy
Explain velocity distribution in open channel flow.,easy
State Nyquist theorem and explain Nyquist stability criteria.,easy
Discuss on tunnel excavated through faulted area.,medium
Explain the system address and system segment registers.,easy
Distinguish between the ripening behaviour of climacteric and non-climacteric fruits in terms of carbon dioxide release and ethylene synthesis. ,medium
State the main missions of National Center for Biotechnology Information (NCBI). ,easy
What do you mean by molecular machine?,easy
"Find the bilinear transformation which maps the points 0,1,2 from z plane on to the points 1, 1 2, 1 3 of the W - plane.",medium
Support your views with TWO (2) examples in everyday life for each tactic. ,hard
Explain different types of exceptions in 80386 with suitable examples.,easy
Convert the following infix expressions to prefix  expressions using stack data structure.,medium
Discuss the comparison between 'Quantitative Instruments' and 'Qualitative Instruments' of monetary policy. ,easy
What is OBST in data structure?,easy
Distinguish central and peripheral routes to information processing. Support your answer with TWO (2) relevant examples. Elaborate your examples in details. ,hard
Identify whether the firm is in the short-run or long-run  equilibrium. Explain.,easy
List down FIVE (5) types of shapes. ,easy
Explain decision support trends in businesses.,easy
"The tyrosinase-containing solution was dissolved in 50 mM potassium phosphate buffer containing 0.01 mM NaCl, pH 6.5, before applying to a DEAE Sephadex A50 column. Suggest and explain how the mobile phase should be modified to elute the bound tyrosinase. ",hard
Describe any types of output devices of computer.,easy
State and explain the conditions for deadlock to occur.,easy
"Propose with justification, the types of maintenance relevant to a library building. ",hard
Attempt any one:,medium
What is translation?,easy
What is wheatstone bridge sensitivity?,easy
Briefly describe TEN (10) general characteristic of hardened concrete. ,easy
A body of weight 9.,medium
Define Classical approach and Human Relations approach. ,easy
What is DRAM?,easy
Explain interfacing of LM35 temperature sensor with PIC 18FXX microcontroller.,medium
Consider following relational table.,easy
Explain different approaches used in hydraulic engineering to achieve its objectives by giving examples. ,easy
Describe how pore size can affect water retention in soil. ,easy
Explain distributive bargaining and integrative bargaining. ,easy
Interpret FIVE (5) usage of Learning Management System as an emerging technology in the context of teaching and learning.,easy
Apply Green's theorem to evaluate : 2() Cxdx xydyï«ï² Where C is the curve of region enclosed by y = x2 and the line y = x.,medium
What is subnetting?,easy
For the mechanism as shown in fig.,medium
What is feature based modeling?,easy
A vertical two start square threaded screw of a 100 mm mean diameter and 20 mm pitch supports a vertical load of 18 kN.,medium
Define concrete mix design and state objectives in mix design?,easy
State the limitations of Fourier Transform and need of Laplace transform.,easy
What is exception handling?,easy
Describe the significance of the urea cycle.,medium
What is design pattern?,easy
Compare EHV AC and EHVDC transmission systems.,medium
Write a pseudo code to Represent Doubly Link list as an ADT.,easy
Explain with a neat sketch Sand filter.,medium
Compare brushless DC motor with conventional DC motor.,medium
Explain about abstract class in Java with suitable example.,easy
Discuss the THREE (3) levels of organizational culture outlined by Schein. Provide your discussion with an example for each level. ,easy
"Explain the construction, and working of LVDT.",easy
Calculate the weight of KMnO4 required making 500 ml of 0.,easy
Write a note on the dam located on folded geological structure.,easy
Explain with neat sketch variable head permeability test.,easy
What are the programming paradigms?,easy
Explain how competitive and uncompetitive inhibitors will affect enzymatic reactions. ,easy
What is meant by power screw?,easy
What is age hardening?,easy
List SEVEN (7) types of advertising. ,easy
What are applets?,easy
Explain why mycorrhizal fungi are important for phosphorus availability in soil. ,easy
Explain the interfacing of LED with Arduino board and write an algorithm to blink an LED frequently.,easy
"There are five (5) techniques in adapting materials as conjured by McDonough, Shaw and Matsuhara (2012). Elaborate on the ADDING technique to adapt a topic in a course book to teach present tense to Form 1 low proficiency students by using example. ",easy
The velocity component of 2D flow field are as follows.,medium
Explain the consideration of pricing objectives in marketing mix. ,easy
Explain cavitation in brief and suggest the suitable method used to reduce it.,medium
Demonstrate the various types of chips formed during metal cutting.,easy
What is stream? Explain types of streams available in C++.,easy
Write down the various methods used for prevention of corrosion.,easy
Explain in brief reactions involved in manufacturing of detergent by sodium reduction of coconut oil.,medium
Explain the conditions where underpinning are usually considered for an existing building construction works. ,easy
Develop circuit model for 3 phase Synchronous Machine.,medium
List out the properties of Laplace Transform.,easy
Evaluate by Gaun divergence theorem333.,medium
Describe various types of allowances used in time study.,easy
Write a program in Java to create a player class.,medium
"Describe dictogloss and how it can be used to teach listening, writing and  speaking skills for intermediate proficiency students. ",easy
Explain the various methods of speed control of dc series motor.,easy
State the iron deficiency diseases.,easy
Identify which country has an absolute advantage in the production of sugar cane and blue agave.,easy
List the desirable properties of decompostion.,easy
Explain the term Path Generation.,easy
Derive an expression for inductance of three phase transmission line with symmetrical spacing.,medium
Define deadlock. Explain the methods for deadlock prevention.,easy
Define and explain reinvestment risk with an example. ,easy
State  any one application of-,easy
Describe the objective and classification of triangulation survey?,easy
Compare pneumatic and mechanical fabric stretching methods.,medium
Suppose there are two relation r and s such that the foreign key B of r references the primary key A of s.,medium
Explain TWO characteristics of rich media. ,easy
A helical spring is made from a wire of 6 mm diameter and has outside diameter of 75 mm.,medium
Describe Taylor Piece Wage System and Merrick Piece Wage System with suitable illustration.,easy
List out any SIX (6) factors to be considered when designing a layout. ,easy
Explain nine requirements of Good Lighting Scheme.,easy
What are the various factors which affect the rate of filtration?,easy
A square column of wood is 2.,medium
"In the network shown in Fig. 1, switch is closed at t = 0 with capacitor is uncharged. Find the value of 2 2(0 ) (0 )(0 ), ,di d iidt dtï«ï« ï« .",medium
List FIVE (5) weaknesses of Out-of-Home (OOH) Advertising. ,easy
What is reverberation time and how is it calculated?,easy
How is pyridine is synthesized?,medium
Convert the following infix expressions to prefix expressions using stock.,medium
List FIVE (5) properties of damp-proof courses. ,easy
Acircular cantilever beam of span 4Meter is subjected to a point load of 2KN at free end.,medium
With neat waveforms explain the ALT and CHOP modes in dual trace oscilloscope.,easy
Calculate coefficient of correlation from the following information.,medium
Explain stream classes hierarchy for file handling in C++.,easy
Enlist various types of fixtures for doors and explain anyone with a neat sketch.,medium
What is orthographic projection?,easy
Describe the 'Qlassic Assessment' principles on how to perform the evaluation. ,easy
Describe Functional Programming.,medium
Explain blow moulding with suitable sketch.,easy
Explain with example trie.,medium
Describe the limitations of using ribozyme as a catalyst. ,easy
There are two restaurants next to each other.,easy
Define Cast Iron?,easy
What is the necessity of ADC in the architecture of a microcontroller?,easy
Describe the meaning of 'design'. ,easy
Explain in brief use of raw materials in manufacture of soap.,easy
Write a Java program for class Rectangle to calculate area for Rectangle.,medium
Describe photo interpretation elements of aerial photographs.,easy
Explain the impact of use of electric vehicles on power grid.,medium
âMillennials and kids are important market segments for e-marketersâ. Discuss on the above statement. ,easy
The following marks have been obtained by a class of students in 2 papers of mathematics.,medium
Explain influence of geological conditions on the choice and type of dam.,medium
What is Plate linearization curve and its requirement in prepress?,easy
Differentiate between SCADA and HMI.,medium
Find the expected value of the sum of the faces obtained when two fair dice are tossed simultaneously.,medium
State and explain the properties of CDF.,medium
Explain the use of profile projector with neat sketch.,easy
Explain the function of SBUF and SCON registers in detail.,easy
How Defects are managed?,easy
Discuss any 2 of the following in detail.,easy
Explain construction and working of Francis Turbine with application.,easy
Discuss the architecture of Pentium 4 processor.,easy
Explain the following Equality predicates using a suitable example.,medium
Explain in details FIVE (5) ways to make a brand name effective.,easy
Explain the phenomenon of spontaneous polarization in ferroelectric materials.,easy
Discuss how curing can maintain quality and minimize decay of potato tubers in the postharvest stage. ,easy
Construct an executive remuneration package using the remuneration framework as a guide. ,medium
Derive the condition for maximum starting torque for three phase induction motor.,medium
Explain magneto ignition system and state its advantages and disadvantages.,easy
Determine resultant current  i(t) if switch is closed at t = 0. In R-L-C series circuit Fig. 6 by using Laplace transform.,medium
What is meant by reactance voltage in ease of commutation in DC machine?,easy
Assume that the probability of an individual coal miner being killed in a mine accident during a year is 1 2400.,medium
Two parallel shafts having centre distance 5 meters are connected by open flat belt.,medium
What is a user defined exception?,easy
Explain applications and selection criterion of valves in robotics and automation systems.,easy
Explain the Mandatory of Product Adaptation. ,easy
Explain the different probes used for CRO.,medium
A die is tossed 300 times gave the following result.,medium
"Imagine that you are a relative of an older adult who survives stroke, suggest FOUR (4) strategies to further promote the wellbeing of the individual. ",hard
State the desirable properties of cutting tool material.,easy
There are several benefits for the statement of aims and learning outcomes in a lesson. Evaluate FIVE (5) benefits. ,hard
Create hash task and resolve collision using linear probing with replacement.,medium
"Name a commercially available software or an open-source software that does the computational analysis of flows of hydraulic engineering and explain what it is used for, what equations based on what assumptions it uses and how then are solved. ",easy
Explain any two speed control techniques used in wind turbine to extract maximum power.,easy
Explain types of price discriminations.,easy
"Compare the crippling loads given by Eulerâs and Rankineâs formulae for a steel strut 2.5 m long having outer & inner diameter as 40 mm and30 mm respectively loaded through pin jointed at the ends. Take yield stress as 320 N/mm 2 the Rankineâs constant 1 7500, E = 2 Ã 105 MPa.",medium
Explain how synchros can used as Error detectors.,easy
Discuss THREE (3) differences between futures and forward contracts.,easy
Write a Java program to accept values inside the multidimensional array.,medium
Write FOUR (4) purposes of poster. ,easy
Summarise the challenges of global advertising. ,easy
State THREE advantages of pregnancy diagnosis in animal breeding. ,easy
State classification of cleansing compounds.,easy
Explain the need of level shifting stage in op-amp. Explain any one circuit for the same.,easy
You are appointed to identify building defects for a new building. Briefly identify SIX (6) common construction problems you would expect for modern buildings. ,easy
Explain in detail about language features for programming in the large for Ada programming.,easy
What is a stack?,easy
Explain the concept of GMD and GMR for inductance calculation.,easy
Discuss on unfavorable geological conditions for reservoir area of dam.,medium
Obtain the line of Regression of y on x for the following data.,medium
Explain in brief the effect of wet adhesives on paper and board.,easy
Compare React JS and Angular JS and Vue JS.,medium
Write down a C++ program to implement operator overloading for complex class.,medium
Differentiate between Battery EV and Hybrid EV.,easy
Define PDF and CDF.,easy
Difference between Real Mode and Virtual 8086 Mode.,easy
State and write properties of materials used for solders and materials used for different types of fuses.,easy
Explain FOUR (4) categories of unintentional crisis. Provide your answer with an appropriate example for each category. ,easy
Explain digital control system in detail.,easy
Explain and differentiate between TWO types of aggregations when colloidal particles are unstable.,medium
Determine the intrinsic value of KMK Corporation's common stock. ,medium
What methods are used to measure microbial population.,easy
What is Minimum Spanning tree?,easy
What do you meant by retrofitting of concrete?,easy
Write a note on Rain Water Harvesting and its importance.,easy
A gas expands isothermally against a constant external pressure of 1 atmosphere from a volume of 10 dm 3 to a volume of 20 dm3.,easy
Contrast B-mode and A-mode ultrasound systems. ,easy
Explain importance of project Management and how to manage project risk.,easy
What are types of memory fragmentation?,easy
Give detail classification of Heat Exchanger.,medium
Discuss the significance of topological sorting.,easy
What is the duty cycle of a motor?,easy
Derive the expression for torque developed in a three phase induction motor under running conditions.,medium
Derive an expression for thermal efficiency of Diesel cycle.,medium
"Internal control system is among the most prominent monitoring mechanisms in promoting effective corporate governance. Assuming you are the manager of purchasing department, provide TWELVE (12) recommendations on how to prevent staffs from making personal gains from their positions.",hard
Differentiate between distance vector and link state routing.,medium
Write short note on Satellite Alloys?,easy
What is queue?,easy
Differentiate between open mould and closed mould process.,medium
State types of thermosetting resins.,easy
Elaborate on the challenges faced by EV technology in present context.,easy
Write short note on applications of recorders.,medium
Construct a binary tree from the given traversal.,medium
Discuss insulating materials used for transmission line.,easy
Discuss the design procedure of spur gears.,medium
Derive an expression for capacitance of three phase line when conductors are unsymmetrically spaced but transposed.,medium
List the types of Abstract Data Type and explain them in brief.,medium
Describe focused task and how it can be used to teach grammar for low  proficiency students. ,easy
Support your answers with ONE (1) example in everyday life for each theory. ,hard
Explain the construction and working principle of Epicyclic Train Dynamometer with neat sketch.,easy
"The substrates of allosteric enzymes exhibit positive cooperativity. Explain positive cooperativity in terms of subunits, conformation, and activity of the active site. ",easy
What are the functions of HMI.,easy
Explain the concept for the nature of building characteristics. ,easy
Explain four quadrant operation of motor driving a hoist load.,easy
"There are several factors that influence language teaching and language learning. Name 
and briefly explain the FIVE (5) external factors that you would consider when teaching English Language. ",easy
Discuss in details what Accounting Information Systems (AIS) is. ,easy
A certain feedback system is described by the following transfer function.,easy
Explain the principle and application of TLC.,medium
Distinguish between âload bearing wall' and 'non-load bearing wallâ. ,medium
Explain the purposes of scaling. ,easy
Explain necessity of transposition of line conductors in three phase lines.,easy
Analyze the continuous beam ABC shown in figure 5 by moment distribution method.,medium
State and explain Initial value theorem and final value theorem.,easy
Describe in brief general polymerization process.,easy
Explain the stack organization and enlist instructions related to stack.,easy
What is difference between starvation and deadlock?,medium
Two tangents intersects at a chain age of 1320.,medium
Explain the formation of phosphodiester bonds with a suitable example.,medium
A simply supported beam of length 2m is supported at its end and a u.,medium
Calculate the balance of trade when the economy is at equilibrium and interpret the answer. ,medium
 Explain the below methods in detail.,medium
Compare SRAM and DRAM.,medium
"Explain how the Utilize technology, media and materials stage in ASSURE model can help creating a more effective teaching and learning environment. ",easy
Describe the components involved in the formation of a folded enzyme. ,easy
"Use 4th order RK method to estimate approximate value of y for x = 0.1 with step size is 0.1, if dy/dx = x + y2 given that y = 1 when x = 0.",medium
Describe the formation of an aquatic dead zone. ,easy
Explain the method of monitoring inventory levels in retails stores.,easy
"A wall with a smooth vertical back, 10 m high, supports a purely cohesive soil with c = 9.81 kN/m2 and ï§ = 17.66 kN/m3. Determine total active earth pressure against the wall and position of zero pressure beforeformation of tension crack.",medium
"Explain the reason why it is not necessary to include product cost (price or price times quantity) in the EOQ model, but the quantity discount model requires the inclusion of product cost. ",easy
Define profit. Briefly explain how accounting profit is different from economic profit.,easy
Identify FIVE (5) lists giving advices of how organization can cominunicate with the public during the crisis. Explain your answer with ONE (1) example for each advice given. ,easy
Differentiate between venturimeter and Orificemeter.,medium
Explain the use of scaffolding in construction. ,easy
Explain hydrograph and flow duration curve with example.,easy
Calculate the heat transfer from 60 W from incandescent bulb at 115ÂºC to ambient air at 25ÂºC.,medium
 Which of the following is not the value of correlation coefficient between x and y?,easy
Write THREE (3) categories of color. ,easy
Write short note on index cutting process.,easy
What are the objectives of hydrographic survey?,easy
Explain any two methods of speed control of DC shunt motor.,easy
A blue solid cube with dimensions of 10.0 x 10-9 m was dispersed into water to become colloidal particles with dimensions of 1.0 x 10-9 m. Calculate the changes of surface area to volume (surface / volume). ,medium
The Higgs Report (2003) is among the first report that discusses the importance of Senior Independent Non-Executive Director (Senior INED). Analyse the rationales of having Senior INED in a company. ,medium
Define Basic work content.,easy
Find the Z Parameters for the Network Shown.,medium
Discuss feasibility of DAM in folded areas.,medium
Solve the system of equations by Gauss Jordan method,medium
Relate FOUR (4) disadvantages of Web-based learning as an emerging digital technology used in teaching and learning.,easy
Compare Forward Chaining and Backward Chaining.,medium
Explain the types of Capital.,easy
Define Serializability.,easy
State any six properties of Fourier Transform.,easy
List FIVE (5) elements in downward communication.,easy
In the toggle mechanism shown in Fig.,medium
A transmission line has a span of 220 m between level supports.,easy
Explain MIG welding processes with a neat sketch.,easy
Explain the interrupt structure of PIC18 along with IVT.,medium
Discuss FIVE (5) types of âNon Destructive Test equipment and how they can be used to aid the sensory indicators of building defects.,easy
Explain the FDI in Infrastructure.,easy
What are the various types of mixers used for paste and plastic materials?,easy
List out the properties of continuous time Fourier Series.,easy
Explain Architecture of Distributed database system.,medium
Determine whether the graphas G and H displayed in Figure are isomorphic or not?,medium
Explain with example trie tree.,easy
"If u = 1 2 log ( x2 + y2), find V such that f (z) = u + iv is analytic function. Express f (z) in terms of z.",medium
Write short note on Invar?,easy
Determine the possible number of unique zygotes that could be produced upon successful mating. ,medium
"There are three common types of brick in Malaysia, namely common brick, facing brick and engineering brick. Differentiate the properties and the applications among them. ",medium
Explain in brief the frame size selection criteria for screen printing process.,medium
The average rate of inflow during 12 months for a river are as under,medium
Explain the followings terms related to refrigeration.,easy
Define ABCD parameters and Hybrid parameters of two port networks.,easy
What is the different usage of Virtual Reality?,easy
Write a note on necessity and types of transition curves.,easy
Explain the following A VL tree rotations with example.,easy
Enlist the intermediates of glycolysis.,easy
Compare with a neat sketch pressure forming process over vacuum forming process.,medium
Determine which Angus bull is the heaviest. Justify your answer.,hard
Explain STEP with scope and Architecture.,easy
Explain Ammonia synthesis converter with a neat figure.,easy
How to perform Analysis of Financial performances.,medium
"The resisting force R of a supersonic plane during the flight can be considered as dependent upon the length of the aircaft l, velocity V , air viscosity Î¼, air density Ï, and bulk modulus of air K. Express the functional relationship between these variables and the resisting force.Use Buckinghamâs Î  Method",medium
List out the factors affecting electro deposition.,easy
List properties of light.,medium
Explain the basic method for implementing paging.,easy
Discuss the role of hydraulic engineering in the sustainable development and preservation. ,easy
Calculate the equilibrium level of income for this economy. ,medium
What is mean by Interface in Java?,easy
Compare frequency modulation with phase modulation.,medium
The general objective of inventory control is to minimize the total cost of keeping the inventory while making trade-offs. Elaborate the FOUR (4) major categories of cost in inventory control. ,easy
What are the software design quality attributes and quality guidelines?,easy
Convert the following infix expressions to postfix and show the contents of stack for each operation.,medium
An axial pull of 20 kN is suddenly applied on a steel rod 2.,medium
List down the types of mesh used in screen printing process and explain in brief their advantages and disadvantages.,easy
Sketch the Type I isotherm and provide a brief description of its nature and the processes that gives rise to the isotherm. ,medium
A pipe of diameter 300 mm and length 3500 m is used for transmission of power by water.,medium
The water surface levels of two reservoirs differ by 12 m.,medium
Propose TWO (2) strategies to resist persuasion. ,hard
What do you mean by equality of sets.,easy
Construct the binary search tree from the following elements,medium
Define and write down importance of polymers in various industries.,easy
Give properties and application of PVC and polyethylene.,easy
Describe the FOUR (4) main phases of The Hawthorne Studies. Support your description with the significance of each of the phases. ,hard
What is the ambiguity that arises in multiple inheritance?,medium
Explain relay interfacing with 8051 microcontroller.,easy
Differentiate between nucleotide and nucleoside.,medium
Write a note on lapping process.,easy
Explain the importance of hydrograph for the installation of hydroelectric power plant.,easy
Show that the vector field F = (8xy + z4) i (4x2 â 2) j + (4xz3 â y) kis irrotational. Find scalar potential function ïª.,medium
Enlist the  limitations of the prevalent survey techniques and also give advantages of Space Based positioning System?,easy
Propose and explain a suitable enzyme-substrate interaction model for enzyme X.,hard
Explain with example the significance of priority queue over simple queue.,medium
Explain in detail Ultrasonic flow inspection test for testing of Engineering materials.,medium
Explain types of densitometers.,easy
Derive the relation between unit step function and unit ramp function.,medium
Critically discuss on human's need to maintain a temperature of 37Â°C. Provide TWO (2) points. ,medium
Velocity of slider D and angular velocity of link CD.,medium
Discuss âTaylorâs Stability Numberâ for stability analysis of finite slope.,easy
What is indicator microorganism and explain its significance in water microbiology.,medium
Write a structure for stack using array. Write PUSH and POP function for stack using array.,medium
Explain the processing of eukaryotic mRNA transcripts prior to translation. Indicate the chemical bases for each step. ,easy
What is back emf in DC motor? State its significance?,easy
Treating emotion as a useful concept is challenging. Critically discuss why treating emotion as a useful concept is challenging. Provide TWO (2) points. ,easy
Differentiate between repurchase agreement (repo) and reverse repurchase agreement. ,medium
Explain the procedure for finding out tachometric constant.,easy
Define creep of concrete. What are the factors affecting on creep of concrete?,easy
List THREE types of Atomic Force Mircroscopes (AFM).,easy
Oxidation is one of the most important thermal processes. Briefly explain the TWO (2) types of oxidation process. ,easy
Differentiate between active and passive filter.,medium
Explain the various factors that influence the delay period in C.,easy
Explain principle of resistance welding.,easy
Daniel Kahneman and Amos Tversky believe that many stock investors are far from fully rational. Explain FOUR (4) common factors that create irrational market behavior. ,easy
"Based on the social learning perspective, propose a strategy that able to reduce or eliminate prejudice. Support your strategy with ONE (1) relevant example. Elaborate your example in details. ",hard
List the properties of distribution function.,easy
Calculate the machining time required for 3 passes while reducing 60 mm diameter shaft to 50 mm diameter for a length of 1200 mm with depth ofcut of 2 mm for rough cut and 1 mm for finish cut.,medium
What is monochromatic emissive power?,easy
How the following measurement can be done using CRO:,easy
Evaluate if the contact is ohmic or rectifying (Schottky diode) in nature. Provide the analysis and support your answer with calculation,hard
Classify and briefly explain different computational methods used in analyzing flows in hydraulic engineering. ,easy
Describe the advantages and disadvantages of foliar application in fruit crops. ,easy
Estimate the magnitude of the bed shear stress by making necessary assumptions and justifications. ,medium
Define hardenability.,easy
Sketch ONE (1) organic object in one layout to show harmony in shape and color. ,easy
Write short note on combination folding machine.,easy
A trapezoidal channel has side slopes 1 to 1.,medium
Difference between unavailable and available energy.,easy
List down FIVE (5) types of concrete admixture. ,easy
What is the effects of faulting and their significance in civil engineering.,easy
Write a short note on Basic operation of Power Amplifier LM 380.,easy
Explain the effect of loading on induction motor.,easy
How interrupts are handled in protection mode.,medium
State and write properties of electrical carbon materials and materials used for Lamp Filaments.,easy
"Discuss the importance of shikimate pathway, a primary metabolism pathway related to plant secondary metabolism. ",easy
What is symbiosis?,easy
Identify TEN (10) tips during the press conference. ,easy
Explain the process of material procurement in construction project.,easy
Derive an expression for flux linkages due to signle current carrying conductor.,medium
Determine the vertical and horizontal deflection at point âCâ for the truss shown below.,medium
What is Screening Frequency?,easy
The unemployment problem can be overcome by increasing the aggregate output in a country. Explain THREE (3) multiplier concepts that can be applied in this problem. ,medium
Discuss various types of flow with example.,easy
Write Note on Aluminum and its Alloy.,easy
"Discuss FIVE (5) principles that are central to relational leadership by Komives, Lucas and McMahon (1998). Provide ONE (1) example for each principle. ",easy
Describe the THREE (3) elements of problem structure of a company. Contrast a structured problem to an unstructured problem. Discuss briefly which levels of management typically deal with structured problems and with unstructured problems. ,medium
"Compare the gravity retaining wall, semi gravity retaining wall and cantilever retaining wall in the aspects of shape design, maximum height and method of construction. ",easy
A hollow circular shaft has an external diameter of 120 mm and internal diameter of 100 mm.,medium
Why is CO2 Gas supplied in animals cell culture?,medium
Describe in detail core drilling method of subsurface geological exploration with its significance.,easy
Define geodetic survey and state its objectives of study.,easy
Identify and explain FIVE (5) countries that ban advertising to children. ,easy
Derive an expression for sag in case of overhead transmission line when the supports are at unequal level.,medium
Explain the working of hydrogen fuel cell.,easy
Suggest FOUR (4) strategies that improve adolescents' sleep from the physiological psychology perspectives. ,hard
How virtual Memory is managed using paging.,easy
Write a program to clear 10 RAM locations starting at RAM address 20H.,medium
Describe the ARM design philosophy.,easy
How are magnetic materials classified based on relative permeability?,easy
Determine the Fourier transform of the following continuous time signals.,medium
Explain cavitation and NPSH in pump.,easy
Describe the following systems in renewable energy system.,easy
Write a short note on sequential memories.,easy
What will be the effects of faulting on civil engineering structures?,medium
Briefly explain the Auger process. ,easy
In Wien bridge at balanced condition the values of components in bridge arms are as follows.,medium
What is DRAM? What are its  advantages and disadvantages?,easy
ABC inventory analysis is one of the methods used by manufacturing companies for effective inventory management. Explain your answer. ,easy
What is fluidization and minimum fluidization velocity?,easy
Explain how nodes can be remove in tail reference using example.,hard
Compare the thermosetting plastics and thermoplastic.,medium
Define and explain 'Fiscal Policy' in terms of its objectives and differentiate between the 'Discretionary Fiscal Policy' and 'Automatic Fiscal Policy'. ,medium
Describe the main disadvantage of palm oil with an indigenous broad melting interval ranging from -20 to 50Â°C. Refined palm oil is further processed to improve its marketable value. Discuss this process in relation to the secondary products from refined palm oil. ,easy
Given the pdf for different X values as follows.,medium
Propose an admixture to increase the workability of concrete in the fresh state without reducing the engineering performance of the hardened concrete. ,hard
Explain any two detectors used in gas chromatography.,easy
What is a servo motor?,easy
Explain Gauss Jacobi method for the solution of linear simultaneous equations.,easy
What is navigation and manipulation interfaces in virtual reality system?,easy
A cascade of zymogen activation occurs both with digestive proteases and blood clotting proteases. List THREE advantages of this activation.,easy
Explain the function of a shift register.,easy
How 80386 performs  task switching operation?,easy
List the major forces acting on the concrete body of the dam excluding earthquake and wind forces. ,easy
Represent the following graph using the adjacency matrix and adjacency list.,medium
Examine traditional warehouse layout and cross-docking layout. ,medium
Explain coordinate system with types in brief?,easy
Write a short note on survey for drainage line work.,easy
"New issues are called primary issues, that reflect to the first issued of security in the primary market. Elaborate the steps of bringing a new security to the market. ",easy
Explain the working of OPAMP as comparator.,easy
"With suitable examples, briefly discuss the importance of soil aeration.",easy
Write a description about the following String methods in Java with suitable example.,easy
State the importance of allowances for pattern making.,easy
Discuss Distance Vector Routing protocol in detail.,medium
Describe the TWO (2) key differences between perfect competition and monopolistic competition. ,easy
What are the responsibilities of a safety manager on construction sites?,medium
Explain cutting variables.,easy
What is an exception?,easy
Discuss Homeothermy rule for substitutional solid solutions?,easy
Explain in details Solenoids and Photocells.,easy
Write note on Artificial intelligence in automation.,easy
Explain in brief procedure of setting out of tunnel centreline and transferring underground?,medium
Explain the construction and working of three phase Synchronous motor?,easy
State sampling theorem and discuss its types.,easy
Explain TWO theories of causal attribution that was proposed by Jones and Davis (1965) and Kelley (1972). ,easy
Discuss the Causes of Gear Tooth Failure.,easy
Which are the common magnetic materials?,easy
Give the appropriate formula to calculate the kinetic energy of sodium. ,easy
Solve the following set of linear simultaneous equation using the Gauss Jacobi method.,medium
Write pseudo code for BFS of a graph and explain it with suitable example.,easy
What is the difference between analog instruments and digital instruments?,easy
Explain error handling during file operation.,easy
When do designers think in shapes and signs.,medium
Explain traversal operations in a singly linked list.,easy
Write program to transfer letter âTâserially 10 times at baud rate of 4800. Use serial port in mode 1. XTAL=12MHz.,medium
"Distinguish between PAM, PWM and PPM.",easy
List out Key features of UDP Protocol.,easy
Identify THREE (3) building related statutory laws in Malaysia.,easy
The expected number of matches those will be won by India in a series of five one day matches between India and England is three.,easy
Analyze and explain the critical purpose of the components design of a raking shore to avoid faÃ§ade retention failure. ,medium
"Comment on the values that were generated for âIdentitiesâ and âPositives"". ",hard
The probability density function of a random variable 'X' is given by ()1 0o t h e r w i s exfxx aa=Â£ =,medium
State the various types of non-destructive tests carried on hardened concrete. Explain ultrasonic pulse velocity test with its limitations.,easy
What is viscosity of ink?,easy
What is instruction-level parallelism? What is the difference between superscalar and pipelined?,easy
Discuss factors which could contribute to changes in the sugar compositions of cocoa beans during fermentation. ,easy
How to calculate simple and compound interest?,easy
Explain Velocity Image Principle with neat sketch.,easy
Explain the following number predicates using suitable example.,easy
Explain FIVE (5) disadvantages of out-of-home (OOH) advertising. ,easy
Describe FIVE (5) techniques to achieve dominance. ,easy
Determine the gate oxide capacitance.,medium
There is always an appeal for institutional shareholders to assume an active role in corporate governance. Create a list of key recommendations for institutional shareholders activism based on Myners Report (1995).,hard
Write a short note on interrupt structure of 8051.,easy
Explain THREE (3) conditions where cantilever scaffolding is applied. ,easy
List down ALL types of brick wall and give explanations for each type of the wall. ,easy
List and discuss briefly FIVE (5) learner-related factors when conducting an English lesson to a class of Form Two students. ,easy
If 1G(S)H(S) .(s 1)sï½ï« Find Resonance peak and resonance frequency.,medium
What are the problems in RIP?,easy
What is real time OS?,easy
What is adjustable cushioning of air cylinder?,easy
If the probability that an individual suffers a bad reaction from a certain injection is 0.,medium
What is meant by controlled access?,easy
Derive the torque equation of for DC motor.,medium
Provide the objectives of building maintenance. ,easy
State the limitations of Fourier Transform and need of laplace transform.,easy
Explain direct access file organization.,medium
Explain function over loading & function overriding in detail.,easy
Construct an AVL Tree by inserting numbers from 1 to 8.,medium
"The following observations were made using a tacheometer fitted with an analytic lens, multiplying constant being 100.",medium
âThe US dollar hit its highest levels in years shortly after Donald Trump won the presidential election in November 2016.â The statement above refers to the strong dollar scenario. Explain the pros and cons under this scenario. ,medium
Explain the Oxidation of Saturated Fatty Acids with its Four Basic Steps.,medium
"Give FIVE (5) examples of how a song can enhance a literature class, with an elaboration for each example given. ",easy
Compare Induction hardening and Flame hardening.,medium
What is concurrency control?,easy
State the procedure for tacheometric contouring?,medium
State  detail classification of transducers.,easy
Write the comparison between Annealing and Normalizing.,medium
A plane element is subjected to stresses as shown in figure 6.,medium
Define Nanotubes in detail and write down its applications in detail.,easy
Discuss FOUR (4) risks involved in trading US-dollar denominated crude palm oil futures contract (FUPO). ,easy
"Analyse the usage of a reading passages to enhance reading and thinking skills for 
Form 4 students with a high proficiency level. ",medium
The principal tensile stresses at a point across two perpendicular planes are 100 MPa and 50 MPa.,medium
Explain construction and principle of working of Centrifugal pump.,easy
List down THREE (3) methods of excavation. ,easy
Explain the working principle of superhetrodyne receiver.,easy
RCC frame structure.,easy
Explain THREE (3) difficulties in calculating national income accounting. ,easy
Discuss political risk in the Political-Legal Environment of the Host Country. ,easy
Proline and glycine are prevalent in beta-turns of protein structures. Comment on the statement. ,hard
Write short note AT commands required for GSM.,easy
Implement a program for maintaining a database of student records using Files.,medium
What does GPU stand for?,easy
The number of computer science books borrowed from a library during a particular week is given below.,medium
Explain screw compressor with neat sketch.,easy
Scaffolding is a temporary frame constructed to support a number of platforms at different heights and to provide workers a safe platform from which to work. Name any FOUR (4) types of scaffolding used in construction industry. ,easy
Static and dynamic tree tables with suitable example.,easy
Explain all types of minor losses in pipe.,easy
Explain Architecture of parallel databases.,easy
Explain the types of construction excavation. ,easy
Explain how Binary space partition algorithm is used to remove hidden surfaces.,easy
State the Flexural formula and explain the meaning of each term in it?,easy
State any four significant features of Arduino IDE.,easy
The internal and external diameter of the impeller of a centrifugal pump are 200 mm and 400 mm respectively.,medium
Find the values of the following using modular arithmetic.,medium
Consider a zero coupon bond with a par value of $1000 that has a current price of $436.19 and matures in 10 years. Compute its yield to maturity. ,medium
Soil organic matter content will differ depending on environmental conditions. Justify with TWO examples. ,hard
Define term base load and peak load plants .,easy
Discuss in detail preliminary geological investigations of tunneling.,easy
Find the Fourier Transform of a constant signal AO.,medium
Explain applications of remote sensing in civil engineering.,easy
Explain why contango and backwardation happen in the commodity market. ,easy
A feedback control system is described as.,easy
Explain Unit Testing?,easy
Derive the thermodynamic equation for Depreesion in frizzing point of solution.,hard
Explain rotation about an arbitrary point in 2D.,easy
State the composition of the following steel which is specified as per Indian Standard Designation System.,easy
A 2m long column has a circular cross section of 6cm diameter.,medium
Define the chemical interaction indicated by the arrows. Identify the binding region of an antigen on the antibody structure.,easy
Write the requirements of root.,easy
How are Hydroelectric power plants classified?,easy
Define Magnitude response and phase response.,easy
Define fixed and variable voltage regulator.,easy
Explain working of LVDT and quote its any two applications.,easy
Determine the complex exponential Fourier Series for periodic Rectangular pulse train shown below.,medium
Explain Pre-emptive shortest Job First scheduling algorithm in detail.,easy
Explain control valve characteristics with neat sketch in brief.,easy
What is parallel projection?,easy
How is the pH of titration mixture claculated at various stages druing strong acidweak base titration.,medium
A solid cube with dimensions of 10.0 nm was dispersed into water to become colloidal particles with dimensions of 1.0 nm. Calculate the changes of surface area to volume (surface / volume). ,medium
A generating station has a connected load of 43MW and maximum demand of 20MW.,medium
Immobilization enables industrial enzymes to be used repeatedly. List THREE advantages of immobilized enzyme and give an example of large scale application of immobilized enzyme in industry.,easy
Explain the effect of stereotyping young teenage in advertising on society. ,easy
Define cation exchange capacity (CEC) and discuss how CEC influences the status of nutrients in soil. ,easy
Why chucks are used?,easy
Explain significance of dipping strata in site selection for construction of dam.,easy
What is constructor?,easy
There are TWO (2) common methods used in the semiconductor industry to fabricate single crystal silicon. Analyze the advantage and disadvantage of both methods. ,medium
Define welding.,easy
Explain the procedure for unconfined compression test with neat sketches.,easy
Explain Bisection method for solution of transcendental equation with graphical representation.,easy
Suggest FOUR (4) strategies that facilitate healthy adolescence development from the physiological psychology perspectives. Elaborate your answers with examples. ,hard
How packaging is promoting the product in market explain in detail.,medium
Explain any three lathe operations with sketch.,easy
A class has 12 boys and 4 girls.,medium
The mean and variance of Binomial distribution are 4 and 2 respectively.,easy
Explain various methods of improving string efficiency.,easy
Explain functioning of LM 317 as a voltage regulator.,easy
Explain any three operations on sequential file organization with example.,easy
find the moles of oxygen theoretically required to burn100 kg of coke completely?,medium
Enlist graph traversal techniques and explain briefly.,easy
"Suppose heights of students follows normal distribution with mean 190 cm and variance 80 cm 2. In a school of 1000 students, how many would you except to be above 200 cm tall? (Given, z = 1.1180, A = 0.3686).",medium
What is a friend function?,easy
Analyze THREE (3) factors that can affect the option premium. ,medium
The bar has a diameter of 40mm.,medium
Elaborate on the concept of combining segment protection and page level protection in 80386.,medium
Briefly explain why does surface tension remain constant once critical micelle concentration (CMC) is reached.,easy
Write sudo code for inserting a node in binary search tree.,medium
A 250 V DC Shunt motor takes a current of 6 Ampere and runs at 1200 rpm.,medium
What is solid modeling?,easy
Explain DOE method of concrete mix design.,easy
Enlist the benefits and costs of Inheritances.,easy
Define hardenability?,easy
A pipe line carrying water has average height of irregularities projecting from the surface of the boundary of the pipe as 0.,hard
Explain the working of armature controlled D.,easy
Stock market serves as an important predictor of economic activities. Explain how the stock market values can predict real economic activity. ,easy
"Explain one (1) major advantage, and one (1) major disadvantage, of a fixed period system. ",easy
What is mean by user defined exception?,easy
Explain in brief the glue selection criteria for screen making.,medium
What is projection?,easy
Vince longs a put option on Junebank's stock with a strike price at RM13. Currently Junebank's stock is priced at RM15 and the option premium is RM1.50. Advise Vince whether or not to exercise the option. Justify your answer. ,hard
Name the following conserved amino acids with their corresponding single letter codes: WMEADK.,easy
State what does the symbol â+â represents. ,easy
A simply supported beam of span 4 m carries a central point load 100 kN.,medium
What is the difference between Inheritance and Containment?,medium
Define with example.,easy
Describe the advantages of hydroelectric power plant.,easy
Give the classification of undergound cables?,easy
Define instructional materials. Provide an example of an instructional material for a subject. ,easy
Explain the properties of line codes.,easy
What is MIME?,easy
State the necessityof reducing cutting forces in sheet metal works.,easy
Briefly explain the differences between and Langmuir-Blodgett (LB) monolayer and self-assembled monolayer (SAM). ,easy
Find the rise in pressure in the impeller of a centrifugal pump through which water is flowing at the rate 17.,medium
A bolt is subjected to an axial pull of 8kN and a transverse shear force of 3 kN.,medium
The life time of a certain component has a normal distribution with mean of 400 hours and standard deviation of 50 hours.,medium
Explain the Pneumatic Power supply with neat sketch.,easy
Give TWO (2) examples how intrinsic reliability failure occurs in ICs. ,easy
Explain the squeeze types and its purpose in screen printing.,easy
Evaluate how the increase of the transconductance affects the operation of the transistor. ,hard
Explain in brief four color separation method for screen printing process.,easy
Enlist the various bridge circuits you have studied and mention the measurement carried out using these bridges.,easy
A solid circular shaft 8 m long is securely fixed at both the ends.,medium
Find the Fourier Transform of sine wave signal and sketch magnitude response and phase response.,medium
Explain Construction and working Principle of single-phase induction motor.,easy
What is additive manufacturing?,easy
Sort the following numbers using Quick sort.,medium
Describe soil colloids and their importance. ,easy
Elaborate FIVE (5) factors that will influence the demand and supply of a currency. ,easy
List THREE (3) characteristics of monopolistic competition and explain how do firms in this market structure compete.,easy
Write Note on âElectric Vehiclesâ,easy
Explain with suitable example the three storage structures for the graph.,easy
Find the value of x = 0.1 for the equation dy dx = 1 + xy and y(0)=1. Take step size h = 0.1 by Taylor series method.,medium
Discuss Cloud computing.,easy
Sketch & explain the Torque- Armature current characteristics of,easy
Explain Free space management and Directory Structure in File management.,easy
"Compute the duration for a five-year bond, RM1,000 par value bond with a 7 percent annual coupon which is trading at yield to maturity of 5 percent. ",medium
"Solve the differential equation 2 2() ()32 ( ) 4t dx t d x txtedt dtï«ï« ï½ , where x (0â) = 1, 1(0 ) 1xï­ï¢ï½ï­.",medium
Explain the concept of self GMD or GMR for capacitance calculation.,easy
Write an explanatory note on pneumatic conveyors.,medium
Give the applications of Two Port Network Parameters.,easy
Differentiate between a compound die and a combination die.,medium
Explain the structure of a V86 Task in detail.,medium
A bronze spur pinion rotating at 600 r.,medium
Explain in brief the relationship in tension and compression of concrete in hardened state.,easy
Write an algorithm for DFS State the time complexity of the algorithm.,easy
Write a short note on Types of Roller Bearings.,easy
Define prosocial behaviors. ,easy
Design a sequence generator using T FFs.,medium
Discuss in detail the THREE (3) major asset allocation strategies in managing portfolio. ,easy
What is Hilbert curve?,easy
What are different types of jois in SQL?,easy
"The random variable X has a Poisson distribution.If P(X = 1) = 0.01487, P(X = 2) = 0.04461. Then find P(X = 3).",medium
Assess THREE (3) brain structures that are associated with movement. Elaborate your answers with example. ,hard
Explain Set membership and set comparison operator.,easy
What is doubly linked list?,easy
In a sample of 1000 cases a mean of certain test is 14 and standard deviation is 2.,easy
What is a two port network?,easy
Explain Ziegler Nichols close loop tuning method in detail.,easy
Explain working of IC 555 astable multivibrator.,easy
What is Haptics Rendering Pipeline Modeling in Virtual Reality?,easy
You are working with SP Setia Properties as the Sales Manager for the following project. Discuss EIGHT (8) ways to increase profits of the project. ,easy
"Standard deviation of four numbers 9, 11, 13, 15 is",medium
Write short note on motion specification.,medium
Explain with appropriate example the feasibility of dam alignment which is crossing DYKE.,medium
Demonstrate the principle of Spot Welding process in brief.,easy
Explain the significance of phosphorylated intermediates in glycolysis.,medium
Explain concept of enception handling in Java with suitable example.,easy
"Show that the transformation w = z + 1 zâ2i maps the circle | z| = 2 into an ellipse. Find centre, semi-major and semi-minor axes of ellipse",medium
Compare open loop and closed loop control systems.,medium
Two straight road intersects at a chainage of 2550.,medium
It is propose to construct a public health center with following details.,medium
Explain Gibb's phenomenon of Fourier series.,easy
A solid aluminium shaft of 80mm diameter is to be replaced by a hollow steel shaft of 80mm outer diameter.,medium
What are statistical properties of Random Variables.,easy
State the goal of integrated weed management and its essence.,easy
What is basic principle of working ultrasonic flow meter?,easy
A bolt is subjected to an axial pull of 40 KN and a transverse shear force of 15 KN.,medium
Explain in brief wet and dry lamination methods.,easy
A riddle is given to three students to solve independently.,medium
What are components of ASM chart?,easy
Discuss the TWO (2) steps of Crisis Management Performance (CMP) evaluation process. Provide an appropriate example for each step. ,easy
Explain the concept of minimum fluidization.,medium
Write short note on:,easy
Write down the steps to be followed to receive a data serially using 8051 microcontroller.,easy
A boiler house has natural draught chimney of 20 m height.,medium
What is fatigue failure?,easy
Explain acceleration image principle with neat sketch.,easy
Describe the differences between progeny and sib testings. ,easy
The scope of institutional shareholder activism includes attempts made to bring about changes in a company's behavior for adoption of good governance practices. Differentiate shareholder resolution and proxy voting as the two major tools for institutional shareholder to promote corporate governance. ,medium
Explain Rankin cycle.,easy
Explain data preprocessing with example.,easy
Give TWO disadvantages of Transmission Electron Microscopy (TEM). ,easy
Explain how GIS is an important tool for civil engineers.,easy
Calculate the level of output needed to be achieved by Cambodia in order to maintain a balanced trade account.,medium
A 250 mm wide strip of 27 mm thickness is reduced to 24 mm in a single pass through a rolling process.,medium
What are the Switching regulator topologies?,easy
"Using transmission-gates, design and sketch an 8-to-1 multiplexer. ",hard
"Company director can be removed by the shareholders during general meetings. However, the office of a director can become vacant under certain circumstances. Discuss FOUR (4) criteria for vacation of office.",easy
Explain use of Fuse.,medium
State the necessity of filter unit in Pneumatic System.,easy
Evaluate Ë.,hard
Explain concept of constructors in Java with suitable example.,easy
A three hinged parabolic arch having supports at different levels as shown in figure 6.,medium
Derive the following expression with usual notations for loss of head in pipes due to sudden enlargement.,medium
Write limitations of arrays over linked list?,easy
What is difference in between Expression and Equation?,easy
Describe in brief process description of manufacture of Olefin by polymerization using phosphoric acid on solid carrier as catalyst.,medium
Explain the use of command line arguments.,medium
Write an algorithm for searching an element using Fibonacci search method.,easy
Briefly explain why surface tension remains constant once critical micelle concentration (CMC) is reached. ,easy
"Using the multiplier approach, suppose government increases spending to 2200 and decreases tax by 500, calculate the new equilibrium output level and the new balance of trade.",medium
State and explain following properties.,easy
What is ARTESIAN condition?,easy
Write down the causes and consequences of acute pancreatitis.,easy
Explain software reuse.,easy
Explain the importance of project management and its objectives?,medium
Explain PI and PD controller in brief with suitable examples.,easy
Explain 5 state Process model.,easy
Mention the factors on which speed of a DC motor depends.,easy
Obtain f(t) for the signal shown in Fig. 5. Also determine Laplace transform of f(t).,medium
Write note on High temperature alloy.,easy
Apply Gauss divergence theorem to evaluate Ë.,medium
"The input to 3 phase, 6 pole, 50 Hz, induction motor is 47 kWatt at certain load. The stator losses are 1.5 kWatt and mechanical losses are1k Watt. Determine the HPoutput power of motor when it runs at 970rpm. (Take 1 HP = 746 watt)",medium
What is virtual function and its use?,easy
Write a short note on PLA.,easy
What is time constant? State time constant in case of Series R-L circuit and series R-C circuit.,easy
Give TWO methods to measure the surface coverage. ,easy
Define terms of trade and identify which country has an absolute advantage in the production of jade and diamond. ,easy
Analyse the frame shown in figure 4 by slope deflection method. Assume uniform flexural rigidity.,medium
State performance parameters of transmission line hence explain how ABCD constants are useful for determining these parameters.,medium
Explain grid connected renewable systems and their requipments.,easy
What is the concept of function pointers?,easy
What are the different types of dc motors based on the connection of field and armature winding?,easy
What are different file opening mode?,easy
Given the Laplace transform of.,medium
Define 2 dimensional and 3 dimensional designs. ,easy
What are the different types wet sump lubrication system and explain any one of them.,easy
Use the Seidel method to solve the following set of equations.,medium
Obtain the fourier Transform using the property.,medium
Explain with neat sketch different modes of slope failure.,easy
Define Chiaroscuro and Sfumato technique.,easy
Justify steady state depends on relative characteristics of motor and load both.,medium
Explain the FIVE (5) procedures which need to be documented during the site inspection. ,easy
Give the steps involved in the preparation of Crystal violet.,easy
Calculate work done when 2 moles of an ideal gas expand reversibly and isothermally from a volume of 0.,medium
What is PAL?,easy
What is plate tectonics?,easy
"Briefly discuss how the use of manure, organic by-products and commercial fertilizers have changed over time. ",easy
State and explain any three open source embedded platforms.,easy
Find the angle between the tangents to the curve,medium
Explain the working of voltage controlled oscillator by using IC 566.,medium
Explain the ring counter design for the initial condition 1010.,easy
"Find the directional derivative of 2xyzeÏââ=  at (1, 1, 1) along the line 111 122x yz âââ== .",medium
"Using Gauss - Divergence Theorem, show that",medium
Explain the method of reducing cutting forces in sheet metal work.,easy
Identify TWO (2) types of personality that are relevant to aggression. ,easy
Explain any FOUR (4) elements of vertical downward communication. Support your explanation with an example for each element on how they are beneficial to an organization. ,hard
Evaluate the following forms of LISP.,medium
Cyrus claimed that placentomes could be observed using a transabdominal probe to scan both pregnant sow and doe on day-20 of gestation. Justify whether his claim is true or false. ,hard
State the number of autosome and sex-chromosome for a rooster and a hen.,easy
What are the factors affecting on Price Determination?,easy
Explain how soil acts as a geochemical trap and state the various remediation techniques.,easy
What is the difference in calculation of self GMD or GMR of inductance and capacitance?,medium
How do you find the area under a normal curve?,medium
What are industrial considerations during actuator selection?,easy
What is file mode?,easy
"Write copy constructor for Employee class, in which objects of string class and Date class are the Data members.",medium
Obtain the Inverse Fourier Transform of the signal given below.,medium
Outline FIVE (5) functional requirements of a floor. ,easy
Explain a âCâ function to Insert node in singly linked list.,medium
"The first four moments of a distribution about the value 4 are â1.5, 17, â30, 108. Find the moments about the mean and Î²1 and Î²2.",medium
"Determine the deflection and slope at the free end of cantilever beam of span â lâ m, loaded with central point load âwâ kN.",medium
State the applications of CCP module in PIC.,easy
State the property of insulating material used for transformer.,easy
Explain the factors affecting rate of E1 and E2 reactions.,medium
Write short notes on Johnson counter.,easy
Explain micro operations of CPU.,easy
What is mean by composites?,easy
What is an exception in JA V A?,easy
In the circuits in Fig. 2. The switch is closed at  t = 0.,medium
What are various functions which are used to manipulate file pointers?,easy
Write  a short note on.,easy
Write a short note on Fibonacci search with suitable example.,easy
Which are the different instruction cycle states of a processor?,easy
Describe the following sytesm in renewable energy system.,easy
Distinguish between objectives and learning outcomes when planning a lesson. ,medium
What is the need of solar hybrid system?,easy
What different operations are carried out on aluminum to make it eligible as plate making material.,easy
Sate the working principle and applications of total station?,easy
Defind the term Graph. With the help of suitable example explain adjacency matrix representation and adjacency list representation of a graph.,easy
Write in detail a about structural lipids in Membranes.,easy
Define the Demographic characteristics.,easy
Support your views with ONE (1) example for each strategy.,hard
Can external resistance be added to squirrel cage rotor?,medium
Describe SIX (6) functional requirements of walls. ,easy
Discuss the time complexity of removing an item from priority queue if sequential memory organization is used.,medium
List the differences between CMOS and TTL logic family.,easy
Briefly discuss the advantage of C3 and C4 pathways for weeds. ,easy
State  the working principle and applications of total station?,easy
What are dirichlet conditions for existence of fourier series.,easy
If .,hard
"In order to achieve high economy growth the government can implement expansionary fiscal policy, however, the effect of an increase in government spending can be taken aback by crowding out effect. Recommend and graphically explain the action that can be taken by Bank Negara Malaysia (BNM) to avoid this problem.",hard
Explain working principle of a linear induction motor and state its applications.,easy
Explain the meaning of static and dynamic memories. State their applications.,easy
Explain in brief Autoclave variables as one of major engineering problems of urea production process.,medium
Enlist the transducers used for low pressure measurement Elaborate each transducer enlisted with neat sketch.,easy
"Explain why bogs are considered to be a ""carbon sink"". ",easy
"Count Enable and E=0, Count Disable. OR Q6) a) Design a sequence detector to detect a sequence 1101 using D FF",medium
Differentiate spoken and written language in FIVE (5) aspects. ,medium
Describe the classification of  fault and their engineering significance.,easy
Explain briefly with neat sketch cylindrical and adjustable locators.,easy
Explain FIVE (5) reasons for the importance of global markets to marketers. ,easy
Explain the functional advantages provided by enzymes with a quaternary structure. ,easy
Differentiate TTL and CMOS logic family.,medium
Explain in detail about writing console output in Java with suitable example.,easy
Determine the probability of getting sum 10 exactly twice in three throws with a pair of fair dice.,medium
What are the different types of errors and adjustments in single phase energy meter?,easy
Define the concept of automated production lines with suitable example.,easy
Find current through 5 ohm resistance by using Super Position Theorem as shown in fig.,medium
Explain formal network. ,easy
Explain in brief factors to be considered while selecting a adhesives.,easy
A simply supported beam of 8 m length is loaded as shown in figure 4.,medium
Explain Process management system calls in Linux.,easy
What is the function of electrolyte in ECM?,easy
You are a project manager working on a 8 storey building conservation project located in a congested urban area with poor soil bearing capacity and underground public utilities. Propose to the building owner why an internally braced shoring system is preferable to raking shore and weighted vertical dead shores. ,hard
Explain the importance of using initial rate to determine enzymatic activity.,easy
Analyze bent ABC as shown in Fig. 7 by moment distribution method.,medium
Define fold and explain any three types of folds.,easy
"Assess THREE (3) brain structures that are associated with wakefulness, arousal, and sleep. Elaborate your answers with example. ",hard
What is dimensionality reduction?,easy
Construct the Binary Search Tree (BST) from the following data:,easy
Explain look ahead carry generator circuit.,easy
"Using Routhâs & Hurwitzâs criteria, comment on the stability if characteristic equation is: S6 + 2S5 + 8S4 + 12S3 + 20S2 + 16S + 16.",medium
Explain Gauss elimination method for solving simultaneous equations.,easy
What is the difference between traffic shaping and congestion control at transport layer?,medium
Write a short note on diazotisation and coupling in azo dyes.,medium
Explain in brief RAID levels in detail.,easy
State any 4 use of single phase induction motor?,easy
Explain the importnce accessories of jig and fixture.,easy
What is Backface?,easy
Construct the forward difference table for the following data.,medium
Design a sequential circuit using Mealy machine for detecting the sequence.,medium
Thomas (1976) has identified five styles in resolving a conflict such as avoidance. Explain the other FOUR (4) styles in resolving a conflict. ,easy
Classify C.,easy
Describe SIX (6) factors that are affecting supply in the construction industry. ,easy
Evaluate following postfix expression with the help of stack.,medium
"A circular bar of diameter 80 mm diameter is subjected to axial compression force of 200 kN. Determine shear stress on a plane, onwhich the normal stress is 100 MPa.",medium
Explain properties of insulating materials which are used in Capacitor and Rotating Machines.,easy
What is test case design?,easy
Explain the process of Enabling and Disabling Interrupts in 80386.,easy
Define various network functions of a one-port network.,easy
Explain the concept of current mirror circuit?,easy
"Explain the meaning of the law of diminishing marginal returns. Briefly describe the relationship between total product (TP) and marginal product (MP), marginal product (MP) and average product (AP).",easy
Describe the effect of compaction on properties of soil.,easy
Derive the thermodynamic equation for depression in freezing point of solution.,easy
Give any 3 points of comparison between 1 wattmeter method and 2 Wattmeter method for measurement of active power in a 3 phase circuit.,medium
Show that (Any one):,medium
Recommend a suitable admixture to increase the workability of concrete and explain how it functions. ,hard
Describe whether the soil is contaminated or polluted. ,easy
How higher range pressure measurements are done?,easy
Various policies were implemented by the governments in order to mitigate the concerns over efficient losses arising from natural monopoly. Describe natural monopoly and provide ONE (1) example of natural monopoly.,easy
What are stream classes and their use?,easy
State any six properties of Laplace transform.,easy
Explain various types of conformation in ethane molecule using P.,medium
The monthly requirement of a sand for a particular firm is 849 cubic meter.,medium
Explain swing door with the help of a sketch.,medium
Derive 3D transformation matrix for rotation about a principal axis.,medium
What is a machine instruction?,easy
Represent the following polynomials using linked list.,medium
"Imagine that you are a relative of an older adult who is initially diagnosed to be living with Parkinson's disease, suggest FOUR (4) strategies to further promote the wellbeing of the individual. ",hard
What is Memory Segmentation?,easy
Explain S-R flip-flop using NOR gates.,easy
Explain types of assembly language statements with syntax?,easy
A steel bar 3.,medium
Explain adjustable voltage regulator using LM317.,easy
Explain need of digital communication.,easy
To find out coefficient of permeability of clay the permeability test was carried out in a variable head permeameter having the diameter of thesample container to be 100 mm.,medium
Explain the working of PV cell and simplest Equivalent Circuit for a photovoltaic Cell.,easy
Propose TWO (2) strategies to reduce the occurrence of bullying.,hard
Write a short note on React JS and Angular JS.,easy
Discuss the roles of construction industry in a country's growth. Provide evidences on how construction industries worldwide have contributed to the economic growths of their respective countries to enhance your discussions.,medium
Explain effective diameter measurement by three wire method.,easy
Define the characteristics of op-amp,easy
The construction industry comprises a wide diversity of firms that it is impossible to categorise them all within one type of market structure. Discuss.,medium
Develop a python program to add city and remove city considering them to act as insert and delete operations of the data structure queue.,medium
Discuss THREE (3) situations that necessitate the use of pile foundation. ,easy
"What are different methods of sounding,State any one method in detail?",easy
What do you mean by calandering of elastomers?,easy
Define instructional materials. ,easy
"Using the open economy multiplier approach, calculate the new equilibrium output level and new balance of trade if the government decreases spending to RM 1200 million and increases tax by RM 300 million. ",medium
Explain tunneling conditions in Deccan trap region.,easy
Explain the procedure of establishing horizontal control for setting of a tunnel.,easy
List and explain the necessary and sufficient conditions for Hamiltonian and eulerian path with suitable examples.,easy
Define ceramic materials.,easy
Describe THREE (3) types of test that can be applied for a concrete structure survey. ,easy
Implement the following Boolean function using PLA.,medium
Write short note on Autofrettage of Monoblock Pressure vessels.,easy
Explain the concept of transaction.,easy
The internet increases customer benefits in many ways that have revolutionised marketing practices. Discuss with examples THREE (3) ways in which internet increases customer benefits from products offered online.,easy
What is generic programming?,easy
Derive the torque equation for the three-phase induction motor?,medium
Write a short note on proximity effect.,easy
Compare Encoder and Decoder.,medium
Differentiate between closed cycle gas turbine and open cycle gas turbine.,medium
What is topological sorting?,easy
Write an explanatory note on Bucket Elevators.,medium
State the circumstances under which you will use the following types of stairs.,medium
The principal tensile stresses at a point on two perpendicular planes are 120 MPa and 50 MPa.,medium
Distinguish between synchronous and asynchronous serial communication.,easy
List the different architectural styles.,easy
Explain Artificial Neural Networks with suitable examples?,medium
State three types of resistance welding.,easy
Find maximum flow in the transport network using labeling procedure.,medium
List the register and data structure that are uses in Multitasking.,easy
i) Explain the Specific energy curve with neat sketch.,medium
Define Shading.,easy
"Write a formula to show the steady state assumption. If all other conditions remain identical, explain how an increase in k-1 would affect the Michaelis constant.",medium
What is spur gear?,easy
Explain Carbon Arc Welding neat sketch.,easy
"In soil pH, define buffering and explain why it is important in soils. ",easy
"State TWO examples for inorganic and organic contaminants, respectively. ",easy
Define prejudice. ,easy
Describe in brief the various preventive measures against landslides.,easy
Derive the expression for the torque of the DC machine.,medium
Write Short note on SCON register.,easy
Write down Schrodinger's equation in one dimension and explain the meaning of each term of the equation. ,easy
Explain the registers in microprocessor.,easy
Explain reading  character and string from input console with suitable examples.,easy
Suggest a type of metal for reinforcing a concrete structure.,hard
Write a python program to explain following operation on matrix.,medium
What are the functions of arches and lintels?,easy
Explain different types of hazards that occur in a pipeline.,easy
Discuss TWO adverse consequences of using wetlands as recipients of irrigation wastewater. ,easy
Identify THREE (3) classification system of economy. ,easy
"Discuss the adoption issues surrounding Facebook and internet, as well as their implications for e-marketers. ",easy
Let p is the probability that a given die shows even number.,medium
Suppose the following sequence lists the nodes of a binary tree in preorder and inorder respectively.,medium
Determine the width of a 9.,medium
Write a note on building stones.,easy
What is groundwater?,easy
Define lightweight concrete?,easy
A column support load of 400 KN is shown in figure 8.,medium
Explain Memory Partitioning in memory management.,easy
Brief the features of Intel 8237A DMA Controller.,easy
Explain compression moulding process of composite manufacturing.,easy
"In a two-column table, list FIVE (5) tools used in the technology-integrated instruction and the traditional instruction respectively.",easy
What is pressure bulb?,easy
Differentiate between general controls and application controls. Provide ONE (1) example for each. ,medium
"Just-in-time (JIT) attempts to remove delays, which do not add value. Explain how JIT copes with weather and its impact on crop harvest and transportation times. ",easy
Derive the expression for state transition matrix by Laplace transform method.,medium
Define âecosystem servicesâ and describe how they are benefiting our society. ,easy
Why does ARM use CPSR?,easy
Explain COCOMO Model for project estimation with suitable example.,medium
Define Binary Tree. What are its types? Explain with suitable figures.,easy
Evaluate using Stoke âs theorem ï¨ï© F Sdsïï´ ïï²ï²  where  2 F yiz jx y kï½ï« ï« and S is surface of paraboloid ï¨ï©2240zx y zï½ï­ ï­ ï³ .,medium
What are the applications of Animal Cell Culture?,easy
What is light weight concrete? How it can be achieved in practice?,easy
Find the prime factorization of each of the following integer.,medium
Explain in brief poly urethanes.,medium
Water at 15ÂºC flow between two large parallel plates at a distance of 1.,medium
Write note on automated assembly line for car manufacturing.,easy
Compare the role of thread diameter with ink transfer in screen printing process.,medium
Explain Black box testing with its advantages.,medium
A cantilever of length 3 m carries a uniformly distributed load over the entire length.,medium
Explain conditioning in packaging.,easy
Weights of 4000 students are found to be normally distributed with mean 50 kg and standard deviation 5 kgs.,medium
Explain creative brief. ,easy
Describe THREE (3) deposit liabilities for commercial banks. ,easy
Explain the procedure of Hardy Cross method for the analysis of pipe network.,medium
Which of the following codes are prefix codes?,medium
Explain the double rotations in A VL tree with examples.,easy
Derive an equation to predict the effect of temperature on the equilibrium constants.,medium
Identify FOUR (4) types of key publics that McDonald's Malaysia has to notify about the crisis. Explain your answer with appropriate example for each of the publics. ,easy
A 4 pole DC shunt generator with lap connected armature has field and armature resistances as 50 Î© and 0.,medium
Explain truncation error and round off errors with example.,easy
Write short note on âThe Ostrich algorithmâ.,easy
Explain the difference between standard concrete and special concrete.,medium
Write C functions for :,medium
Identify TWO (2) perspectives that are able to explain the origin of prejudice. ,easy
Design wien bridge oscillator using operational amplifier for output frequency of 5KHz.,medium
From the given traversal construct the binary tree.,medium
Explain FOUR (4) criteria of instructional materials by Tomlinson (2001). ,easy
Explain midpoint circle generation algorithm by deriving the steps.,easy
Support your views with ONE (1) example for each disadvantage. ,hard
Differentiate between ROM and RAM?,easy
Compare regulated and unregulated power supply?,medium
In R-L-C circuit Fig. 4 is excited by D.C. voltage source. Find current i (t) using conventional method. The switch is closed at time t = 0.,medium
Find Transmission parameter for the circuit as shown in fig.,medium
"Describe the effectiveness of advertising value of products, price, competition, consumer and business.",easy
Compare Brushless DC motor with conventinal DC motor.,medium
Recommend TWO (2) suitable types of glasses which have good insulation properties for green building construction. ,hard
Explain with a neat sketch screw conveyor.,medium
Propose TWO (2) factors that are relevant to the initiation of conflict in group. ,hard
Write a short note on motion specification method based on.,easy
Explain in details principal of Induction Heating and Vertical Core Type Induction Furnace.,easy
Describe the advantages of Product Standardization. ,easy
Write in brief on types of Groundwater.,easy
List FIVE (5) phases of organizational conflict described by Pondy (1967). ,easy
Define Time Study and explain different steps of Time study.,medium
Compare CMOS and TTL logic family.,medium
Calculate the balance of trade when the economy is at equilibrium and interpret your answer. ,medium
A tacheometer with analytic lens.,medium
A solid circular shaft is subjected to a bending moment of 45 kNm and a torque of 15 kNm.,medium
Provide justifications as to why integrity and reliability is important in a company's annual report and accounts (ARAS) from corporate governance point of view.,hard
Discuss the merits of circular queue over linear queue and write sudo code for over flow and under flow conditions of circular queue.,medium
Discuss the actions of central bank towards monetary policy that will significantly influence Federal Funds Rate in short run. ,easy
What is operator overloading?,easy
Clearly explain why induction motor is known as generalized transformer.,easy
Explain any three methods of subsurface investigation.,easy
Relate FIVE (5) examples on how video often make new connections and discoveries between curriculum topics and the world outside the classroom. ,medium
Explain the project management life cycle.,easy
Explain working of the POP3 protocol with advantages and disadvantages.,easy
Brief the concept of byte streams?,easy
"Calculate the surface tension of a wetting liquid, C (1.23 gml-l ) which rises 1.50 m in a vertical capillary tube with the internal radius of 0.15 mm. ",medium
Justify whether the dam and sire are inbred or outbred. ,hard
What is DNS?,easy
Describe the Concept of Culture.,easy
What is thermal bimetal?,easy
"A trapezoidal channel has side slope of 3 horizontal to 4  vertical and slope of its bed is 1 in 2000. Determine the optimum dimensions for thechannel sections and show it with neat sketch, if it is carry water at  0.55m 3/s. Take Chezyâs constant as 80.",medium
Discuss the potential profit and loss for the long straddle. ,easy
What is neutral axis in case of bending?,easy
A 250 V DC shunt motor runs at 1000 rpm at no load and takes 8 A.,medium
What is Segment?,easy
Derive Simpsonâs 1/3rd rule for numerical integration as a special case of Newtonâs Cote formula.,medium
Explain the meaning of creative brief.,easy
Prove that the wave function of a free electron is a plane wave by using Schrodinger's equation. ,hard
Class.,easy
Discuss TWO (2) common methods of managing inventory adopted by manufacturing and retailing companies. ,easy
Write Note on Composite Material and Nano Materials.,easy
"Differentiate between phenylpropanoids and alkaloids in terms of structure, functions and applications. ",medium
List the information that can be obtained from X-Ray Photoelectron Spectroscopy (XPS). ,easy
An electrical circuit consists of an inductance 0.,medium
What is a stepper motors?,easy
Timber and plastic are common materials used in construction industry. Elaborate FIVE (5) specific applications for each material in building construction. ,easy
What is openGL?,easy
What is Hash table?,easy
Program the 8051 in C to receive bytes of data serially and put them in P2.,medium
The 'creators' and critics' are the most desired social segments. Explain how social media marketers are able to increase these segments' level of involvement in the social media. ,easy
What is the difference between PAL and PLA.,medium
Implement the following output functions using a suitable PLA.,medium
"Find slope at supports and at point âCâ, deflection at âCâ and âDâ for the given beam using Macaulayâs method.",medium
Design low pass first order Butterworth filter having cut off frequency 1 kHz with  passband gain of 2.,medium
Explain any one electrical method for measurement of level.,medium
Explain the ferrocement technology with its applications.,easy
Define filter.,easy
Find inverse of matrix using Gauss Jordan method.,medium
Explain vacuum bag moldig composite manufacturing process.,easy
What is the difference between Testing and debugging?,medium
What is height balanced tree?,easy
Design a practical Integrator with input Signal of 1.,medium
Enlist profitable applications of CNC Machines.,easy
A cantilever of length 2.,medium
"""Portfolio management strategies are different based on investor's risk preferences and expected returnâ. Based on above statement, briefly discuss TWO (2) major portfolio management strategies. ",easy
Explain resource allocation methods and their significance in manpower planning.,easy
What is Lattice?,easy
What is a peptide bond?,easy
What is a threaded binary tree?,easy
Explain Filament winding Composite manufacturing process.,easy
Describe FIVE (5) limitations of small size construction firms in Malaysia. ,easy
Explain the profit and loss for Alice and GCB bank. ,easy
A certain random variable has the CDF given by.,medium
State functions and applications of turbine and pump.,easy
Give a complete design of an Absolute Loader with a suitable example.,easy
Explain Concept of File?,easy
"Name the amino acid residues with the single letter code ""EQRNHL"". ",easy
What is the criterion of chemical reaction equilibria?,easy
Explain THREE (3) categories of treatment to enhance the durability of timber. ,easy
Write the different operations performed on lathe machine.,easy
Derive an expression for digital PID velocity algorithm and state the merit of velocity algorithm.,medium
Interpret the terms multitasking and multiprocessing and multithreading in Java with example.,medium
Explain in detail the functions of ADCON0 SFR of PIC18 microcontroller.,medium
Distinguish between squirrel cage and slip ring induction motors.,medium
An electron experiences a potential difference of 5 kV in vacuum. Find the wavelength of the particle. ,easy
Explain concept of Virtual Memory.,easy
What are different types of stepper motors.,easy
Give the functions of zinc.,easy
Corporate bond is a debt contract (indenture) that requires borrowers to make periodic payment of interest and repayment of principal at the end of maturity date. Explain the type of market for corporate bond. ,easy
Write short note on tool steel?,easy
Distinguish between combinational and sequential switching circuits also write examples of both.,medium
Explain Linux thread management in detail.,easy
Explain the project planning activities.,medium
Compare fire resisting properties of concrete and stone.,medium
Describe the methodology of determining the transcriptional start site using RACE-PCR. ,easy
"Propose solutions to reinforced concrete flat roof defects experienced in Malaysia, such as water ponding, material exposure to solar radiation, poor maintenance culture and concrete spalling due to leaks from cold joints and stress cracks. ",hard
Elaborate on the importance of 'stability' for industrial enzymes. ,easy
Define economic growth. List and explain how the public policies can promote economic growth. ,easy
Discuss in detail fragmentation in terms of IPv4.,medium
Discuss the importance of soil structure in vegetable farms. ,easy
What is a strategic information system?,easy
Compare and contrast the characteristics and usage between aluminium and high carbon steel. ,medium
Find the Fourier Transform of the signum function.,medium
Write detailed classifications of Internal combustion engines.,easy
Describe characteristics and importance of secondary market.,easy
A solid circular shaft of diameter 90 mm rotates at 130 rpm. The twist is observed as 3Âº over 6 m span.,medium
Explain the Securities Act of 1933 and the Securities Exchange Act of 1934. ,easy
List out the properties of Continuous time Fourier Series.,easy
Explain TIG welding with neat sketch.,easy
"Discuss the level of trust consumers place in digital media, and how that trust helps or hinders e-marketers. ",easy
What are the merits and demerits of PLC.,easy
Subsurface exploration can be divided into THREE (3) programs. Explain in detail the conclusion that could be derived from each program.,easy
What is system bus?,easy
Write following C functions in circular in SLL.,medium
Five pencils and 5 pens are to be arranged in a row.,medium
What is modeling of DC motor?,easy
"For international marketers, economic factors are important. Explain why economic factors are important to them. ",easy
Standard ad formats such as leaderboard and skyscraper are common in digital display advertising. Propose FIVE (5) other creative ad formats which are more interactive and engaging. ,hard
"The Friesian cow, a dairy breed, is a product of selective breeding. Predict the problems that may occur during the selection of Friesian Cows. ",medium
Write short note on an Isolation Amplifier.,easy
Give THREE examples of symptoms that resemble herbicide damage on plants. ,easy
âFirms can use existing brand names or create new brands on the internetâ. Evaluate on the above statement. ,hard
Write an algorithm to convert infix expression to postfix expression and convert following infix expression to postfix expression.,easy
Evaluate () ( )3 2 C5 12zdz zzâ +âï²ï  where C is the contour 3z=.,medium
Define Sounding and state any one method of sounding with sketch?,easy
"State and explain the sampling theorem in detail when fs > 2fm, fs = 2fm, fs = 2fm.",easy
Evaluate the functions of the component of a structural floor. ,hard
Explain the contents of Projet Feasibility report with example.,easy
Compare stacks and queues.,medium
With the help of neat sketch explain single block brake.,easy
Explain A VL tree rotations with example.,easy
"Design a sketch section of the floor slab adjoining the parapet that includes the scupper drain, drain guard, water proofing layer, and protective topping. ",hard
List the design concepts.,easy
Use residue theorem to evaluate  (1 ) (2 )z Cedzzzï«ï«ï²ïwhere C is the contour |z + 1| = 1 2.,medium
List the advantages and limitations of protein crystal structure determination using X-Ray crystallography. ,easy
Explain the addressing modes of 8051 Microcontroller with examples.,easy
Explain linked list sorting with example.,hard
Explain voltage to current converter with floating load?,medium
Explain deferred database modification and immediate database modification and there difference in the context of recovery.,easy
Write a short note closed loop control of Induction motor drives.,easy
Identify the key enzymes and explain their roles in fatty acid biosynthesis that contribute to the unique fatty acid composition of palm mesocarp oil.,easy
Differentiate between compound die and progressive die.,medium
Explain in brief the steps required in preparation for screen stretching process.,easy
"State any TWO (2) of Malaysia's rules, regulations or standards which are related to scaffolding and falsework. ",easy
Derive the expression for F.O.S. for dry infinite slope in sandy soil.,medium
"Besides LOCOS, name TWO (2) other applications which require thermal processes. ",easy
Compare Stack and Queue.,medium
"In the network shown in Fig. 3, switch is closed at t = 0. Find the value of 2 2(0 ) (0 )(0 ), ,di d iidt dtï«ï« ï« Assume the initial current of inductor to be zero.",medium
Specify the selection criteria for low pressure measurement transducers.,easy
"""Trading strategies used by investors of futures and forwards markets help to maintain market efficiency"". Based on the above statement, Differentiate between all THREE (3) main trading strategy used by futures and forward markets' investors.. ",medium
What is destructor?,easy
How do the mitochondria maintain the chemiosmotic gradient used for the electron transport chain?,medium
Discuss what world-class producers do in regards to product or service design and process design. ,easy
List the factors affecting compaction and explain the effect of compaction on any four soil properties.,easy
What are power and energy consideration during actuator selection?,easy
What is compensator?,easy
How do you measure flow using an electromagnetic flow meter?,medium
Astring is stretched and fastened to two points L apart.,medium
Give the Dirichlet conditions for continuous time Fourier series.,easy
Explain why safety program have to be implemented at work site.,easy
Obtain A VL tree from the following data.,medium
Dopamine and glutamate have both been implicated as causes of schizophrenia. Discuss THREE (3) evidences each in relation to the dopamine and glutamate theories of schizophrenia. ,easy
Support your answers with ONE (1) example in everyday life for each strategy. ,hard
Explain Titration curve for 0.,easy
Write an algorithm for depth first search technique.,medium
Find maximum torque that can be safely applied to a shaft of 75mm diameter.,medium
What are the general benefits of holding ISO accreditation.,easy
Define a tree.,easy
Derive the expression for minimum starting speed of a centrifugal pump.,medium
What are the types of projection and write in brief about each type of projections.,easy
Between 2 pm to 4 pm the average no of phone calls per minute coming into a switch board of a company is 2.,medium
Letter of credit is a written promises to pay third party on clients behalf. Explain the functions of commercial letter of credit and standby letter of credit. ,easy
Determine the transition matrix of state equation 03X( )14xtï­ï©ï¹ï½ïªïºï­ï«ï».,medium
Explain various parts Fold and any three types of fold with neat sketches.,easy
Discuss THREE (3) types of anomalies associated with database tables that have not been normalized. ,easy
What is garbage collection in Java?,easy
State any six properties of fourier transform.,easy
Explain containment and Inheritance along with examples.,easy
What are the methods used to handle Deadlocks.,easy
Define soil pH. ,easy
Explain the change control mechanism in SCM.,easy
Explain properties of insulating materials which are used in line insulator.,easy
Write short note Principal Component Analysis.,easy
"Define and list out the objectives of monetary policy, the quantitative versus qualitative instruments of monetary policy.",easy
Write a program in C language to toggle only bit P1.,medium
Define annealing and explain types of annealing?,easy
Name and briefly describe three types of column chromatography used in protein purification.,easy
Implement the full subtractor using a 1:8 demultiplexer.,medium
Design and implement 3 bit synchronous up counter using JK flip flop.,medium
What is functional independence?,easy
Briefly describe FOUR common characteristics that are possessed by a wild animal before they could be considered for domestication. ,easy
Explain with neat sketch different type of ICR.,easy
Define âbiogeochemical cyclingâ and discuss its importance to the ecosystem and survival of living organisms. ,easy
What is the definition of a linear block code?,easy
Explain in brief the squeeze selection criteria for screen printing applications.,medium
Discuss the working of a parabola collector with neat sketch.,easy
Compare Thermoplastics and Thermosetting Plastics.,medium
Determine the percentage of DHT's assets committed to inventory. ,medium
Write a note on setting out alignment of road.,easy
Depict the concept of Instruction level parallelism.,easy
What are Packages and Interface in Java.,easy
What is Risk?,easy
State TWO types of enzyme specificities that do not agree with lock and key model. Explain your answer.,easy
Highlight the differences between an equilibrium in dominant strategy as compared to Nash equilibrium.,easy
What is modulation?,easy
Write C function to create a doubly circular linked list.,medium
Determine the principal stress in the beam at point A.,medium
Which are the manufacturing techniques used for processing of rubbers?,easy
State the conditions necessary for the formation of enzyme's quaternary structure. Explain how quaternary structure could contribute to enzyme stability. ,easy
What is heat exchanger?,easy
Write short note on varnishing.,easy
Information technology can be expensive. Identify and explain FIVE (5) factors that put upward pressure on internet pricing for online retailer. ,easy
Calculate the first four central moments for the following frequencies.,medium
Write short notes on:,easy
What are Primitive data types and User defined data types?,easy
Explain in detail corrosion monitoring techniques of reinforcement and preventive measures against corrosion.,easy
Write a short note on Performance parameters of ADC.,easy
What is replication fork?,easy
Enlist the safety precautions you will take on construction site.,easy
How interrupts are handled in protected mode?,medium
Define Information Systems (IS). ,easy
Discuss the components that are integral to the internal control framework in a public listed company. ,easy
Explain instruction pipelining in detail.,easy
Explain briefly the design development process.,easy
The 45 mm diameter of shaft is made of steel with the yield strength of 400 MPa.,medium
Write note on interrupt structure of 8051.,easy
Explain Low pass filter using op-amp with its frequency response.,easy
Distinguish between stock dividend and stock split by providing one relevant example. ,medium
Define liberal art.,easy
Explain SCTP protocol in detail.,easy
"Bernard has successfully determined the sequence of Protein X which consists of 110 amino acid residues. He is interested to predict the protein struc using the available homology modelling software. Based on your knowledge of the mechanism of protein folding, comment on the reliability and accuracy of the prediction. ",hard
State any four applications of DC Series motor.,easy
Write short note on NodeJS,easy
Explain the following number predicates using a suitable example.,medium
"Describe how the soil colloidal complex tends to serve as a ""reservoir"" for plant nutrients. ",easy
Write the short note on application of PLL,easy
Compare array and linked list.,medium
Enlist various types of residential buildings and explain any one in detail.,easy
What is package in Java?,easy
Explain what a junk bond is and its role in the financial market. ,easy
What is gas chromatography?,easy
"Distinguish among acidic, saline and sodic soils. ",medium
What are heat exchanger?,easy
Design and discuss the project decomposition and work task communication process.,easy
Write a program to generate square wave of 50Hz frequency with 50% duty cycle on pin 2.3. Assume XTAL=11.0592 MHz & use timer 0 inmode l.,medium
Propose a line-up procedure that police departments can use to improve the accuracy. of eyewitness testimony. Support your proposal with ONE (1) relevant example. Elaborate your example in details. ,hard
Write short note on design activism.,easy
"Market anomalies are research findings that do not support market efficiency hypothesis; that is, they are evidence that inefficiencies do exist. Discuss FIVE (5) common market anomalies. ",easy
Give the steps involved in the preparation of  Methyl Organe.,easy
What is software quality?,easy
Construct a binary search  tree for the for following data.,medium
What is fold?,easy
Explain the interface design steps.,medium
Justify whether tRNA or mRNA would be more extensively hydrogen bonded. ,hard
Explain the following functions used to handle GPIO in AT mega 328P Arduino board with suitable example.,medium
Describe the different factors affecting the evaporation operation.,medium
Obtain Z-parameters of two-port network for the given network in the Fig. 8.,medium
Discuss any FOUR (4) elements which are embedded in Total Quality Management Programme. ,easy
Obtain regression line of the following data.,medium
Explain geometrical isomerism in compound with one double bond.,medium
Aluminum is a preferred plate making material.,easy
What is ROM?,easy
Define about class and object in Java?,easy
Implement Digital clock by using counter ICs.,medium
The oscillating jet method is commonly used to study the surface/interfacial tensions. Give another THREE methods that are used to measure surface/interfacial tension. ,easy
What is a deadlock?,easy
Identify and describe the FOUR (4) criteria for judging economic outcomes. ,easy
Describe the function of International Monetary Fund (IMF).,easy
Support your answers with ONE (1) example from everyday life for each type of personality. ,hard
Explain with appropriate example the feasibility of dam alignment which is crossing a DYKE.,medium
Elaborate about enabling and disabling interrupts in 80386.,medium
Explain construction of brushless DC motor.,easy
Sketch a graph that associates with a monopoly. Find the profit-maximizing level of output and label it as q*. Find the price that firm should charge and label it as P*. Explain how the profit-maximizing output and price the firm should charge are determined. Explain what the firm should do if marginal revenue is higher than marginal cost. ,medium
Compute GCD of the following using Euclidean algorithm.,easy
Derive an expression of velocity and shear stress distribution for laminar flow through pipe.,medium
Write in detail mineral wealth of GONDWANA.,easy
Companies must take reasonable steps to ensure that their investors enjoy equal access to material information. Briefly describe SIX (6) corporate disclosure policies under Main Market Listing Requirements (MMLR). ,easy
Enlist the factors affecting tool life.,easy
List FIVE (5) differences between forward and future market. ,easy
Massive Open Online Course (MOOC) is a developing trend in media and technology. Predict the future of higher education with MOOC. ,easy
Differentiate between brass and bronze?,easy
"If the value of the bond is RM900 and coupon are paid semi-annually, compute the yield to maturity (YTM) and the current yield of the bond. Interpret your answers. ",medium
The connecting rod of an engine has length equal to 200 mm between centers and has mass equal to 2.,medium
Explain necessity horizontal and vertical controls in construction activity.,easy
Give brief description of optical isomerism.,easy
"Evaluate  CFdrâï² for 2 Ë ËË F 2 xi xyj z k =+ +  along the curve C  x = t, y = t2, z = t3 from t = 0 to t = 1.",medium
"Using transmission-gates, design and sketch a 4-to-1 multiplexer. ",hard
What is threaded binary search tree.,easy
Explain why hazard identification in the case of pathogens is complicated. ,easy
E.,easy
Describe in detail about purification of protein by affinity chromatography.,medium
Eukaryotic genome is mostly repetitive DNA and non-coding sequences. Elaborate the statement. ,easy
Explain in detail the functions of ADCON0 SFR of PIC 18 microcontroller.,medium
State the Limitations of frequency domain approach.,easy
Discuss in detail the studies to be carried out in reservoir areas of a dam.,easy
Explain the effect of water cement ratio and effect of maximum size of aggregate on the strength of concrete.,easy
"Microbiota-based models may be an alternative method to facilitate the use of data on the gut microbiota in certain diseases. For example, NextSeq 550 and NextSeq 550DX platforms have been used to detect gut microbiota in non communicable diseases. Compare and contrast both platforms with regards to their regulatory status, key applications and array scanning.",medium
Compare between Kaplan turbine and francis turbine.,medium
Briefly analyse the SIX (6) internal control procedures over the payroll process of a multinational organisation. ,medium
Use minimum 8 functions of vector STL.,easy
Derive an expression of shear stress and velocity distribution for lamiral flow through circular pipe.,medium
The connecting rod of horizontal engine is 400 mm long between the centers.,medium
Describe the major functions or roles of soil microbes that beneficially impact human health and welfare. ,easy
List FIVE (5) categories of Intentional Crises and FIVE (5) categories of Unintentional Crises. ,easy
Which are different ways of evaluation of expression?,easy
Explain the different types of flames used in oxyacetylene welding.,easy
Explain in detail the working of wheatstone bridge with equations.,medium
Compare paramagnetic and ferromagnetic material.,medium
What is congestion Control?,easy
A hollow shaft 1.,medium
Briefly explain the desire properties of aggregate in producing concrete mixture. ,easy
Define the following with examples.,easy
Explain the classification of memories based on their principle of operation.,easy
What is meant by Associative container?,easy
Suggest any FIVE (5) dimensions of service quality that could be taken into consideration by the kindergarten management for its future operations improvement. ,hard
State the necessity of FRL unit in Pneumatic System.,easy
What is evaporation?,easy
Propose TWO (2) self-presentation tactics for impression management. ,hard
Discuss the different file allocation methods with suitable example.,easy
Give classification of steels on the basis of composition.,easy
List the important characteristics of comparator. What are the advantages of schmitt trigger over comparator.,easy
What is the need of electric vehicle?,easy
"Discuss why physical weathering is more prevalent in dry, cool regions while chemical weathering is more prevalent in wet, hot regions. ",easy
Write a short note on checking verticality of tall building.,easy
Describe the features of lactate dehydrogenase (LDH) as an isozyme. Discuss the diagnostic importance of LDH.,easy
An emf 200 V is in series with a.,medium
Explain construction and working principle of Kaplan Turbine with application.,easy
Explain briefly EDM process characteristics.,easy
Define and explain the THREE (3) steps of bringing a new security issue in primary market. ,easy
Write a C function to insert a node into a singly linked list.,medium
List out various starters used for three phase induction motor and explain DOL starter in detail.,easy
Briefly describe the BLOSUM scoring matrix. ,easy
Discuss THREE mechanisms of vegetative reproduction that make certain weeds successful in establishment. ,easy
Explain the relationship between bond price and market interest rate using the bond pricing formula. ,easy
Define the basic concepts of Educational Technology. ,easy
Assuming crystal frequency of 11.,medium
Write a note on elements of a Configuration Management System.,easy
How multiple catching is implemented in exception handling?,medium
State four temperature scale available give conversion formulae of it.,easy
In a geometrically similar model of weir the discharge is 0.,medium
Explain in brief the importance of preliminary geological exploration in civil engineering project.,easy
Find the Laplace transform of the function.,medium
"Standardized, reusable containers have fairly obvious benefits for shipping. Use five (5) points to justify the purpose of these devices within the plant. ",hard
Explain THREE (3) waves of globalisation. ,easy
What is carburetor?,easy
Explain the virtual memory.,easy
Define Continuous time Fourier Transform and Inverse Continuous time Fourier Transform.,easy
What does inheritance mean in C++? Give an example of each.,easy
How does the welding of high carbon steels differ from that of medium carbon steels and low carbon steels?,medium
Design a helical compression spring for a maximum load of 1000 N for a deflection of 25 mm using the value of spring index as 5.,medium
What is Curie temperature? Explain Ferro-magnetic behaviour below critical temperature.,easy
The diameters of an impeller of a centrifugal pump at inlet and outlet are 36cm and 72 cm respectively.,medium
What is operator overloading? Write a program to overload Unary operator.,easy
What are the classification of transducers? Explain any 2 in detail.,easy
Write a short note on interpolation and approximation.,easy
The vapour pressure of aqueous solution of glucose at 373 k is 750 mmHg.,medium
Find the âQâ point for a dual input balanced output differential amplifier with RC = RE = 65 k ï. supply voltage used is Â± 1s V .,medium
Explain the factors affecting Compaction of soil.,easy
What is Hydrology?,easy
List down and explain in brief the screen frame purpose and requirement.,easy
What are types of Electric Vehicles?,easy
The independence of external auditors is extremely critical due to their roles in providing true and fair view on a company financial position. Develop THREE (3) safeguards to reduce the threats on external auditors' independence. ,hard
"Referring to the given poster design, explain in details the usage of elements and principles of arts. ",easy
What is cost of quality?,easy
Demonstrate the steps involved in setting out of a building foundation and discuss the setting out of purposes. ,medium
Define following.,easy
GenBank offers a few options for nucleotide sequence submissions. Name TWO available options and when are they used. ,easy
What is the use of segment in animation?,easy
What are different mechanisms of polarization?,easy
Explain virtual base class and virtual function with example.,medium
What is Virtual function? Explain how to achieved run time polymorphism.,easy
What are coordination catalyst explain with the help of wackers process.,medium
Sketch PM waveform for sinusoidal input signal.,medium
What is risk projection?,easy
Explain regenerative braking in case of DC motor.,easy
Explain the types of HMI?,medium
Explain with appropriate example how schedule can be prepare using PERT.,medium
There is a relationship between the level of construction activity and a country's stage of development. Discuss.,medium
A three phase 50 Hz overhead transmission line consist of three conductors each of diameter 0.,medium
Explain requirement of CAD file format for CAE.,easy
Define CDF and state any four properties of CDF.,easy
What are the advantages and disadvantages of TBT?,medium
Calculate the inventory turnover. ,medium
Explain with suitable example Update Anomalies.,easy
Explain the growth of pharmaceutical packaging industry in India.,easy
Explain FOUR (4) types of process design that could be found in manufacturing companies. ,easy
Explain the activities involved in the building process. ,easy
Majority shareholders may be opportunistic at the expense of minority  shareholders due to their controlling stake in the company. Explain majority agency problem in the context of corporate governance. ,easy
Justify whether the enzyme after step 'Size-exclusion chromatography' is pure. Suggest a method to estimate the purity of the enzyme preparation. ,hard
The following observations were recorded during a test on 4 stroke single cylinder diesel engine.,medium
Explain the function of CCP1CON SFR along with its format.,medium
Elaborate Method overriding and dynamic method dispatch in Java.,medium
Explain RMC with their advantages and disadvantages.,easy
Explain FOUR (4) advantages of using multimedia in classroom. ,easy
Explain Vant Hoff Boyles law and Vant Hoff Charles law and combine form.,medium
Discuss any three terminology related to psychometric.,easy
Explain one example try block with multiple catch statements.,easy
Explain in details Core Less type Induction Furnace.,easy
What are major and minor losses?,easy
Derive the e.,medium
"Using Tom Duncan's levels of brand relationship intensity, explain the relationship between Apple iPhone and its customers.",easy
"Explain the SOC, EOC, & OE pin of ADC 0809.",easy
What is mean by primitive data type and list out primitive data types available in Java with example?,easy
"In computational methods of analyzing flows in rivers and channels, effects of turbulence are reflected in different ways depending on how the flow is modelled. Give examples of these models and explain the advantages and  shortcomings. ",easy
Identify FIVE (5) conditions that one needs to meet in order to be an independent director in Malaysian public listed company (PLC).,easy
Explain the role of mesofauna in the decay of fresh organic matter.,easy
Indicate whether S2 or S3 is useful for genetic linkage analysis. Justify your answer. ,hard
The air standard diesel cycle has a compression ratio of 14.,medium
A frequency modulated signal is given by,medium
List FIVE (5) types of trick questions.,easy
Explain Darlington connection and explain how it improves the current gain.,easy
Name and briefly discuss the EIGHT (8) documents used in the purchase and cash disbursement process of a company. ,easy
Write down paper characteristics.,easy
Propose a suitable type of glass that is used to construct a transparent fiat roof for the entrance of the Heritage Hall in Universiti Tunku Abdul Rahman. ,hard
Describe the characteristics of an entrepreneurship.,easy
List FOUR (4) general requirements for floor finishes. ,easy
Let I be the set of all integers.,medium
Describe any three specification of ADC.,easy
Implement the given logic function using a 4:1 multiplexer,medium
What are different security parameters considered while designing any IoT system?,easy
A string is stretched and fastened to two points L apart.,medium
Differentiate between a microprocessor and a microcontroller.,medium
Explain the disaggregation of tissue with trypsinization and its significance.,medium
"A computer while calculating carrelation coefficient between two variables X and Y from 25 pairs of observations obtained the following results : n = 25, X 125,ï¥ï½  2X 650,ï¥ï½  Y1 0 0 ,ï¥ï½  2Y 460,ï¥ï½  XY 508.ï¥ï½ Later it was discovered that the values (X, Y) = (8, 12) was copied as (6, 14) and the value (8, 6) was copied as (6, 8). Obtain the correct value of the correlation coefficient.",medium
Compare SSB and VSB.,medium
What are the standard design considerations for the agitated vessel system?,easy
Explain in brief a manufacturing process of urea from ammonium carbamate.,easy
Discuss the impact of advertising on children. ,easy
Define foundation.,easy
State and explain the physical significance for following properties for CT signals.,easy
A boiler evaporates 3.,medium
What is Work Breakdown Structure?,easy
Explain the following concept.,easy
"Calculate Sharpe's measure for the AOV Portfolio and the market. Compare the TWO (2) measures, and assess the performance of the AOV's portfolio during the year just ended. ",medium
What do you mean by concrete mix design?,easy
A box contains 100 bulbs out of which 10 are defective.,medium
Write any four industrial applications of the DC series and DC shunt motor.,easy
Explain FPGA architecture.,easy
In the model test of a spillway the discharge and velocity of flow over the model were 2.,medium
Explain any three welding defects with their causes and remedies.,easy
Explain classification of gears along with applications of each type.,easy
Find Y parameters or the Network Shown.,medium
Briefly explain if restriction mapping is useful in determining the presence of minisatellite. ,easy
Name FOUR (4) types of soil in-situ field test and its application. ,easy
Explain method overriding with a suitable example program.,easy
Random sample of 400 men and 600 women were asked whether they would have a school near their residence 200 men and 325 womenwere in favour of proposal.,medium
Give types of evaporators and write on Calendria type evaporator with neat sketch.,easy
What are various operations on Graph?,easy
Establish with examples why the concept of entropy is essential to explain the direction of spontaneous processes.,medium
Prove that 242( )(l o g ) () .ba a rba r b rrrï´ïï´ï ïï ï½ ï­ ï´,medium
Write a note on memory hierarchy.,easy
Derive the expression with usual notations for total pressure and centre of pressure for vertical plane surface submerged in liquid.,medium
Sketch ONE (1) movement to show repetition in shape and color. ,easy
Use labeling procedure to find a maximum flow in the transport network given in the following figure.,medium
Define package and interfaces in Java?,easy
Define Project Scheduling.,easy
Explain any three errors in induction type energy meter in detail.,medium
Construct Minimal spanning tree for the following graphs using prims algorithm.,easy
Briefly explain which characteristics of alluvial soils make them ideal for agriculture. ,easy
Discuss types of priority queue and how it is different from simple queue.,easy
Construct A VL tree for following sequence of keys.,easy
Explain Phase angle measurement by Lissajous pattern.,easy
A retaining wall with a smooth vertical back retains a purely cohesive fill.,medium
Explain 3 position relative pole method for synthesis of four bar chain mechanism.,easy
Is there any difference between throw and throws in exception handling in Java?,medium
Define BCNF.,easy
List down the fabric stretching methods and expalin in brief the fabric stretching methods.,easy
Differentiate between ROM and RAM.,easy
Write a note on Lapping process.,easy
What are inline functions?,easy
Define the different categories of risks?,easy
Elaborate FOUR (4) advantages of using Web 2.0 and 3.0 in teaching and learning. ,easy
Briefly describe the advantages of marker assisted selection in farm animal breeding. ,easy
Evaluate THREE (3) neurocognitive difficulties that may be experienced by people with suicidal-related behaviors. ,hard
What is the difference between inverting and non-inverting amplifier.,easy
What are the various data operands on which instruction operates?,easy
Explain the RISC and CISC characteristics.,easy
"Discuss the benefits of palm oil, in terms of versatility, diet-health relationship and sustainability. ",easy
Second moment 2Î¼ about mean is,medium
Explain the geometry of a single point cutting tool with suitable sketches.,easy
Explain THREE (3) reasons why AD curve is downward sloping.,easy
Explain flat type solar collector and its application.,easy
Define binary tree. Explain following terms with suitable examples:,easy
Which are the important properties desired from electrical materials?,easy
What is sequential logic circuits?,easy
Explain in detail the chemisorptions of ammonia. Focus only on molecular adsorption of ammonia on a solid surface at low temperature.,easy
A point in a strained material is subjected to stress as shown in figure 7.,medium
A rectangular beam 150 mm wide and 300 mm deep is subjected to maximum shear force of 80 KN Determine Average shear stress andMaximum shear stress.,medium
Convert JK flip flop into T and D flip flop.,medium
Define the following terms with example with respect to Binary Tree:,easy
The pair of regression Linens are L1 : 8 x â10y + 66 = 0 and L2 : 40 x â18y = 214,medium
Write advantages of modeling a physical system and explain the concept of transfer function with the help of suitable example.,easy
What are the objectives of material management?,easy
What are different factors affecting sag of transmission line?,easy
Explain various factors which affects breakdown of solid insulating material.,easy
Explain the working of PV cell and Simplest Equivalent Circuit for a Photovoltaic Cell.,easy
Discuss the advantages of reducing the minimum feature size.,easy
Compare Zener breakdown with avalanche breakdown in a pn junction and state THREE differences. Name a device that utilizes each breakdown mode. ,medium
Explore the need for a protection mechanism in 80386.,medium
What are the various types of manometers?,easy
What is powder Metallurgy?,easy
Give FOUR information that can be obtained from Scanning Electron Miscroscope (SEM).,easy
Sate the principle of stadia tacheometry?,easy
A steel rod 5m long and 40mm diameter is used as a column.,medium
Write short note on carburizing and list its applications?,easy
Explain the concept of GPIO in AT mega328P.,medium
Find the multiplicative Inverse of 37 mod 26 using Extended Euclidean Algorithm.,medium
Describe the economic growth and FOUR (4) sources of economic growth. ,easy
Briefly explain the SIX (6) key activities involved in the conversion cycle of a manufacturing company. ,easy
Why starter is required in a DC motor?,easy
What are the fundamental requirements of residential building?,easy
Write down a C++ program for copy constructor for string class.,medium
Briefly discuss THREE factors with ONE example each that should be considered when determining fertilizer placement method. ,easy
"Besides silicon and germanium, name ONE (1) other material which could be used to fabricate transistors. ",easy
Explain how the BAUD rate is set for serial communication in 8051 microcontroller.,easy
Identify FIVE (5) problem solving processes. ,easy
Define field with an example.,easy
List and explain the different metrics in the process and project domain.,easy
The lifetime  of an article has a normal distribution with mean 400 hours and standard deviation 50 hours.,easy
Suggest and explain TWO (2) ways to measure a bank's profitability. ,hard
What are filters hydraulic Systems?,easy
Write Short Note on Cluster Configuration.,easy
Is it possible to construct a graph with 12 nodes such that 2 of the nodes have degree 3 and the remaining have degree 4.,medium
A Kaplan turbine working under a head of 24 m develops 12000 kW shaft power.,medium
"When quantity discounts are offered, justify why it is not necessary to check discount points that are below the EOQ or points above the EOQ that are not discount points. ",hard
Explain Preliminary Geological Investigations carried out for Tunneling.,easy
Define Graph.,easy
Discriminate between Brazing and Soldering.,medium
Differentiate between contact and systemic herbicides. ,medium
What is meant by Precipitation Titration?,easy
Discuss the factors that affect the stability of high-rise buildings.,easy
State merits and demerits of LMO Battery.,easy
State the forces stabilizing functional structure of enzyme which is most susceptible to drastic pH changes. Explain your answer using an example. ,easy
Explain briefly FIVE (5) strategies for effective packaging design. ,easy
Design monostable multivibrator using timer 555 pulse width of 5 seconds.,medium
Concrete mould can be fabricated using steel or plastic. Differentiate the characteristics of concrete mould that is produced by these materials. ,medium
Explain class template using multiple parameters?,medium
Describe the operation of TTL logic circuit working as NAND gate.,easy
Calculate the percent invested in inventory. ,medium
Give brief information of Austenite to Pearlite Transformation.,easy
Explain in brief what is folding.,easy
Construct a Radial Drilling Machine and Explain.,easy
What is mountain building process?,easy
Differentiate between Map and aerial photograph?,medium
Explain in brief important elements affecting the screen printing process.,easy
Derive an expression for the inductance of three phase overhead transmission line when conductors are unsymmetrical spaced buttransposed.,medium
With suitable example write short note on the fractal lines.,medium
Use the Gauss Jordan method to find the inverse of the following matirx.,medium
Discuss in detail drilling as a method of subsurface geological explortion.,easy
Explain Fixed Partitioning and Dynamic Partitioning memory management Schemes.,easy
A reaction turbine works at 450 r.,medium
A rectangular plane surface 3m wide and 4m deep lies in water in such a way that its plane makes an angle of 30Âº with the free surface of water.,medium
"""The slope has been standing for more than 15 years! So it is safe"" and ""Geological report shows that the slope is safe"". The above statements are the common misconception. Propose FIVE (5) construction controls to ensure the safety of construction of residential building on hill-site in Malaysia. ",hard
Briefly describe the general properties of plastic in terms of strength and durability. Comment also why plastic is not suitable to use as reinforcement bar for concrete structure. ,hard
Explain any four selection parameters of PLC also enlist functions of PLC.,easy
Analyze the effect of similarity-dissimilarity on attraction by using TWO (2) theories. ,medium
Write down chemical characteristics of packaging.,easy
Explain the significance of the position of rubber-synthesizing cis prenyltransferases in the structure of a rubber particle. ,easy
The key success of Arnold Palmer Hospital is its implementation of Total Quality Management (TQM) Programme. Describe FIVE (5) principles of TQM Programme which have been adopted by the aforesaid hospital. ,easy
Why surge tanks are used in hydro power plant?,easy
"Provide a guideline for effective use of photography of display materials"" in teaching of English language. ",easy
Discuss briefly energy band in conductor and insulator.,easy
What are rolling contact bearings?,easy
Define Ring.,easy
Using Greenâs theorem evaluate  CFdrâï²ï where,medium
Explain the types of models in Batch Process.,easy
What are the considerations for natural lighting in a residential building?,medium
Design and sketch the layout of a CMOS inverter. ,hard
Explain Taylorâs series method for solution of ordinary differential equations.,easy
What is states of counter?,easy
Use Gauss Seidel method to solve the following system of equations,medium
Describe the purposes of utilizing Building Information Modelling in the construction industry. ,easy
Classify continuous control modes used in process control system and explain PID controller with suitable example.,medium
What is containment?,easy
Briefly explain FOUR (4) manufacturing layout you have learned.,easy
The screw of a shaft straightener exerts a load of 30 kN as shown in Fig.,medium
Solve the differential equation ()() ()3dy tytx tdt+= for input ()()2txte u t-= . Assume zero initial conditions.,medium
Calculate the number of degrees of freedom of mechanism as shown in fig.,medium
Discuss Blow molding process with neat sketch and give any two applications of it.,easy
What is modulus of counter?,easy
"A rectangular column of 240 mm Ã 150 mm is subjected to a vertical load of 110 kN, acting at an eccentricity of 60 mm in a plane bisecting150 mm side. Determine the maximum and minimum stresses.",medium
Write short note on Interrupt enable register.,easy
Explain how human capital can lead to economic growth. ,easy
cohesion.,medium
Describe the elements of machine instructions.,easy
Elaborate Advantages and Disadvantages of LIST Sequential Container.,easy
Identify and elaborate FOUR (4) determinants of an option's premium.,easy
Determine the fourier series for the signal with the periodic wave as shown in fig.,medium
What do you understand by RERA Act?,easy
Write a program in C to toggle all bits of Port 1.,medium
Elaborate on how you will use IoT for remote healthcare.,easy
Describe the SEVEN (7) advantages of radio advertising. ,easy
Describe the interactions involved in stabilization of enzyme's quaternary structure. Explain which of these interactions is the least likely to be affected by denaturation at a liquid-liquid interface. ,easy
Explain how transactions are audited in an electronic data interchange environment. ,easy
Evaluate your sketch with ASSURE's model procedure. ,hard
Explain in brief exploration methods in production of crude petroleum.,easy
Explain following QC tools.,easy
"âInstead of focusing only on investing in local market, some investors also invest in foreign marketâ.  Justify above statement by providing FOUR (4) benefits of investing in foreign market. ",hard
Discuss types of systems for internal combustion engine.,medium
Define signal.,easy
Explain Rebhannâ s graphical method for determination of earth pressure on retaining wall.,medium
Explain winding number method.,easy
Distinguish between products from physical and chemical weathering. ,medium
What is mean by earthquake resistant structures?,easy
Explain Closely Coupled and Loosly Coupled microprocessor systems.,easy
Explain Different type of join with suitable example.,easy
What precautions should be taken for welding high reflective materials using laser welding?,medium
Define query processing.,easy
What are zeolites?,easy
Define corrosion.,easy
What do you understand by Leadership in Energy and Environmental desing (LEED)?,easy
Explain Interfaces in Linux.,easy
What are different methods of speed control for three phase induction motor.,easy
A coin is tossed 160 times and following are expected and observed frequencies for number of heads.,medium
List the Various VHDL operators.,easy
List various properties required for bearing material?,easy
Compare the Gas Turbines with I.,medium
State the applications of aerial photogrammetry in surveying?,easy
Write a pseudo code to insert new node in to singly link list.,medium
Explain how to use a particular package in a Java program.,easy
Describe Inheritance.,easy
List various types of direction control valve.,easy
Compare Analog and Digital communication.,medium
Explain the basic concepts in construction economics as introduced by Myers (2017).,easy
Explain FOUR (4) major forces which move water into wall claddings and measures to be taken to eliminate these problems. You are required to include illustrations in your explanation. ,easy
What is inheritance?,easy
Derive the relationship between the mole fraction of components taking part in the reaction and the extent of the reaction.,medium
Calculate the diameter of the shaft used in agitation system.,medium
State different objective of D.,easy
A quantity of air having a volume of 400 m 3 at 30ÂºC DBT and 25ÂºC WBT is heated to 50 ÂºC DBT.,medium
Define semi groups.,easy
"Recommend a suitable metal for the fabrication of power tools like drills, files and chisels. Your recommendation should be justified by elaborating the important properties of the proposed metal. ",hard
Explain the classification based on their physical characteristics.,easy
"According to many researchers, market inefficiencies do exist in most of the stock markets in the world and also known as market anomalies. This situation is contradicted to market efficiency hypothesis. Describe SIX (6) market inefficiencies that commonly happen in the stock markets. ",easy
Explain in brief various retrofitting techniques used to strengthening RCC column and beams.,easy
List THREE factors that influence the type of irrigation used in agriculture. ,easy
Define quality.,easy
Define sequential file organization.,easy
With neat waveforms explain the measurement of frequency by sweep method and Lissajous pattern method is dual trace oscilloscope.,easy
Suggest TWO possible poultry breeds that Kaseem are breeding for Malaysia broiler industry. ,hard
Explain the main disadvantage of Lineweaver-Burk plot. Suggest an alternative method to Lineweaver-Burk plot. ,hard
Explain the solidification of pure metal.,easy
Write a note on assembly language elements.,easy
Differentiate between soil fertility and soil productivity. ,medium
Explain FIVE (5) characteristics of social media. ,easy
Design a vendor-rating form that represents your comparison of the education offered by universities in which you considered/are considering/have considered enrolling. ,hard
Define monochromatic emissive power and monochromatic emissivity.,easy
"""Instead of focusing only on investing in local market, some investors also invest in foreign market"". Justify above statement by providing FOUR (4) benefits of investing in foreign market. ",hard
What are solid Solutions?,easy
In certain city 4000 tube lights are installed.,medium
Explain the compressive strength of concrete. How it is determined in laboratory.,easy
Write a short note on thermocouple.,easy
State the importance of finally blocks.,medium
What is mean by programming in the large?,easy
Elaborate Compaction factor test.,easy
Explain name space with example.,easy
Describe a Link List as ADT.,easy
Explain building meterial used for green building.,easy
Explain the conceptual design process. ,easy
Define member stiffness; carry over moment and distribution factor.,easy
Teacher-prepared materials are the best form of resources for your English language lesson. State FIVE (5) factors that you would consider when preparing your resources. ,easy
Write a short note on block brakes.,easy
Compare stack with Queue.,easy
A pipeline of length 2km is used for power transmission.,medium
"Besides Field Programmable Gate Array (FPGA), name one other type of programmable logic device. ",easy
A 3 phase 80 kV transmission line is supported by 3 suspension insulators.,easy
"Based on your knowledge, describe TWO (2) foreign bonds that are well known in the market. ",easy
How O.,easy
Explain sill and Dyke as igneous intrusions.,easy
Describe Renaissance art style. ,easy
Explain THREE (3) data collection challenges in advertising research.,easy
Describe a circular linked list.,easy
With the help of torque speed characteristics explain effect of addition of external resistance in rotor circuit of 3 phase slipring induction motor.,easy
Write an 8051 C program to toggle only bit P2.,medium
Explain the function of the following component in HPP :,easy
Identify FIVE (5) Maslow's Hierarchy of Needs based on organizational context. ,easy
What is Lissajous pattern?,easy
Describe primitive data types.,medium
"Define the designation âFrame = -3"".",easy
Find Controllability and Observability of the system given by state model.,medium
Which are the factor that affect on the output of the voltage regulator?,easy
Explain Project Management software in construction site planning.,easy
Explain voltage Divider using multiplier 534.,easy
A cylindrical pressure vessel 1.,medium
What are the steps in handling page fault?,easy
Find the Laplace Transform of following using the properties.,medium
Define pressure vessel and explain design of pressure vessel subjected to external pressure.,easy
Discuss the significance of genome studies in molecular medicine.,easy
What is scaling?,easy
What is machine instruction?,easy
Discuss THREE (3) factors influencing the conflict management process. Support each of your answers with ONE (1) relevant example. ,hard
What do you mean by EV A?,easy
Explain any Electric vehicle in detail.,easy
What are polar plots?,easy
What is the cost of the MST?,easy
Explain following instructions of 8051.,easy
Define load factor and shape factor.,easy
What are the benefits of increased productivity?,easy
A three span continuous beam ABCD is loaded with ultimate loads as shown in figure 11.,medium
Discuss the regulation of ATCase which is an allosteric enzyme. ,easy
What is friend function?,easy
What is spread spectrum?,easy
A 4m length of a tube has a buckling load of 2kN when used as a column hinged at both ends.,medium
Explain Helmholtz and Gibbs functions.,easy
Identify the compounds A and B in the following reactions.,medium
Find the condition for symmetry and reciprocity of Z parameter.,medium
"List the three types of RNA involved in the transcription and translation, and briefly explain their functions. ",easy
Explain the purpose of human communication process. ,easy
Briefly explain the characteristics of monopolistic market structure.,easy
Briefly describe the hierarchical classification of proteins using CATH classification. ,easy
Derive the expression Maximum Efficiency of a Square Threaded Screw.,medium
Explain addressing modes of 8086.,easy
State properties of material used for solders.,easy
What is Stack?,easy
An electric current consists of an inductance 0.,medium
Derive with usual notations the basic governing âenergy equationâ of channel flow.,medium
"Using a farm animal species of your choice, sketch a graph and describe the scenario that demonstrate a strong genotype by environmental interaction that could influence breeding objectives. ",medium
List the types of Lubricants with at list two examples.,easy
What is graphics rendering pipeline in a Virtual Reality system.,easy
What do you mean by:,easy
Give principle and instrumentation of flame photometry.,easy
Calculate the O/P voltage for a DAC whose output range is 0 to 10 V and input binary number 1001.,medium
Write a python program to insert a new item before the second element in an existing array.,medium
How the Queue ADT is implemented using a Python list.,easy
Describe the concept or purpose of Qlassic and CIS (Construction Industry Standards) documents. ,easy
Find center of pressure of the component as shown in fig.,medium
What is stability?,easy
A crude oil of viscosity 0.,medium
What is Radiation?,easy
Double Jet Pelton Wheel has a specific speed of 14 and is required to deliver 1000 kW.,medium
Name and sketch the proposed retaining wall in plan view to show the main elements of the wall. ,medium
Apply Stoke âs theorem to evaluate F cdrïï²  where Fyzi zxj xykï½ï«ï«  and S is upper part of sphere 22 21 xyzï«ï«ï½  above XOY plane.,medium
Reason why hunger cannot be simplified as yet another homeostatic process. Provide TWO (2) points. ,easy
Discuss the steps in executing interrupts in PIC18 microcontroller.,medium
Define attribution. ,easy
Give THREE (3) examples of common uses of standby letter of credit. ,easy
Differentiate between the PIC microcontroller and the ARM processor.,medium
Explain the benefit if environment management system.,easy
Explain the price discriminations that associated with monopoly.,easy
Write an applications of GIS in civil engg.,medium
Write a note on Embedded and Dynamic SQL.,easy
Discuss the mechanism of E1 and E2 reaction of alkyl halides.,medium
Write the rules for BCD addition and give example.,easy
Write short note on.,easy
Perform depth first search algorithm on the following graph.,medium
Enlist different linear and angular methods of setting out of curves.,easy
Briefly explain why fatty acids such as stearic acid can be used in Langmuir Blodgett (LB) film deposition and how the monolayer is formed.,easy
What is precipitation titration?,easy
Derive the formula for Newtonâs forward interpolation formula for the equally spaced data points.,medium
Explain deadlock prevention and Recovery.,easy
Identify TWO (2) functions of crisis communication that must be addressed when communicating with internal stakeholder during a crisis. Explain your answer with an exarnple for each function. ,easy
Write a short note on Claisen rearrangement.,easy
Explain the growth of boundary layer over a thin flat plate held parallel to the direction of flow in a real fluid.,easy
"The technology of VLSI is defined by the feature size. Over the years, the feature size has been reducing. Analyze and explain the reasons for doing so. ",medium
What is indexing?,easy
A 200 V lap wound DC shunt motor has 800 conductors on its armature.,medium
Develop a time phased product structure.,hard
Give the postfix and prefix expression ï¨ï© ï¨ï© // ab c x y zï«ïª ï«,medium
Explain the golden rules for User Interface Design.,easy
Enlist various methods available for concrete mix design and explain the step by step procedure for concrete mix design IS 10262 method.,easy
What is the function of LM35?,easy
Explain Linux processes and Thread management.,easy
Differentiate between Carburizing and Nitriding.,medium
Analyze the stability of soil using friction circle method with neat sketch.,medium
Write a program to turn off LED for connected to Port 0 when interrupt 0 occurs and turn it on when interrupt 1 occurs.,medium
Define color temperature. ,easy
Suppose that a book of 600 pages contains 40 printing mistakes.,medium
What is presattable counter?,easy
Explain composite masonry.,easy
Write a short note on concept of PLA and PAL.,easy
"Find angle between the normal to the surface xy = z2 at (1,4,2) and (â3,â3,3).",medium
"Evaluate the differences between the common, facing and engineering bricks in characteristics and use. ",hard
Write a LISP program to find the factorial of n numbers using recursion concept.,easy
A committee including 3 boys and 4 girls is to be formed from a group of 10 boys and 12 girls.,easy
What is Turbidometry in microbiology?,easy
Explain different types of microbial interactions in environment with examples.,medium
"A 6 pole, 3 phase induction motor is connected  to 400 volt, 50 Hz ac supply. Calculate- i) the speed of rotating magnetic field of the motor ii) Speed of motor at 3% slip iii) the ro tor emf frequency at 3% slip",medium
Give types and applications of stepper motor.,easy
Explain RTC DS1306 interfacing with PIC18FXX microcontroller.,medium
Elaborate functional business systen in detail with cross functional enterprise systems.,easy
Explain Tools and Techniques used in the Method Study.,medium
Define indegree and outdegree of a vertex in graph. Find the indegree and outdegree of following graph.,easy
Explain historical development of wind power.,easy
Apply the Gauss Jordan method to solve the following equations.,medium
State and Explain Gibbs phase rule.,easy
List FIVE (5) major business activities of investment banks. ,easy
Solve the following integral equations.,medium
What is file?,easy
Find the Laplace Transform and find ROC.,medium
Explain properties of insulating materials which are used in Cables and Transformers.,easy
Evaluate following postfix expression with the help  of stack.,medium
Explain in brief about the modification in squirrel cage motor with deep bar rotor construction and state the advantages of this modifiedconstruction.,easy
Explain with sketch any one technique of Ceramic matrix composite processing.,medium
What are copper and its alloys?,easy
Write a note on file operating modes.,easy
Describe compading methods ï­-law and A - law.,easy
What is a file mode?,easy
The Glass-Steagall Act of 1933 and the Financial Services Modernization Act of 1999 created impact on commercial banks and investment banks in the US. Explain each act in detail. ,easy
Classify soil organisms according to their ecology and state TWO examples for each group. ,easy
Institutional shareholders do not always fare better than the minority shareholders in promoting shareholder activism. Assess the impediments of institutional shareholder activism. ,hard
List another TWO isotherms besides Langmiur isoterm. ,easy
Discuss the major air pollutants from I.,easy
Discuss managing global system with technology issues and opportunities for global value chain.,easy
What is remote sensing?,easy
Construct a divided difference table from the following data.,medium
Analyse the continuous beam as shown in figure 8 by stiffness method.,medium
Explain the following characteristics of TTL logic families.,easy
Differentiate between crossbreeding and linebreeding. ,medium
Name a donor atom and acceptor atom for Si. ,easy
Write a short note on Java tokens.,easy
Give the properties and application of Manganin.,easy
Explain working of radial drilling machine.,easy
What are materials used for artificial muscles?,easy
Discuss all four cases to determine direction of Coriolis components of acceleration when block is sliding on rotating link.,medium
Determine the equilibrium price and quantity.,medium
An emitter biased Dual Input Balanced Output differential amplifier has the following specifications.,medium
Malaysian Code on Corporate Governance (2012) stipulates that there should  not be any domination of power by any individual in the board. Responsibilities of the CEO and the Chairperson must be clearly defined and separated in order to ensure a balance of power and authority. Evaluate the advantages and disadvantages of CEO duality.,hard
Explain any two vitamin deficiencies.,medium
What is Additive Manufacturing?,easy
Write a program in C to configure Port 1 as input port and Port pin P2.,medium
What is meant by ROM?,easy
What is NTU effectiveness method?,easy
Differentiate between hard and soft magnetic material.,medium
What is shift register?,easy
What is file pointer? Write a note on file opening & file closing.,easy
What is namespace?,easy
Discuss types of analysis for fuel.,medium
What is Decision Support system?,easy
Explain single phase fully controlled rectifier fed DC motor drives.,easy
"Explain the trading behavior of hedger, speculator and arbitrageur.",easy
Evaluate TWO (2) strategies that have been implemented by McDonald's Malaysia in handling the crisis. Provide a justification and an example to support your answer for each of the strategies. ,hard
Describe in brief unit operations and unit processes involved in refinery processes of crude oil.,medium
Explain the construction and operation of permanent magnet stepper motor.,easy
Explain the Dining Philosopher problem with the help of pseudo code.,easy
List out the points to be considered for Best Practices of CAD conversion.,easy
Explain TWO (2) defects which are usually occur on the surface of finished concrete.,easy
Explain lead wire temperature compensation technique.,easy
State FOUR (4) reasons why level strategy is attractive to some companies in preparing aggregate production plan. ,easy
Write a short note on green building certification in India.,easy
Explain FIVE (5) ways that can be practiced by the organization to communicate during the crisis. ,easy
What is Isobar and Pressure bulb?,easy
Explain LED interfacing with 8051 microcontroller.,easy
Briefly list the different types of building maintenance. ,easy
Solve any two of the following.,medium
Explain various types of aquifers.,easy
Identify FIVE (5) effects of organizational communication technology towards communication pattern. ,easy
Explain Berkeley and Hartley method for measurement of osmotic pressure.,easy
Discuss FOUR (4) tactics that can be used by a spokesperson to handle different types of questions from the media. Provide your discussions with an appropriate example for each tactic. ,easy
Explain in brief various screen stencil making process.,easy
"You are on a mission to study the microbial diversity in a hyperarid desert. Design experimental steps in collecting, storing, and analyzing the samples. Justify the choices in each step and predict the types of microbes that could be found. ",hard
Write a pseudo code for binary search apply you algorithm on the following no.,medium
Determine the values of government multiplier and tax multiplier in open economy for Japan. Explain which multiplier has greater impact on the economy. ,medium
Explain how changes in amino acid ionization states could affect the catalytic activity of an enzyme. ,easy
Find the shortest path from node âaâ to all nodes in the graph shown in fig.4 using Dijkstraâs algorithm.,medium
E-mail marketing has evolved rapidly alongside the technological growth of the 21st century. Discuss FIVE (5) reasons why e-mail marketing is still a growth area in digital marketing. ,easy
Determine the eq ns of regression lines for the following data.,medium
Explain segment address translation in detail.,easy
Support your views with TWO (2) examples from everyday life for each origins. ,hard
What do you mean by Industrial Automation? What are its types? Explain the architecture of an automation.,easy
Explain the operation of SR flip flop with truth table.,easy
What is semiconductor memory? Enlist advantages of it.,easy
Explain the concept of Graph coloring.,easy
Glass is known to have good qualities and properties related to thermal and sound insulations. Discuss the application of glass in the construction of green building.,easy
Use fourier transform to solve.,medium
A homogeneous 700kg bar AB is supported at either end by a cable as shown in figure below.,medium
Explain the functions of following pins of ADC 0809.,easy
Discuss the disadvantages of timber flat roofs. ,easy
"Suggest your recommendation on the investment of KMK Corporation's common stock, if the stock price is traded at $25 currently. ",hard
Describe types of joints and their civil engineering significance.,easy
List and explain various Privilege Instructions.,easy
SO2 is absorbed in water using a packed column operated at constant T and P.,medium
What is Generic programming?,easy
What is fourier series.,easy
What are differences between natural convection and forced convection?,medium
State 'corporate governance' definition as mentioned in Cadbury Report (1992). Explain Malaysian Code on Corporate Governance (MCCG) 2017 âcorporate governance' definition in details. ,easy
Define Equalizer.,easy
Explain in short:,easy
Write note on CLK2 and Internal processor clock.,easy
Explain Selection sort in ascending order using the following array.,medium
Explain basic concept of Hash table?,easy
Explain working of IC 555 as monostable multivibrator.,easy
A rectangular block of material is subjected to stresses on perpendicular faces as shown in figure 4.,medium
Calculate the rate of heat loss from a thermoflask if the polished silver surfaces have emissivities of 0.,medium
Explain the factors affecting the concrete mix design.,easy
Explain FIVE (5) key components of organization crisis definition.,easy
Write a note on SQL Lite database.,easy
What are the various losses which make the operation of actual cycle differ from that of air standard cycle Explain each loss in brief.,easy
Estimate boards of 90Dkg in RA1 size for 10000 books in A5 size.,medium
Define and contrast digital certificate and digital signature. ,easy
Write a program in C language to generate a square wave form on pin 5 of port 1.,medium
Discuss ONE (1) limitation and benefit of duration. ,easy
What is the use of constructor.,easy
Show that.,medium
Show that the analytic function f (z) with constant modulus is constant.,medium
Discuss Link State Routing protocol in detail.,easy
What is CPU Scheduling?,easy
Explain submerged arc welding process with neat sketch.,easy
Differentiate between TIG welding and MIG welding.,medium
Explain how control transfer instructions are executed using the call gate in the system?,medium
Find the reverse bias saturation current. ,easy
Diameter of brake drum of single block brake shown in fig is 1 m.,medium
List THREE (3) usages of instructional materials to facilitate classroom teaching and learning process. ,easy
What is Nanotechnology?,easy
Define Educational Technology based on FIVE (5) instructional design view. ,easy
"Standardized, reusable containers have fairly obvious benefits in shipping and within a plant. State five (5) purpose of these devices. ",easy
Find Current I using Thevenins Theorem.,medium
Explain ISA sequence in Alarm Annunciation system.,medium
List down the material required for screen printing and explain the purpose of each material.,easy
Derive blending function of Bezier curve.,easy
Explain the Concept of Acceleration Image Principal.,easy
State and explain all possible network functions of one port network.,easy
Describe factors impacting on entrepreneurship.,easy
What do you mean by limit of proportionality or elastic limit?,easy
Derive the Expression for Efficiency of Self Locking Screw.,medium
Define control valve.,easy
What are the mathematical operations that can be performed on SET Abstract Data Type?,easy
"Justify the following statement: âThe value of a putable bond is never greater than the value of an otherwise comparable option-free bond.""",hard
Calculate the coefficient of variation for the data given as follows.,medium
Find the rotation B ( Î¸B) for the beam with uniform flexural rigidity as shown in figure 2.,medium
Explain the following for hydraulic turbine.,easy
State the classification and applications of Photogrammetry in surveying.,easy
An unbaised coin is thrown 10 times.,medium
A set of five similar and fair coins are tossed 3360 times.,medium
What is RAM?,easy
Differentiate between transmission and distribution system.,medium
The standard deviation and arithmetic mean of the distribution are 4.,medium
Explain Assembly Modeling CAD Customization.,easy
"Explain with sketch the fixed hair method of tacheometry, when line of sight is inclined downward (depression) and staff is held vertical?",easy
Explain the SIX (6) power bases that determine effective leadership. Provide an example for each of the answers.,easy
Determine the probability of getting sum 9 exactly twice in 3 throws with a pair of fair dice.,medium
Explain Development  in part Modeling in CAD Customization.,easy
IBS components can be divided into five broad categories. Briefly describe with examples all FIVE (5) categories. ,easy
Explain impact of temperature and insolation on I-V curves of PV cells.,easy
Ion implantation is one of the popular methods to dope semiconductors. Discuss the control parameters for this method. ,easy
Explain the QoS parameters in computer network.,easy
Explain the working of single phase full wave bridge rectifier with RL load.,easy
Explain the field application of compaction test result and how to control Field compaction.,easy
Describe various types of unconformities with neat sketches.,easy
Explain along with fig Types of Rolling Contact Bearings.,medium
How is Lissajous pattern used for frequency measurement?,medium
Explain final control element in brief and explain gate and needle control valve in detail with neat sketch.,easy
Write an algorithm to insert an element in a binary search tree implemented using linked representation.,easy
Give ONE example of aspartic protease. Describe the mechanism of aspartic protease in relation to how pH affects its activity. ,easy
What is segment?,easy
What is VHDL?,easy
Construct a function PUSH and POP in âCâ for stack using array.,medium
State the various methods of Project Monitoring.,easy
Explain the thread life cycle model in Java.,medium
How parameterized constructors get executed in multilevel inheritance?,medium
An incomplete travers table is obtained as follows.,medium
Delineate modulus of counter.,easy
What is software SCM repository?,easy
Briefly explain the mechanism of RNA interference. ,easy
Describe color wheel. ,easy
Calculate the variance of demand for the winery. ,medium
Find Z parameters of the network shown in figure no.,medium
Differentiate the microcontroller and microprocessor.,medium
Nitrobenzene  undergoes electrophilic substitution at meta only.,easy
Enumerate the selection of motors depending on load characteristics.,easy
A Rectangular block of material is subjected to stresses on perpendicular planes as shown in figure below.,medium
Determine which country enjoys comparative advantage in the production of cotton and silk respectively. Support your answer by calculating the opportunity costs of each. ,medium
What is PLD?,easy
"Propose a suitable preparatory demolition survey, method and shoring where some partial demolition work is included for the rear building portion. ",hard
How will you represent facts in propositional logic with an example?,medium
Compare SLL with DLL?,medium
Explain Boundary fill algorithm for polygon.,easy
What is Low pass filter?,easy
Explain the applications of Bezier curves in robot path planning.,easy
Implement the following function using multiplexer,medium
What is dynamic data structure.,easy
What do you mean by Boiler Draught and how are they classified.,easy
Discuss TWO (2) disadvantages of tokenism that is usually used to create a positive image of the system that the system is fair and without discrimination. ,easy
Shareholder activism is an important governance mechanism because this is how minority shareholders exercise and enforce their rights. Comment on the effectiveness of shareholder activism. ,hard
Explain briefly how the aggregation processes could improve the water quality in a water treatment plant. ,easy
Explain the Configuration of a series Hybrid EV .,easy
Explain the cold and hot weather concreting.,medium
What is fire escape and explain any one fire escape elements?,easy
Write a note on applications of remote sensing.,easy
A beam ABC of length 10m has one support at the left end other support at a distance of 6m from the left end.,medium
Explain in brief screen angle and halftone process for screen printing process.,easy
What are the geological requirement for the foundation of dam?,easy
Describe the enzyme characteristics that are desirable in high temperature industrial applications. ,easy
Explain the concept of Tristate logic.,easy
Name the amino acids for the following single letter codes: DMVREL. ,easy
What is parametric modeling?,easy
Describe the differences in the sugar compositions between unfermented and fermented cocoa beans. ,easy
"Explain in brief, the following:",easy
Choose ONE (1) of the factors that you mentioned in question 2(a) and briefly explain why you consider this factor is important. ,easy
Write down specific ISO standards used in packaging industry.,easy
Describe the factors to be considered while selecting hydro power plant.,easy
Vector along the direction of the line.,medium
Name FIVE vital plant processes that herbicides target. ,easy
What do you mean by flow control in transport layer?,easy
"""Investment strategies used by the investors of futures and forward markets help to maintain market efficiency"". Based on the above statement, differentiate THREE (3) main investment strategies used by futures and forward markets' investors. ",medium
What are the different types of cast iron?,easy
Find Laplace Transform of following signal.,medium
"Determine the range of output voltage for adjustable voltage regulator LM317 for R1 = 240ï, R2 = 4.7 kï Assume Iadj = 100 ï­A.",medium
A coil which has an inductance of 40mH and a resistance of 2 ï is connected to form an LR series circuit. If they are connected to a 20VDC supply. Find,medium
Define register.,easy
What are proximate and ultimate analysis of fuel?,easy
Name  the different standards used for the Designation of Steels.,easy
With the help of neat sketch explain the construction and working of radial drilling machine.,medium
What is basic principle of working piezoelectric pressure sensors?,easy
A cylindrical boiler is 2.,medium
Discuss EIGRP protocol in detail.,medium
Write functions for RR and RL rotation with respect to AVL tree.,medium
Write down the steps to be followed to transfer a data serially using 8051 microcontroller.,easy
Evaluate any FIVE (5) power bases. Provide a relevant example for each power base. ,hard
Describe effect of wall moment with respect to earth pressure.,easy
Explain on the advantages of switching from a flat-file processing system to a database management system. ,easy
Classify hydro electric power plant based on i) head ii) load,easy
Suggest FIVE (5) actions that Public Mutual Berhad (PMB) can consider in championing the institutional shareholder activism. ,hard
State characteristics and uses of contour lines.,easy
Distinguish between DM and ADM.,easy
A doubly linked list with numbers to be created.,medium
"Briefly describe the properties of wood in terms of density, thermal insulation, chemical resistance and strength. ",easy
Determine the oxide capacitance. ,medium
With neat sketch describe injection molding process with its advantages.,easy
Discuss FOUR (4) economic roles of money market. ,easy
"Discuss the feasibility of dam site, with dipping and horizontal strata.",easy
"Assume the mean height of soldiers to be 68.22 inches with a variance of 10.8 inches square. How many soldiers in a regiment of 10,000 would you expect to be over 6 feet? Assume area (0 < z < 1.15) = 0.3749 where z is the standard normal variate.",medium
What are various types of Cast Iron?,easy
What is register renaming?,easy
Explain FOUR (4) factors in the Globalization of Financial Markets. ,easy
Explain in detail Ruling process.,easy
"What are different types of curves, explain any one with sketch .",easy
Define formwork.,easy
Write a short note on Ocean thermal energy conversion.,easy
Write a short note on IC LM 317.,easy
Explain with neat sketch the Peak and Residual shear strengths of soils.,easy
Calculate the coefficient of correlation from the following data.,medium
Explain photolysis of water molecules using coordination catalysis.,medium
Implement Priority queue using linked representation and mention the time complexity of operations.,medium
Define the following terms w.r.t PLL.,easy
A Pelton wheel is to be designed for the following specifications.,medium
Explain necessity of nitrogeneous fertilizers produced from Ammonia.,medium
Explain Welding Inspection briefly.,easy
Explain Dequeue with the insert and delete operations performed on it.,easy
What do you mean by excitation table of flip flop?,easy
Why 3 phase induction is also called as generalised transformer?,easy
Explain Producer and consumer problem in Classical Synchronization.,easy
What is the Importance of Good Communication Skills?,easy
Show that the Fermi-Dirac function is a step function at T = 0 K. ,medium
Evaluate ()C34 21zdzzz+ +ï²ï  where c is the circle 1z=.,medium
The total load of the power system is not constant but varies thoughout the day and reaches a different peak value from one day to another.,easy
Write an algorithm to evaluate postfix expression.,easy
Consider following Database.,medium
An oil of specific gravity 0.,medium
Calculate the market demand and market supply in table form. ,medium
With  suitable program segments describe the usage of âSuperâ Keyword,easy
Explain the disadvantages of polynomial representation using an array.,easy
Discuss the advantages of FinFETS over planar MOSFETs. ,easy
Determine the type of MOSFET. ,medium
What do you mean by Totem Pole output?,easy
What is the difference between dielectric material and insulating material?,medium
Explain the strong acid strong base titration with the help of titration curve and indicators.,medium
Consider the following processes where arrisal and barst time are as given below. Calculate the average waiting time and average turn aroundtime if the processes are scheduled using FCFS.,medium
Differentiate between Orthographic Projection and Isometric Projection.,medium
Define with units,easy
What is IT infrastructure and what are the stages and drivers of IT infrastructure evolution?,easy
Explain any two types of Speed Control methods of 3 phase Induction Motor.,easy
Describe the major Design Rules of RISC philosophy?,easy
What is semaphore?,easy
Design constant K-low pass filter to have a cut-off frequency of 796 Hz when terminated in a 600 ï resistance in both the T and Ï configurations.,medium
Foundation design is required the study and examination of multiple components which is a highly specialized the function and usually is performed by a structural engineer. Inspect the components which have to include in the designing of a building foundation. ,medium
What is fractal?,easy
Write pseudo-micro-steps for the following operations. Register transfer and fetching a word from memory.,easy
What is an ASM Chart?,easy
Write an algorithm for evaluating  a postfix expressioin using stack.,easy
Outline how storage buffers may be deployed in automated production lines.,easy
Derive the expression for rise in pressure in the impeller of a centrifugal pump.,medium
Write a program in C language to copy the contents of Port 2 to Port 1.,medium
What is steel?,easy
Two different soils were obtained during sampling and the distance between the two sites were only 100 meters apart. Discuss TWO soil forming factors which are most likely to explain the differences. ,easy
What are the different algorithms and techniques used in managing cache memory.,easy
Comment on Unconfined Compression test is special case of Triaxial Compression test.,medium
Derive the relegation ship between Springs in Series and Parallel.,medium
Find minimum spanning tree for the following graph using Prim âs Algorithm.,medium
Determine capacitance per phase per km of three phase transmission line when conductors are arranged in horizontal plane and 4 meter apart.,medium
Explain rotation about an arbitrary axis in 3D.,medium
Explain significance of any three dimensionless numbers used in various modes of heat transfer for thermal analysis.,easy
Which are different file organization techniques?,easy
A 75 mm diameter solid shaft is supported on end bearing 4 m apart.,medium
State 3 advantages and 3 disadvantages of LVDT.,easy
Differentiate between Terrestrial photogrammetry and Aerial photogrammetry?,easy
What is Heat affected Zone?,easy
Define Bank Capital and elaborate the functions of Bank Capital.,easy
In two independent samples of size 8 and 10 the sum of squares deviations of the values form the respective sample means were 84.,medium
Design a Francis turbine runner with the following data.,medium
Explain in details IEEE Standards for Representing floating point Numbers in following formats.,easy
Briefly describe how riparian forests help in  reducing nitrate contamination in rivers reducing nitrate and streams. ,easy
Distinguish between 'periodic inspection' and 'continuous inspection'. ,medium
Define soil horizon and relate it with soil profile. ,easy
The following system of equations was generated by applying mesh current law to the circuit.,medium
Write a short note on V to I converter with grounded type load.,easy
A series of five one day matches is to be played between India and Sri Lanka.,medium
Discuss FIVE (5) main differences between aims and learning outcomes. ,easy
Compute closure of the following set F of FD for relational schema.,medium
In a normal distribution 31% of the items are under 45 and 8% are above 64. Find the mean and standard deviation of the distribution. Take Area (0 < z <1.4) = 0.42 and Area (0 < z < 0.5) = 0.19 where z is the standard normal variate.,medium
Show that for a steady laminar flow through a circular pipe mean velocity of flow occurs at radial distance of 0.,medium
A bank maintains two kinds of accounts for customers.,medium
State the significance of âScoreâ in the BlastX alignment. ,easy
Explain the terms enantiomers and diastereomers giving examples.,easy
How will you test transformer oil?,medium
Discuss the significance of human genome project. ,easy
Explain the following Signals.,easy
Discuss effect of alloying elements on steel?,easy
What is make utility?,easy
Give difference between Hardwired Control Vs Microprogrammed Control.,medium
"Identify the genetic elements in the DNA sequences of Homo sapiens, Homo luzonensis and Homo erectus. Justify your answer. ",hard
Enlist continuous control modes used in process control system and explain PI and PD control modes with suitable example.,easy
Determine the plastic moment at collapse for the continuous beam ABCD loaded with ultimate load as shown in figure with contant Mp.,medium
Differentiate friend function with normal function of the class.,easy
Which is operator overloading?,easy
Determine collapse load for the beam shown in figure 9 with variable moment or resistance.,medium
What is call gate?,easy
A job is subdivided into five elements.,medium
Describe the process to carry out work sampling study.,easy
With neat sketch explain the HGL and TEL.,easy
Write an explanatory note on rotary drum filter.,medium
Explain LRU page replacement algorithm in detail.,easy
Explain the condition of Reciprocity & Symmetry by giving Example.,easy
Explain the anti-advertising consumer organizations culture. ,easy
"Given the table of square roots, calculate the value of 155 by Newton's backward difference formula.",medium
State and explain terminology for spur gear with neat sketch.,easy
Evaluate your sketch with ADDIE's model procedure. ,hard
Write a short note on Bearing Materials.,easy
Derive torque equation of DC motor?,medium
Design a cast iron protective type flange coupling to transmit 15 kW at 900 RPM from an electric motor to a compressor.,medium
What is dynamic data structure?,easy
Write a short note on Geothermal energy.,easy
Write Note on Copper and its Alloy.,easy
"Using stoke's theorem, evaluate",medium
Compare superscalar and super pipelined approaches.,medium
Elaborate the Postfix evaluation algorithm stepwise.,easy
How to perform loading and unloading of parts in machining operations using robots.,easy
Explain Linked List class with an example.,medium
A fluid of viscosity 8 poise and specific gravity 1.2 is flowing through a circular pipe of diameter 100 mm. The maximum shear stress at the pipewall is 211 N/m 2. Find:,medium
Solve the heat equation.,medium
State the properties and applications of -,easy
Derive the expression for attenuation constant and Phase shift of proto type constant K high pass filter.,medium
Implement CMOS NAND Gate using pMOS and nMOS gates.,easy
Differentiate between electroosmosis and electrophoretic mobility of solutes in capillary electroosmosis. ,medium
E-mail newsletters are still popular communication strategy for digital marketers. Suggest FIVE (5) ways to engage with your newsletters subscribers. ,hard
In a wide rectangular channel of 100 m wide and 3 m deep has an average bed slope of 0.,medium
Explain difference between squirrel cage induction motor and slip ring induction motor.,easy
What is B tree?,easy
Writes a short note on edge preparation in welding.,easy
Explain theory of indicators and also explain a difference of 2 PH is required for colour change.,medium
"Explain the definition of a ârobust modelâ. Specifically, if a manager exclaimed âThe calculated EOQ is wrong because the actual demand is 10% greater than estimatedâ, justify your response. ",hard
Explain resource smoothing and leveling.,easy
What is vulcanization?,easy
Define durability of concrete.,easy
"Define graphic design, product design and environmental design. Provide ONE (1) example for each. ",easy
Describe the procedure for Vane Shear Test.,easy
Explain the importance of using initial velocity to study enzymatic catalysis. ,easy
What is the need of calibration? Explain one method of calibration of energy meter.,easy
Briefly explain why coating a nanoparticle or surface with a polyelectrolyte (polymer with ionizable groups) is favourable. ,easy
"Find the work done in moving a particle once around the ellipse 22 1, 025 16xyzï«ï½ï½  under the field of force given by 2(2 ) ( ) (3 2 4 ) .Fx y z i x y z jx y z kï½ï­ ï«ï« ï« ï­ ï«ï­ ï«",medium
Explain error handling during file operations.,easy
Describe the components in the Mechanical and electrical System used in buildings.,easy
The price of good is one of the internal factors of determinants of demands and it also depends on the cost of production. Describe the TWO (2) types of production cost with examples. ,easy
Describe Circumstances under which you would choose to use Embedded SQL than normal SQL or only a general purposeprogramming Language.,medium
Explain in brief sulfation of fatty alcohols and sulfonates.,medium
What are the salient features of Green building?,easy
The open loop transfer function of a unity feedback control system is given by.,easy
Explain 4P's of marketing. ,easy
Discuss PWM generation and detection in detail.,easy
Obtain y-parameters of two port network for the given network in the fig.7.,medium
The width of belts is 15 cm and maximum tension per cm width is not to be exceeded 140 N.,medium
Explain and compare diffuse and specular reflection.,medium
State two differences between a JFET and a BJT. ,easy
Explain the physical meaning of transconductance. ,easy
The crank of IC.,medium
Check whether given schedule is view serializable.,medium
Describe THREE factors that affect soil aeration. ,easy
List out the Java features.,easy
"Describe the common structural features of phosphatidylserine, phosphatidylethanolamine, phosphatidylcholine and phosphatidylinositol. State their general function(s). ",easy
Differentiate between light compaction test and heavy compaction test.,medium
Describe any two software size estimation techniques.,easy
A circular bar 50 mm diameter carries an axial tensile load of 200kN.,medium
What are the limitations of nanomaterials?,easy
What is retained austenite?,easy
Derive the condition for maximum starting torque of 3 phase induction motors with usual notations.,medium
Explain Java history in detail.,easy
What are materials used additive manufacturing?,easy
Write short notes on .,easy
Comment on the importance of comparative genomics research. ,hard
Explain the different types of ADCs.,easy
Explain different types of constrained motion with neat sketch.,easy
Classify solid insulating materials according to the temperature ranges. Hence write properties and applications of any two materials from ClassA type.,easy
"Consider the following page reference string A,B,C,D,A,B,E,A,B,C,D,E. Calculate page fault with FIFO page replacement algorithm when framesize is 4.",medium
Name the TWO ways of how molecules bonded to surface. Provide a brief description on the modes of adsorption. ,easy
Explain the following terms with its type.,easy
Explain basic concept of A VL tree.,easy
Define is inheritance.,medium
Develop relation between âZâ parameter and transmission parameter .,medium
 Explain in brief test driven development.,medium
Discuss Individualism vs. Collectivism in Hofstede's Dimensions of Culture. ,easy
G .,hard
Explain the classification of Alloy Steel with respect to the relation with carbon.,easy
Compare BCNF and 3NF.,medium
Define String in Java.,easy
"A 1:15 model of a flying boat is towed though water. The prototype is moving in seawater of density 1025kg/m3 at velocity of 21 m/s. Find the corresponding speed of the model. Also, determine the resistance due towaves on model if the resistance due to waves of the prototype is 610N.",medium
Explain pulse code modulation and write Differentiate between pulse analog modulation and pulse digital modulation.,easy
Explain in detail about seperate and independant compilation.,easy
Apply Gauss Elimination Method to solve the following set of equations.,medium
Describe the challenges in global advertising. ,easy
Find the initial and final value of the given function.,medium
Define polymorphism?,easy
Melting temperature (Tm) is an important criteria to consider when designing primers for PCR amplification. Comment. ,hard
What is Microprogram sequencing? Differentiate between Hardwired control and Microprogrammed control.,easy
Derive the expression for setting out of curve by offset from long chord method.,medium
Explain the various methods of speed control of Dc series motor?,easy
What is laminar sub layer and explain its utility in classification pipe boundary?,easy
Explore memory management in the Virtual 8086 Mode.,easy
What are the Components of pneumatic and hydraulic systems?,easy
Calculate minimum specific energy and maximum discharge corresponding to specific energy of 1.,medium
Differentiate between trait and phenotype. ,medium
"Oxygen is effectively transported by hemoglobin, regulated by some allosteric effectors in human blood. Name these allosteric effectors and discuss how their presence increases effective delivery of oxygen to tissues.",easy
Explain a binary tree. Name and explain with suitable example the following terms:,easy
Describe material gathering process. ,easy
Differentiate PAL and PLA.,medium
Explain in brief mechanisms of pyrolysis and cracking.,medium
A 250 V DC Shunt motor takes a current of 6 Ampere and runs at 1200 rpm. The armature resistance is 0.05 Ohm and shunt filed resistance is250 Ohm. Determine the speed of motor when it is loaded and taking acurrent of 31 Ampere.,medium
List different configuration of differential amplifier and explain dual input dual output in details?,easy
A dice is thrown 10 times.,medium
Define schemas. ,easy
What is interpolation?,easy
Write short note on Permanent Magnet Stepper Motor.,easy
Give the sulphonating agents and mechanism involve in sulfonation of benzene.,easy
Explain briefly 'designer' and 'professional designer'.,easy
Derive an expression for armature torque developed in a DC motor.,medium
"For on 10 bit successive approximation type A/D converter driven by a 2MHz clock, find the conversion time?",medium
What are the properties of a typical cancer cell?,easy
Explain any two types of resistive transducers.,easy
Distinguish singly linked list and doubly linked list.,easy
Explain various features of the 8051 Microcontroller.,easy
"Distinguish between Ideal sampling, Natural sampling and Flat-Top sampling.",easy
Find the Laplace transform of given network given f (t).,medium
Calculate the balance of trade when the economy is at equilibrium. ,medium
"Calculate the total cost per year, including the cost of the lights. ",medium
Define problem solving processes.,easy
State different uses of contour maps?,easy
Briefly explain THREE (3) main sources of banks earnings.,easy
Describe properties and applications of Constantan and Brass.,easy
Enlist different ceramic materials used in building construction.,easy
Discuss with an example what is forward reference problem.,easy
State the Dirichlet conditions for the existence of Fourier Series.,easy
State two features each of LAP winding and WA VE winding for DC machine.,easy
Find the Trignometric Fourier Series for the periodic bidirectional symmetric square waveform below.,medium
Prepare a time-phased product structure. ,medium
A cylindrical riser must be designed for a sand casting mould.,medium
State the advantages of no tillage. ,easy
Two large parallel plates with emissivities 0.,medium
Explain any FOUR (4) product design strategies that could help company to reduce cost. ,easy
"Based on the aspartate protease mechanism, explain the concept of using ""Crixivan"" to treat HIV patients. ",easy
Mention the ingredients of cathode and anode for following batteries.,easy
Explain with example K dimensional tree.,medium
Two identical soil specimens were tested in a triaxial apparatus. First specimen was failed at a deviator stress of 700 kN/m2 when the cell pressure was 200 kN/m2. Second specimen was failed at a deviator stress of 1300 kN/m2 when the cell pressure was 400 kN/m2. Determine cohesion of soil and angle of internal friction of soil analytically.,medium
Describe the industrial application of enzymes in beer production. ,easy
Explain in brief the Characteristics of memory systems.,easy
Explain the operation of Dual Slope ADC.,easy
Explain implementation of process and threads in Linux.,easy
Distinguish between Brushless D.,medium
What are the effects of the following factors on SN1 and SN2 reactions?,medium
Explain need of operator overloading.,medium
What are the innovation challenges in design thinking.,medium
Discuss the properties of line codes.,easy
Explain the designation of coated electrode.,easy
Find the quartile deviation and coefficient of quartile deviation of the following frequency distribution.,medium
Explain the interrupt structure of PIC18 microcontroller along with IVT.,medium
Show that vector field,medium
Discuss SIX (6) considerations before choosing the foundation type. ,easy
Write a note on effort estimation and scheduling.,easy
The furnace wall consists of 120 mm wide refractory brick and 120 mm wide insulating fire brick separated by an air gap.,medium
"âThe efficient market hypothesis (EMH) states it is impossible to consistently outperform an efficient market and the only way an investor can possibly obtain higher returns is by purchasing riskier investments."" Justify the statement. ",hard
What is Age Hardening?,easy
Discuss THREE (3) consequences of technology on organizational communication. Provide ONE (1) relevant example for each answer. ,easy
What are turbines?,easy
Find the first four moments about the arithetic mean for the following distribution.,medium
Explain the selection sort with algorithm sort the following no.,medium
Differentiate between lap and wave type of armature windings used in the D.,medium
Index 69 division by compound indexing method.,medium
Enlist any six types of doors and explain paneled door with neat sketch.,medium
Explain the role of technology in innovation.,medium
Explain fast transpose of sparse matrix with suitable example.,easy
Predict FIVE (5) impacts of the crisis towards McDonald's Malaysia if they are not handling the crisis properly. ,medium
Explain TWO (2) components of art. ,easy
The Connective tissue connects and supports the entire human body.,easy
Write FIVE (5) types of lines. ,easy
What is DMA ?,easy
Explain idealized stress strain curve for plastic analysis.,easy
Explain the concept of ISO 14000.,easy
Derive an equation for finding of angular velocity and angular acceleration of connecting rod by using analytical method.,medium
Identify FOUR (4) factors that affect the willingness of people to perform prosocial behaviors. ,easy
For the Inverting Schmitt trigger shown in fig.,medium
List down the various sensors used in the Electronic Fuel Injection system.,easy
Discuss the advantages and disadvantages of using laccase-based de colorization treatment.,easy
Explain with example Forward and Backward Selection method for Subset Selection.,easy
Explain FOUR (4) process strategies you have learned. ,easy
State and explain superposition theorem.,easy
Design Phase Shift oscillator using operational amplifier for output frequency of 1KHz.,medium
"With the aid of a flow chart, briefly describe the steps involved in developing a successful animal breeding programme. ",easy
Find the greatest length of a mild steel rod 25 mm X 25 mm which can be used as a compression member with one end fixed and the other endfree to carry a working load of 35 kN.,medium
Explain the how open traversing surveying work is conducted.,easy
Differentiate between Method overloading and Method Overriding.,medium
The velocity and discharge for a 1 50 scale model of a spillway are 0.,medium
 List and explain TWO (2) advantages and THREE (3) disadvantages of economic growth. ,easy
Explain Carbon cluster.,easy
Define lipids and enlist the functions of lipid.,easy
Name the THREE types of land application of wastewater. ,easy
Discuss FOUR (4) reasons why Capital Asset Pricing Model (CAPM) is not the best model to estimate returns. ,easy
"Justify the choice of supplier. From your choice, determine the optimal order quantity and total annual cost of ordering, purchasing and holding the component. ",hard
Which operators can not be overloaded?,easy
What are the objectives of Resource leveling?,easy
Explain UP Counter and DOWN Counter.,easy
"With respect to the data processing cycle of an organisation, explain the ""garbage in, garbage out"". Briefly discuss on the measures to be taken by the companies to avoid âgarbage in"" data input errors. ",easy
Explain in detail state table design method for hardwired control design.,easy
State the working and uses of Electronic Total Station.,easy
"Using Gauss - Divergence theorem, evaluate :",medium
Categorize FIVE (5) advantages of multimedia in primary school education. ,easy
What do you mean by adjacency matrix and adjacency list.,easy
State and explain Henrys law and give its applications.,medium
How are ends of belts joined?,easy
All external walls are of 230 mm thick.,medium
Explain in details Temperature Control Methods of Furnaces.,easy
Distinguish between flat roof and pitched roof. ,medium
Calculate ABCD constants for three phase 50 Hz transmission line with following line parameters.,medium
Explain Nano materials used in Batteries and Photovoltaic Cells.,easy
Explain the term âlevel scheduling'. ,easy
Determine slope and deflection for a simply supported beam loaded as shown below.,medium
Explain significance of back e.,easy
What are the applications of Stack.,easy
Explain the process of consumer perception and provide ONE (1) example to support your explanation. ,easy
Design a practical integrator with input signal of 2Vpp and cut off frequency of 2.,medium
Write short notes on the structure and functions of polysaccharides by giving relevant example. ,easy
"If the directional derivative of axy byz czxï¦ï½ï«ï«  at (1, 1, 1) has maximum magnitude 4 in a direction of x-axis. Find a, b and c.",medium
Differentiate between Relation and functions.,medium
Define HGL and TEL.,easy
Determine the resistivity of a Si sample if it is doped with 10 phosphorus atoms/cm and H. = 750 cm Vs. Find the Hall coefficient of the sample. ,medium
Enlist and explain Component level design steps in detail.,easy
Explain the important components of gas chromatography.,medium
Use dijkstras algorithm to find the shortest path between A and Z in figure.,medium
"""Microsatellite tandem repeats are abundant in human promoters and are associated with regulatory activity (Sawaya et al., 2013).â Discuss the statement and support your views with examples. ",hard
Show that average velocity is one half of the maximum velocity for flow of viscous fluid through circular pipe.,medium
Find the map of straight line 2xy=  under the transformation 21 21zwzâ=+.,medium
"Find the directional derivative of 2xyy zï¦ï½ï«  at the point (1, â1, 1) to wards point (2, 1, 2).",medium
State the following engine  nomenclature with neat sketch.,easy
The voltage V(s) in a network given by :,medium
Compare index sequential file and direct access file.,medium
"Apply Eulerâs method to find y(0.1). Given dyxydx= , y(1) =5. Show 5 iterations.",medium
Explain with suitable example SQL aggretage functions.,easy
If 32uxx y =â  find its harmonic conjugate and hence determine F( z) in terms in z.,medium
What is Retained austenite?,easy
Justify if DHT`s supply chain performance is better than PLI. ,hard
Explain steps for design of dog legged staircase.,medium
State the following properties of fourier series.,easy
Explain in detail what precaution is necessary to be taken while operating DC Series motor.,easy
Calculate correlation coefficient for the given data:,medium
Show that the following graphs are isomorphic.,easy
Write short note on internal memory organization of 8051.,easy
What are the characteristics of Destructor?,easy
A piston filled with 0.,easy
Derive the continuity equation with usual notations for three dimensional flow.,medium
Explain the process of ideas generation. ,easy
Prestressed concrete is a method for overcoming concrete's natural weakness in tension. Justify the TWO (2) common methods of prestressing. ,hard
Describe the Timer modes in 8051 microcontrollers.,easy
Explain the various factors affecting corrosion.,easy
What are Linear Actuators?,easy
Reason why a pornographic viewer's mind is likened to an addict's mind. Provide TWO (2) points. ,easy
Construct heap data structure to sort the following set of no.,medium
Explain the Gauss Jordan method used for the solution of the linear simultaneous equation.,easy
Explain Edge connectivity and Vertex Connectivity with suitable example.,medium
Compare DFS and BPS.,medium
Explain three (3) lean techniques that work in both the manufacturing and service sector. ,easy
"You attempt to purify a single protein X from a complex mixture of proteins. Protein X has a large number of aspartic and glutamic acid residues and no lysine, arginine or histidine residues. Propose an adsorption column chromatography technique which could retain protein X but elute other contaminants at pH 7. State your assumption(s). ",hard
Explain the factor of safety with respect to shear strength.,easy
Explain events of Fetch cycle of MIPS pipeline.,easy
Compare IEEE 802.,easy
List and explain the reason why the aggregate demand curve is downward slopping.,easy
Convert the following expression from Infix to Postfix expression.,easy
Explain various stages of combustion in S.,easy
Discuss causes and remedial measures of Landslides.,easy
Explain on Devices Security and Privacy of IoT cloud.,easy
State the methods and importance of Record keeping systems.,easy
Discuss the main objective of layout design rules. ,easy
Write a function in C to delete a node in SLL.,medium
Describe various types of surface grinders with simple sketches.,easy
Explain FIVE (5) advantages of out-of-home (OOH) advertising.,easy
Discuss in detail volcanoes.,easy
Is it possible to estimate software size before coding?,medium
Define Time Division multiplexing.,easy
Explain combination die with schematic sketch.,easy
Explain following term related to distributed database system.,easy
Distinguish between 'Trench' and 'Pier holes/ Pits' construction excavation. ,medium
Define fault and explain the significance of fault in Civil Engineering.,easy
Evaluate your sketch with ADDIE's model procedure.,hard
Find the Fourier Transform of a,medium
"List any FIVE (5) themes identified by Tom Peters and Robert Waterman for âexcellent 
organizations"". ",easy
State the limitations of single linked list. Represent following polynomial using linked list.,easy
Define soil bioremediation. ,easy
What is hybrid screening with its advantages.,easy
Explain any four IoT network protocols?,medium
Write a short note on Ferranti effect.,easy
Write a python program to create a linked list and perform operations on the list.,medium
Describe the factors affecting premature building decay. ,easy
What is meant by hidden surface removal?,easy
Explain 3D position trackers.,easy
Name the different types of insulators used in power system?,easy
Design a phase shift oscillator to oscillate at 200 Hz.,medium
Explain why the intrinsic carrier concentration of Ge is higher than Si at T = 300 K. ,easy
What is Age Hardening.,easy
Explain Additive colour theory and subtractive colour theory.,easy
Examine FIVE (5) advantages of using video as instructional materials to primary school students. ,medium
Differentiate between brass and bronze.,medium
A cylindrical compressed air drum is 2 m in diameter with plates 12.,medium
What are the benefits of NOSQL databases.,easy
Explain namespace in C++ with example?,easy
What are characteristics of Induction motors?,easy
Explain the change in conductivity for a metal and an intrinsic semiconductor as temperature increases. ,easy
Analyze the beam shown in figure 4 by moment distribution method.,medium
Construct a singly linked list with its âCâ function to delete a number.,medium
What is recursion?,easy
Define and give significance for the following.,easy
Explain chain drive with its different types.,easy
Fertilizers A and B are tried respectively on 10 and 8 randomly choosen experimental plots.,medium
List and explain file types and file access methods.,easy
Explain any four extrusion process variables with sketch.,easy
Explain with example hash functions.,easy
Define federal fund market. Explain in detail its importance to a bank. ,easy
Calculate Jensen's measure (Jensen's alpha). Use it to assess the performance of the AOV's Portfolio during the year just ended. ,medium
Explain any two types of Starters used for 3 phase Induction Motor.,easy
Discuss the role of skimming and scanning as pre-reading activities. ,easy
Differentiate between pull and push broaching and mention types of broaches.,medium
Explain process of perlite formation from austenite?,easy
Discuss in details role of Encoder in robotic system.,easy
Write down program to overload unary operators?,medium
State the five assumptions of an ideal diode. ,easy
Compare PVD and CVD coating.,medium
Explain sequential file and random access file organization.,easy
Differentiate between Kaplan and Pelton wheel turbine.,easy
Find the Laplace Transform of following signals.,medium
Explain the Pneumatic power supply with neat sketch.,easy
What is unconformity and Describe various types of unconformities.,easy
Explain Hilbert curve and give its fractal dimension.,easy
The life of army shoes in normally distributed with mean 8 months and standard deviation 2 months.,medium
Explain low pressure measurement by McLeod gauge.,easy
Discuss FIVE (5) advantages of IBS compared to conventional in situ concrete. ,easy
Explain Diffuse reflection and Specular Reflection.,easy
Explain FOUR (4) types of unemployment.,easy
Give TWO examples of natural and artificial means of the seed dispersal of weeds respectively. ,easy
Briefly describe the formation of disulfide bond. Suggest ONE role of disulfide bond. ,hard
State the uses of the final keyword in Java?,easy
Explain Nyquist Stability Criterion.,easy
The oil palm (Elaeis guineensis) is an erect monoecious plant. Describe how its inflorescences develop into fruit and relate this to the pest control practice that could affect the productivity of the oil palm. ,easy
Design a PLL circuit using 565 IC to get free running frequency 4.,medium
An important step in Search Engine Optimization (SEO) is to identify relevant keywords for your website. Suggest THREE (3) offline keyword research methods and TWO (2) online keyword research methods in your keyword research efforts. ,hard
Explain the concept of iterators in the STL.,medium
Explain in brief condensation polymerization and Addition polymerization.,medium
What is Piggybacking?,easy
What is COCOMO II?,easy
Explain the working of Inverting Comparator.,easy
Obtain the expression for voltage across capacitor in series RC circuit connected to a.,medium
State the necessity of starter for 3 phase induction motor.,easy
Explain the following terms with examples.,easy
Describe the application of remote sensing in civil engg.,medium
Justify why soil taxonomy is considered as a hierarchical classification system. ,hard
"Find out the safe sequence for the execution of the following processes using Bankerâs algorithm. Maximum Resources R1=15, R2=8.",medium
Give classification of dyes on the basis of application.,medium
What is an identity element in Group?,easy
List and explain the FOUR (4) considerations when selecting a basement wall. ,easy
List different types of fuses and Explain working of any one in detail.,easy
What do you mean by normalization?,easy
Define PDF and state four properties of PDF.,easy
Explain any two DMA data transfer modes.,easy
Chymotrypsin belongs to serine protease family. Describe the catalytic mechanism of chymotrypsin emphasizing the role of the catalytic triad and substrate binding site in catalysis. ,easy
The wood beam is subjected to a load of 12 kN.,medium
Explain the packaging and labeling decisions. ,easy
Enlist various traps including its functions.,easy
Explain briefly USM process characteristics.,easy
"CRM technology helps companies to collect information about consumer behaviour, conversations and characteristics. As a new digital marketing manager with an online retailer, suggest FIVE (5) ways how you can collect data and push customised information to customers. ",hard
The open loop transfer function of the unity feedback system is 32200G(S)(61 1 S 6 )ss sï½ï«ï«ï« Using Routh criterion determine stability of the system.,medium
Enlist the various methods of concrete mix design.,easy
Explain the Surge in Springs.,easy
Describe requirements of good building stone.,easy
Explain the following exceptions in brief.,medium
Analyze the causes of infant mortality during and after production. ,medium
Describe what hydraulic engineering is in your own words showing concrete examples. ,easy
State the four different bias modes of a BJT and explain how they are obtained. ,easy
"A 3 - phase, 500 V motor load has a power factor of 0.4. Two wattmeters are connected to measure the input. They show the input to be 30 kW.Find the reading of each instrument.",medium
Explain any six operations performed on lathe machine with neat sketch.,easy
What is polymorphism? Explain with example to achieved run time polymorphism.,easy
Derive an expression for continuity equation in 3 dimensions.,medium
Criticize the issues in Principal â Agent Theory.,medium
State and explain the five more important goals of a project.,easy
"Discuss the THREE (3) important fundamentals in basic economic concepts that are opportunity cost, efficient market and marginalism. ",easy
Explain the significance of a file.,easy
Compare any FIVE (5) differences between formal networks and informal networks. ,medium
What are the salient features of Green Building?,easy
What is File mode?,easy
Define with an example:,easy
Compare TTL and CMOS logic family.,medium
A wall of furnace is made up of inside layer of silica brick 120 mm thick coverd with a layer of magnesite brick 240 mm thick.,medium
"Following are the details of Project A and B. Using NPV (i=8%), Comment on the following statements:",medium
Identify and describe THREE (3) difficulties in calculating national income accounting.,easy
Show BFS and DFS for the following graph with starting vertex as 1.,easy
Explain Eulerâs method for the solution of ordinary differential equation.,easy
Explain FIVE (5) characteristics of Industrialised Building System (IBS) in construction. ,easy
Explore the role of Task Register in multitasking and the instructions used to modify and read Task Register.,easy
Syphon of diameter 200mm connects two reservior having difference in elevation of 15m.,medium
Can you tell me about the stages of grief according to Elisabeth KÃ¼bler-Ross?,easy
Differentiate between NBFM and WBFM.,easy
Explain flow duration curve and hydrograph with example.,easy
Explain vane shear test procedure with a neat sketch and formula.,easy
"Contrast the following basic BLAST programs: PSI-BLAST, PHI-BLAST and tBLASTX.",easy
Find the number of codes generated by the given check matric H.,medium
What is voltage regulator? Write any two applications of voltage regulator.,easy
Define Put-Call Parity and express it in equation. ,easy
"Explain earth pressure at rest, active earth pressure and passive earth pressure w.r.t. wall movement with sketches.",easy
Distinguish between rill and gully erosion. ,medium
Explain extrusion of plastic.,medium
"Using Stoke's theorem, evaluate :",medium
Differentiate between IGBT and MOSFET.,medium
A combinational circuit defined by the function.,medium
What are types of inheritance?,easy
Differentiate primary and secondary reserves of a bank. List THREE (3) examples for each reserve. ,medium
What is the packaging scenario of world and India.,easy
Define multithreading?,easy
Explain instruction level and machine parallelism.,easy
Explain the concept of thermal diffusivity and thermal contact resistance.,easy
What do you understand by Integral Reset in PID controller?,easy
Differentiate between following.,medium
In the circuit shown in fig.,medium
"Find the Fourier cosine integral representation of the function, (),0 0,x xafxxa<<ï¬=ï­>ï®",medium
What is a singly linked list?,easy
Describe the cold and hot weather concreting.,easy
Analyse the challenges facing a government in managing the construction economy and suggest the ways to overcome them.,hard
Explain speed control using v/f method.,easy
If the maximum permissible tension in the line of span 200 meter is 1450 kg.,medium
Describe Cloud of Things.,easy
What is necessity of cooling the I.,easy
How process scheduling is performed in Linux?,easy
Write a pseudo code for basic operation of stack.,medium
A both ends hinged cast iron hollow cylindrical column 3 m in length has a critical buckling load of P kN.,medium
Briefly explain how tillage will influence the density of soil. ,easy
Show that analytic Function with constant modulus is constant.,medium
Calculate Molarity and Normality of solution containing 0.,medium
The rolling contact ball bearing are to be selected to support the overhung countershaft.,medium
Explain in detail procedure of measurement of horizontal angle by repetition method using 20 vernier theodolite.,easy
Enlist the factors influencing concrete mix design and explain any one of them.,easy
What is glycolipid?,easy
Describe in brief market and sales for urea in India and in manufacture of industrial chemicals_______.,easy
Obtain the state model for the system with transfer function 2Y( ) 3S 4 U( ) 5S 6s ssï«ï½ï«ï«.,medium
If ï¨ï©ï¨ï©ï¨ï©1Ë ËË F yzi z x j x ykï½ï« ï«ï« ï«ï«ï² and ï¨ï© ï¨ï© ï¨ï©222 2Ë ËË F x yz i y zx j z xy kï½ï­ ï«ï­ ï«ï­ï² then show that 12FFï´ï²ï² is solenoidal.,medium
Explain 2D interpolation methods.,easy
Explain Steps to transfer Data Serially in 8051 microcontroller.,easy
What is a user defined exception? Write down the scenario where we require use define exceptions.,easy
Describe the fuel cell.,easy
Suppose the two countries wish to specialize and trade. Specifically determine and explain which country enjoys comparative advantage in the production of jade and diamond. ,medium
Evaluate the characteristics of the board in a two-tier board structure. ,hard
A ring foundation is of 3.,medium
Explain Intrusion Detection System with merits and demerits.,medium
Explain Advantages of frequency Domain Analysis.,easy
The Glass-Steagall Act of 1933 (Banking Act) restricted the asset powers of commercial banks in US to low-risk underwriting areas. List FOUR (4) requirements under Glass-Steagall Act of 1933.,easy
Write a short note on CPLD.,easy
Distinguish between the ripening behavior of climacteric and non-climacteric fruits in terms of their respiration rates and ethylene production.,medium
How can vectors and lists be used as sequence containers in the STL?,medium
Explain V oltage Controlled Oscillator 566 and write its applications.,easy
Discuss the implications of Efficient Market Hypothesis for Technician (Chartist) and Fundamentalist. ,easy
What do you mean by Industrial Automation?,easy
Explain in detail corrosion monitoring technique for reinforcement and preventive measures against corrosion.,easy
Explain the term Rescheduling and Updating.,easy
What is network crashing?,easy
Explain types of thread in detail.,easy
"Technology has been used in most schools since the 90s, but it still has some interruptions. Validate the top FOUR (4) problematic issues with technology in education today. ",hard
Explain the methods of measurements of solar radiations.,easy
The initial tension in a flat belt drive is 1800N.,medium
Briefly describe TWO mating methods of commercial importance for the production of fertilised eggs from breeder birds. ,easy
Explain Pre-emphasis and De-emphasis in detail.,easy
State the difference between character and byte stream in Java.,medium
What are homogeneous transformations of coordinates?,easy
Explain in brief stengel process for manufacture of Ammonium nitrate with a simplified flow chart.,easy
"Explain the meaning of the expression ""robust model"". Specifically, justify your response if you heard a manager exclaim  'Uh-oh, we're in trouble! The calculated EOQ is wrong; actual demand is 10% greater than estimated'. ",hard
Define the importance of Project estimation.,medium
Define concrete mix design.,easy
Write a short note on Reluctance motor.,easy
Briefly describe FOUR principles in selecting and purchasing breeding stock. ,easy
In an I.,medium
Find directional derivative of ïª = e2x cos ( yz) at the origin in the direction tangent to the curve r = a sin t + i + a cos t j + at k at t = 4ï°.,medium
Explain FIVE (5) phases of graphic design process. ,easy
State the features of RTC.,easy
"Skimming and scanning are useful ways to familiarise learners with the reading text. 
Evaluate the role of skimming and scanning in the teaching of reading.",hard
Prove that ratio  .,easy
âChina has been practicing low exchange rate for previous decades.â Clarify the pros and cons under this practice. ,medium
Using Jacobi iterative method solve the following system of linear simultaneous equations.  Take x (0) = y (0) = z (0) = 0 perform 5 iterations.,medium
What is Log Based Recovery?,easy
Write a short note on Grey Cast Iron and Nodular Cast Iron.,easy
Explain stiffness and flexibility and write elements of displacement matrix for the frame shown in figure 7.,easy
Explain with suitable example the techniques to represent a Graph.,easy
State methods of remediation for soil contamination and explain any two of them.,easy
Explain in details Fajans method for precipitaion titration.,medium
List various types of OS with their basic functions.,easy
"As opposed other curves, justify with explanation why Average Fixed Costs
	(AFC) is negatively sloped.",hard
Give TWO functions of egg yolks in mayonnaise production. ,easy
What are the current trends in computer hardware platforms?,easy
"The armature of 4 pole DC shunt motor has LAP winding which is accommodated in 60 slots, each slot carries 20 conductors.",medium
Differentiate between Latch and Flip Flop.,medium
Explain the repository features with respect to software configuration management.,medium
Write  short note on shaded pole induction motor.,easy
Discuss the advantages of dynamic logic circuit compared to the conventional static combinational logic circuit. ,easy
Write a short note about mulch and how mulching could help in controlling soil temperature. ,easy
Apply Besselâs central difference formula to obtain f(32) given that,medium
Discuss the various scenarios of deleting a node from binary search tree.,easy
Explain in detail vulnerabilities of Internet of Things.,easy
Which class supports character input to the program?,easy
"Write C Program to toggle bit P1.5 of port P1, 5000 times.",medium
Determine if the winery is providing an amplifying or smoothing effect. ,medium
Give TWO examples how breeding is similar to natural selection. ,easy
"Determine the shear strength in terms of effective stress on a plane within a saturated soil mass at a point where the total normal stress is 200 kN/m2 and pore water pressure is 80 kN/m2. The shear strength parameters in terms of effective stress are, câ = 16 kN/m2 and ïâ = 390.",medium
Explain in brief the durability of concrete.,easy
Explain the concept of circular queue with an example.,easy
"Explain Proportional mode, Integral Mode and Derivative Mode.",easy
Specify the thickness of a galvanized coating based on atmospheric data? (level 2),medium
What factors would you change if . . .?,medium
Can you list the ingredients needed for a classic spaghetti recipe?,easy
What are the top five tourist attractions in Paris?,easy
List five common programming languages.,easy
Name three types of renewable energy sources.,easy
Can you list the planets in our solar system?,easy
What are the key steps to starting a small business?,easy
List the stages of human development from infancy to old age.,easy
What are the primary colors?,easy
Name three famous works of Shakespeare.,easy
Can you list some benefits of regular exercise?,easy
"How would you define the term ""democracy""?",easy
"Define the concept of ""supply and demand.""",easy
"What is the definition of the word ""philanthropy""?",easy
"Can you explain the meaning of ""global warming""?",easy
"Define the term ""sustainable agriculture.""",easy
"What does the word ""entrepreneurship"" mean?",easy
"How would you define ""artificial intelligence""?",easy
"Explain the concept of ""inflation.""",easy
"What is the definition of a ""chemical reaction""?",easy
"Can you define the term ""cultural diversity""?",easy
Tell me about your favorite vacation.,easy
Can you tell me a joke?,easy
Tell me about a memorable childhood experience.,easy
What can you tell me about the history of the Eiffel Tower?,easy
Tell me about your career goals.,easy
Can you tell me how to make a classic omelet?,easy
Tell me about a recent book you've read.,easy
What can you tell me about the process of photosynthesis?,easy
Tell me about the benefits of meditation.,easy
Can you tell me a story from your life that had a profound impact on you?,easy
Describe your ideal vacation destination.,easy
Can you describe the appearance of your childhood home?,easy
Describe the taste and texture of your favorite dessert.,easy
What does a typical day in your life look like? Please describe it.,easy
Describe the process of photosynthesis in plants.,easy
Can you describe the main characters in your favorite movie?,easy
"Describe the concept of ""artificial intelligence.""",easy
What does it feel like to skydive? Please describe the experience.,easy
Describe the characteristics of a tropical rainforest.,easy
Can you describe the steps involved in baking a cake from scratch?,easy
Can you recite the Pledge of Allegiance?,easy
Recite the opening lines of your favorite poem.,easy
Recite the multiplication table for the number seven.,easy
Can you recite the periodic table of elements?,easy
Recite the lyrics to your favorite song.,easy
"Can you recite a famous historical speech, like Martin Luther King Jr.'s ""I Have a Dream"" speech?",easy
Recite the steps to solving a quadratic equation.,easy
Can you recite a famous quote from a philosopher?,easy
Recite a list of the U.S. presidents in order.,easy
Recite the key principles of a philosophy or belief system you follow.,easy
Can you recall the name of your kindergarten teacher?,easy
Recall your last vacation and the places you visited.,easy
What can you recall about the plot of your favorite book?,easy
Recall a time when you overcame a significant challenge.,easy
Can you recall the names of all your cousins?,easy
"Recall the main events of a historical period, such as the Renaissance.",easy
What do you recall about the process of cellular respiration?,easy
Recall a memorable conversation you had recently.,easy
Can you recall the details of a recent news article you read?,easy
Recall a specific childhood memory that brings you joy.,easy
Can you identify the various parts of a computer motherboard?,easy
Identify the constellations visible in the night sky during winter.,easy
What can you identify as the primary causes of climate change?,easy
Identify the different species of birds in your region.,easy
Can you identify the key components of a well-balanced diet?,easy
Identify the main characters in a famous novel.,easy
What factors can you identify as contributing to a successful team?,easy
Identify the major historical events of the 20th century.,easy
Can you identify the instruments used in a symphony orchestra?,easy
Identify the types of renewable energy sources.,easy
Can you show me how to tie a bowline knot?,easy
Show me your favorite piece of artwork and explain why you like it.,easy
Can you show me the steps to perform a magic trick?,easy
Show me the process of creating a paper airplane.,easy
Can you show me how to use a software program you're familiar with?,easy
Show me how to properly execute a yoga pose.,easy
Can you show me the steps to make a paper origami crane?,easy
Show me a demonstration of a science experiment.,easy
Can you show me how to solve a Rubik's Cube?,easy
Show me how to change a flat tire on a car.,easy
Label the parts of a flower.,easy
Can you label the countries on a world map?,easy
Label the different components of a cell.,easy
Provide labels for the sections of a scientific research paper.,easy
Can you label the steps in the water cycle?,easy
Label the main organs of the human digestive system.,easy
Provide labels for the various layers of the Earth's atmosphere.,easy
Label the elements on the periodic table.,easy
Can you label the parts of a car engine?,easy
Label the sections of a business plan.,easy
Tabulate the results of a survey you recently conducted.,easy
Can you tabulate the monthly expenses in your budget?,easy
Tabulate the scores of a sports competition.,easy
Provide a tabulated list of your favorite books and their authors.,easy
Can you tabulate the data from an experiment you conducted in a lab?,easy
Tabulate the sales figures for a company over the past year.,easy
Create a tabulated chart of the nutritional content of different foods.,easy
Tabulate the population growth in a particular city over the last decade.,easy
Can you tabulate the hours you spend on various activities in a typical day?,easy
Tabulate the performance metrics for employees in a department.,easy
Can you quote a famous line from a movie you love?,easy
Quote a passage from a book that had a profound impact on you.,easy
"What's your favorite inspirational quote, and who said it?",easy
Quote a famous saying about the importance of education.,easy
Can you quote a line from a historical speech that you find meaningful?,easy
Quote a famous scientist's statement about the nature of the universe.,easy
What's your favorite motivational quote?,easy
Quote a line from a song that resonates with you.,easy
Can you quote a proverb from your culture or heritage?,easy
Quote a statement from a famous leader on the topic of leadership.,easy
What is the name of your favorite childhood toy?,easy
Name three famous inventors and their inventions.,easy
Can you name the capitals of five European countries?,easy
Name the five senses,easy
Can you list the components of a basic computer system?,easy
What are some common items you would find on a grocery list?,easy
List five historical events from the 20th century.,easy
Can you list the steps involved in the scientific method?,easy
What are five different types of musical instruments?,easy
List the primary colors in additive color mixing.,easy
Can you list the top ten highest-grossing movies of all time?,easy
What are some essential items to include in a camping gear checklist?,easy
List five endangered animal species.,easy
Can you list the layers of the Earth's atmosphere from inner to outer?,easy
"How would you define the concept of ""social justice""?",easy
"Define the term ""photosynthesis"" and its significance.",easy
"What is the definition of a ""mammal"" in biological terms?",easy
"How would you define the term ""sustainability""?",easy
"Define the economic concept of ""opportunity cost.""",easy
"What is the definition of ""nuclear fusion""?",easy
"How would you define ""cognitive dissonance"" in psychology?",easy
"Define the term ""market segmentation"" in business.",easy
"What is the definition of ""ethics"" in a philosophical context?",easy
"How would you define ""cultural appropriation""?",easy
Tell me about a memorable family tradition you have.,easy
Can you tell me about the process of cellular respiration?,easy
Tell me about a place you've always wanted to visit and why.,easy
What can you tell me about the life of Albert Einstein?,easy
Tell me about a recent technological advancement that caught your attention.,easy
Can you tell me how to create a simple origami figure?,easy
Tell me about a life lesson you learned from a difficult experience.,easy
What can you tell me about the history of the internet?,easy
Tell me about a favorite childhood story or fairy tale.,easy
Describe the taste of a perfectly ripe mango.,easy
Can you describe the process of continental drift?,easy
Describe the characteristics of an effective leader.,easy
What does it feel like to experience a thunderstorm? Please describe.,easy
Describe the features of a Gothic cathedral architecture.,easy
"Can you describe the concept of ""nature vs. nurture"" in psychology?",easy
Describe the process of mitosis in cell division.,easy
What does it look like to witness a total solar eclipse? Please describe.,easy
Describe the physical sensations of riding a roller coaster.,easy
Can you describe the effects of climate change on ecosystems?,easy
"Can you recite the opening lines of ""Pride and Prejudice"" by Jane Austen?",easy
Recite the preamble of the United States Constitution.,easy
Can you recite the quadratic formula?,easy
Recite the names of the continents in alphabetical order.,easy
Can you recite a famous quote from Mahatma Gandhi?,easy
Recite the first ten elements of the periodic table.,easy
Can you recite a verse from a well-known poem by Robert Frost?,easy
Recite the preamble of the Universal Declaration of Human Rights.,easy
"Can you recite a line from William Shakespeare's ""Hamlet""?",easy
"Recite the lines of the nursery rhyme ""Twinkle, Twinkle, Little Star.""",easy
Can you recall the main events of World War II?,easy
Recall a time when you had to overcome a fear.,easy
Can you recall the names of all the U.S. states?,easy
Recall the key points of a TED Talk you watched recently.,easy
Can you recall the steps to solve a quadratic equation?,easy
Recall a memorable historical speech and its context.,easy
Can you recall the names of the five senses?,easy
Recall the major achievements of a famous inventor.,easy
Can you recall the characteristics of different types of clouds?,easy
Recall the primary causes of the Great Depression.,easy
Can you identify the elements of a well-structured essay?,easy
Identify the different layers of the Earth's crust.,easy
Can you identify the actors in a given movie poster?,easy
Identify the distinguishing features of various species of trees.,easy
Can you identify the stages of the water cycle?,easy
Identify the major branches of philosophy.,easy
Can you identify the types of energy transformations in a car engine?,easy
Identify the muscles responsible for flexing the forearm.,easy
Can you identify the key components of a well-designed website?,easy
Identify the stages of human cognitive development according to Piaget.,easy
"Show me how to tie a shoelace using the ""bunny ears"" method.",easy
Can you show me the steps to solve a Sudoku puzzle?,easy
Can you show me the process of setting up an email account?,easy
Show me how to fold a paper crane.,easy
Can you show me how to use a fire extinguisher?,easy
Show me how to make a simple vegetable stir-fry.,easy
Can you show me the steps to create a budget spreadsheet?,easy
Show me how to perform CPR on a mannequin.,easy
Can you show me how to convert Fahrenheit to Celsius?,easy
Label the parts of a flower and their functions.,easy
Can you label the stages of the cell cycle?,easy
Label the different layers of the Earth's atmosphere.,easy
Provide labels for the major bones of the human skeletal system.,easy
Can you label the components of a typical animal cell?,easy
Label the main sections of a scientific research paper.,easy
Provide labels for the parts of an electric circuit.,easy
Label the major continents on a world map.,easy
Can you label the steps of the scientific method?,easy
Label the parts of a digital camera and their functions.,easy
Tabulate the results of a recent survey on environmental awareness.,easy
Can you tabulate the monthly expenses of a small business?,easy
Tabulate the scores of students in a math competition.,easy
Provide a tabulated chart of the nutritional content of different fruits.,easy
Can you tabulate the data from a weather observation over a week?,easy
Tabulate the sales figures for different product categories in a retail store.,easy
Provide a tabulated list of famous historical speeches and their speakers.,easy
Tabulate the demographic data of attendees at a conference.,easy
Can you tabulate the population growth of a city over a decade?,easy
Tabulate the performance ratings of employees in a department over a year.,easy
"Can you quote a line from Martin Luther King Jr.'s ""I Have a Dream"" speech?",easy
Quote a famous saying about the value of persistence.,easy
Can you quote a line from a Shakespearean sonnet?,easy
Quote a statement from a renowned scientist on the topic of evolution.,easy
Can you quote a line from a work of classic literature?,easy
Quote a proverb from a culture other than your own.,easy
Can you quote a line from a song that,easy
Can you recall the main steps involved in the scientific method?,easy
"What is the definition of ""photosynthesis""?",easy
Name three different types of renewable energy sources.,easy
Can you remember the classification of living organisms?,easy
What are the primary colors in the additive color model?,easy
Recall the key events of the American Revolution.,easy
Name the seven continents.,easy
What is the formula for calculating the area of a rectangle?,easy
Can you recall the elements found in Group 1 of the periodic table?,easy
What are the main stages of human development from infancy to adulthood?,easy
Can you recall the steps to perform the scientific experiment you conducted last week?,easy
What is the procedure for solving a quadratic equation using the quadratic formula?,easy
Name the process that plants use to convert sunlight into energy.,easy
Can you remember the steps to perform CPR?,easy
Recall the procedure for creating a new document in a word processing software.,easy
What is the methodology for conducting a controlled experiment?,easy
Name the steps involved in the water cycle.,easy
Can you recall the procedure for finding the circumference of a circle?,easy
What is the correct order of the stages in the cell cycle?,easy
Recall the procedure for finding the volume of a rectangular prism.,easy
What is the theory of relativity proposed by Albert Einstein?,easy
Can you recall the principles of supply and demand in economics?,easy
"Name the principle that states energy cannot be created or destroyed, only converted.",easy
What is the principle behind natural selection in evolution?,easy
Recall the theory of continental drift proposed by Alfred Wegener.,easy
What is the principle of conservation of momentum in physics?,easy
Can you remember the principles of democracy in government?,easy
Name the theory that explains the behavior of gases at various temperatures and pressures.,easy
Recall the principles of classical conditioning in psychology.,easy
What is the theory that explains the structure of the atom?,easy
Can you recall the date of the signing of the Declaration of Independence?,easy
Name the event that marked the end of World War II.,easy
What year did the Apollo 11 mission land on the moon?,easy
Can you remember the location of the Great Wall of China?,easy
Name the event that marked the beginning of the Renaissance.,easy
What is the date of the fall of the Berlin Wall?,easy
Recall the place where the first modern Olympic Games were held.,easy
Name the event that led to the start of the American Civil War.,easy
Can you remember the date of the signing of the Magna Carta?,easy
What is the location of the ancient city of Machu Picchu?,easy
Can you explain the concept of gravitational force with accuracy?,easy
Describe the process of cellular respiration in detail.,easy
Explain the principles of algebraic equations and solve a given equation.,easy
Describe the role of enzymes in biochemical reactions.,easy
Explain the differences between prokaryotic and eukaryotic cells.,easy
Describe the key features of the human nervous system.,easy
Explain the principles of democratic governance.,easy
Describe the properties of acids and bases and their pH scale.,easy
Explain the theory of evolution and natural selection.,easy
Describe the principles of market economy and supply-demand dynamics.,easy
Can you describe the process in detail?,easy
Could you explain how that concept works?,easy
Can you paraphrase what was just said?,easy
How would you restate that idea in simpler terms?,easy
What do you associate with that particular topic?,easy
In what ways can you contrast those two theories?,easy
Can you summarize the main points of the discussion?,easy
How would you differentiate between those two methods?,easy
What's your interpretation of that literary work?,easy
Let's discuss the implications of this decision.,easy
Describe the scene using vivid language.,easy
Could you explain the reasoning behind this approach?,easy
Paraphrase that quote from the article.,easy
Restate the instructions in a clearer manner.,easy
What associations come to mind when you think about happiness?,easy
Compare and contrast the advantages of both options.,easy
Summarize the plot of the novel briefly.,easy
Differentiate between these two species of birds.,easy
Can you interpret the meaning of this painting?,easy
Let's discuss the potential outcomes of this experiment.,easy
Describe the feeling of excitement.,easy
Explain the steps of the scientific method.,easy
Paraphrase the definition of democracy.,easy
Restate the conclusion of the research paper.,easy
What do you associate with the color blue?,easy
Contrast the economic policies of the two candidates.,easy
Summarize the events leading up to the conflict.,easy
Differentiate between velocity and acceleration.,easy
Interpret the lyrics of the song.,easy
Let's discuss the impact of climate change on ecosystems.,easy
Describe the taste of your favorite food.,easy
Explain the concept of supply and demand.,easy
Paraphrase the CEO's statement from the press release.,easy
Restate the main arguments presented in the debate.,easy
What associations do you have with the concept of success?,easy
Compare and contrast traditional learning and online learning.,easy
Summarize the historical context of the war.,easy
Differentiate between renewable and non-renewable energy sources.,easy
Interpret the symbolism in the poem.,easy
Let's discuss the benefits of exercise on mental health.,easy
Describe the sensation of fear.,easy
Explain the principles of ethical philosophy.,easy
Paraphrase the definition of globalization.,easy
Restate the hypothesis of the research study.,easy
"What associations are there with the term ""adventure""?",easy
Contrast the features of Android and iOS operating systems.,easy
Summarize the main discoveries of the scientific research.,easy
Differentiate between classical and operant conditioning.,easy
Interpret the message of the movie.,easy
Let's discuss the pros and cons of nuclear energy.,easy
Describe the scent of a blooming flower.,easy
Explain the process of natural selection.,easy
Paraphrase the dialogue from the play.,easy
Restate the steps of the experiment.,easy
What do you associate with the concept of love?,easy
Compare and contrast capitalism and socialism.,easy
Summarize the key judicial decisions on civil rights.,easy
Differentiate between qualitative and quantitative research.,easy
Interpret the motives of the protagonist.,easy
Let's discuss the role of technology in modern education.,easy
Describe the sound of crashing waves.,easy
Explain the concept of cognitive dissonance.,easy
Paraphrase the historical speech.,easy
Restate the central theme of the novel.,easy
"What associations does the term ""freedom"" bring up?",easy
Contrast the characteristics of rural and urban living.,easy
Summarize the effects of the industrial revolution.,easy
Differentiate between deductive and inductive reasoning.,easy
Interpret the metaphor used in the poem.,easy
Let's discuss the challenges of space exploration.,easy
Describe the sensation of anger.,easy
Explain the process of photosynthesis.,easy
Paraphrase the economic theory.,easy
Restate the main findings of the survey.,easy
What associations do you make with the concept of time?,easy
Compare and contrast authoritarian and democratic regimes.,easy
Summarize the implications of the medical research.,easy
Differentiate between primary and secondary data.,easy
Interpret the allegory in the story.,easy
Let's discuss the ethical dilemmas in artificial intelligence.,easy
Describe the feeling of nostalgia.,easy
Explain the concept of natural rights.,easy
Paraphrase the famous quote.,easy
Restate the argument presented in the essay.,easy
"What associations do you have with the term ""wisdom""?",easy
Contrast the ideologies of conservatism and liberalism.,easy
Summarize the cultural impact of a historical event.,easy
Differentiate between qualitative and quantitative variables.,easy
Interpret the tone of the poem.,easy
Let's discuss the future of renewable energy.,easy
Describe the taste of a freshly baked cookie.,easy
Explain the stages of grief according to psychological theories.,easy
Paraphrase the scientific principle.,easy
Restate the hypothesis of the scientific study.,easy
What associations come to mind when you think of success?,easy
Compare and contrast nature and nurture influences.,easy
Summarize the consequences of the economic policy.,easy
Interpret the symbolism in a famous artwork.,easy
Let's discuss the impact of social media on mental health.,easy
Describe the feeling of anticipation.,easy
Explain the concept of utilitarianism.,easy
Paraphrase the historical document.,easy
Restate the central argument of the presentation.,easy
What associations are there with the idea of justice?,easy
Contrast the features of analog and digital technology.,easy
Summarize the geopolitical effects of a political decision.,easy
Differentiate between correlation and causation.,easy
Interpret the meaning behind a movie's title.,easy
Let's discuss the challenges of sustainable agriculture.,easy
Describe the sound of rain on a roof.,easy
Explain the process of cellular respiration.,easy
Paraphrase the legal statute.,easy
Restate the main points of the article.,easy
"What associations do you have with the term ""adventure""?",easy
Compare and contrast realism and surrealism in art.,easy
Summarize the consequences of deforestation.,easy
Differentiate between deductive and inductive arguments.,easy
Interpret the moral lesson in a fable.,easy
Let's discuss the ethical implications of genetic engineering.,easy
Describe the sensation of surprise.,easy
Explain the concept of social contract.,easy
Paraphrase the famous speech.,easy
Restate the thesis of the research paper.,easy
What associations come to mind when you think of happiness?,easy
Contrast the characteristics of introverts and extroverts.,easy
Summarize the cultural significance of a festival.,easy
Differentiate between qualitative and quantitative analysis.,easy
Interpret the motives of a complex character in a novel.,easy
Let's discuss the challenges of sustainable urban planning.,easy
Describe the taste of a tangy lemon.,easy
Explain the process of mitosis.,easy
Paraphrase the economic principle.,easy
Restate the key takeaways from the workshop.,easy
What associations are there with the concept of leadership?,easy
Compare and contrast communism and fascism.,easy
Summarize the impact of a historical speech.,easy
Differentiate between nominal and ordinal data,easy
Describe the texture of sand between your fingers.,easy
Explain the concept of moral relativism.,easy
Paraphrase the famous novel's opening line.,easy
Restate the main goals of the marketing campaign.,easy
"What associations do you have with the term ""creativity""?",easy
Contrast the themes of love and sacrifice in literature.,easy
Summarize the geopolitical implications of a treaty.,easy
Differentiate between quantitative and qualitative research methods.,easy
Interpret the emotions conveyed through a piece of music.,easy
Let's discuss the potential benefits of universal healthcare.,easy
Describe the sensation of warmth from a fireplace.,easy
Explain the process of neurotransmission in the brain.,easy
Paraphrase the philosophical quote.,easy
Restate the central argument of the policy proposal.,easy
What associations come to mind when you think of family?,easy
Compare and contrast modern art with traditional art.,easy
Summarize the consequences of an economic recession.,easy
Differentiate between deductive and abductive reasoning.,easy
Interpret the cultural significance of a traditional dance.,easy
Let's discuss the ethical considerations of artificial intelligence in warfare.,easy
Describe the feeling of relief after a long day.,easy
Explain the concept of civil liberties.,easy
Paraphrase the historical event's chronology.,easy
Restate the main objectives of the educational program.,easy
What associations are there with the concept of identity?,easy
Contrast the characteristics of authoritarian and authoritative leadership.,easy
Summarize the environmental impact of a manufacturing process.,easy
Differentiate between qualitative and quantitative data analysis techniques.,easy
Interpret the motives behind a character's actions in a play.,easy
Let's discuss the societal implications of human cloning.,easy
Describe the taste of a ripe watermelon.,easy
Explain the process of chemical bonding.,easy
Paraphrase the mathematical theorem.,easy
Restate the central message of the motivational speech.,easy
What associations do you have with the concept of courage?,easy
Compare and contrast Eastern and Western philosophies.,easy
Summarize the outcomes of a diplomatic negotiation.,easy
Differentiate between primary and secondary sources.,easy
Interpret the meaning of a metaphor in a poem.,easy
Let's discuss the economic impacts of artificial intelligence automation.,easy
Describe the feeling of contentment.,easy
Explain the concept of ethical relativism.,easy
Paraphrase the scientific hypothesis.,easy
Restate the key findings of the archaeological study.,easy
Contrast the characteristics of city life and rural life.,easy
Summarize the effects of a major technological advancement.,easy
Differentiate between empirical and theoretical research.,easy
Interpret the mood conveyed through a piece of artwork.,easy
Let's discuss the implications of gene editing in humans.,easy
Describe the sound of waves crashing on a shore.,easy
Explain the process of ecological succession.,easy
Paraphrase the legal argument presented in the case.,easy
Restate the central idea of the philosophical essay.,easy
"What associations are there with the term ""innovation""?",easy
Compare and contrast classical music and contemporary music.,easy
Summarize the consequences of a natural disaster.,easy
Differentiate between normative and descriptive ethics.,easy
Interpret the historical context of a famous speech.,easy
Let's discuss the cultural impact of virtual reality technology.,easy
Describe the sensation of adrenaline rush.,easy
Explain the concept of social inequality.,easy
How do you approach understanding complex information?,easy
Can you grasp the meaning of that metaphor?,easy
How can you translate historical events into a modern context?,easy
What facts can you interpret from the data?,easy
Compare the two theories and contrast their key points.,easy
Can you order the events chronologically based on the provided information?,easy
How would you group these ideas into related categories?,easy
What can you infer about the character's motives from the dialogue?,easy
Predict the potential consequences of that economic policy.,easy
"When trying to understand a scientific concept, how do you grasp its meaning?",easy
Translate your knowledge of literature to analyze this poem.,easy
Interpret the facts presented in the research study.,easy
Compare the two artworks and contrast their styles.,easy
Can you order these historical events to create a timeline?,easy
Group these elements based on their shared characteristics.,easy
Infer the potential causes of the sudden market drop.,easy
Predict the consequences of implementing renewable energy sources.,easy
How would you approach understanding a complex mathematical theorem?,easy
Grasp the meaning behind the author's use of symbolism in the novel.,easy
Translate your knowledge of physics to solve this engineering problem.,easy
Interpret the historical facts to analyze the social impact.,easy
Compare the cultural practices of two different societies and contrast their traditions.,easy
Can you order these historical documents to create a coherent narrative?,easy
Group these organisms based on their common traits.,easy
Infer the possible causes of the decline in customer satisfaction.,easy
Predict the consequences of raising the minimum wage.,easy
"When faced with a new scientific theory, how do you grasp its meaning?",easy
Translate your understanding of psychology to explain behavior in this scenario.,easy
Compare the philosophies of two political ideologies and contrast their beliefs.,easy
Can you order these scenes from the movie to reconstruct the plot?,easy
Group these literary works based on their themes.,easy
Infer the factors contributing to the decline in sales.,easy
Predict the consequences of implementing stricter environmental regulations.,easy
How do you go about understanding complex historical events?,easy
Grasp the meaning behind the allegory in this story.,easy
Translate your knowledge of economics to analyze this market trend.,easy
Interpret the survey results to identify patterns.,easy
Compare the architectural styles of two historical periods and contrast their characteristics.,easy
Can you order these steps to create a logical sequence of actions?,easy
Group these elements based on their shared chemical properties.,easy
Infer the reasons behind the company's sudden expansion.,easy
Predict the consequences of a society becoming cashless.,easy
"When faced with a complex scientific concept, how do you grasp its essence?",easy
Translate your understanding of ethics to analyze this moral dilemma.,easy
Interpret the geological features to determine the region's history.,easy
Compare the nutritional values of two different diets and contrast their effects.,easy
Can you order these excerpts to form a coherent argument?,easy
Group these organisms based on their habitats.,easy
Infer the motives behind the character's mysterious actions.,easy
Predict the consequences of stricter regulations on social media content.,easy
How do you approach understanding information from multiple sources?,easy
Grasp the meaning behind the statistical data presented in the report.,easy
Translate your knowledge of art history to analyze this painting.,easy
Interpret the financial data to assess the company's performance.,easy
Compare the economic policies of two countries and contrast their outcomes.,easy
Can you order these events to reconstruct the chain of causality?,easy
Group these elements based on their shared cultural significance.,easy
Infer the potential consequences of a sudden spike in inflation.,easy
Predict the effects of implementing a four-day workweek.,easy
"When dealing with complex scientific experiments, how do you understand their results?",easy
Translate your understanding of sociology to analyze this social phenomenon.,easy
Compare the characteristics of two different ecosystems and contrast their biodiversity.,easy
Can you order these lines of dialogue to reconstruct the conversation?,easy
Group these historical figures based on their roles in the revolution.,easy
Infer the factors contributing to the decline in student performance.,easy
Predict the consequences of universal basic income.,easy
How do you approach understanding information from various perspectives?,easy
Grasp the meaning behind the abstract concepts presented in the philosophy text.,easy
Translate your knowledge of technology to analyze this cybersecurity breach.,easy
Interpret the market trends to make investment decisions.,easy
Compare the leadership styles of two prominent figures and contrast their effectiveness.,easy
Can you order these scientific observations to establish a causal relationship?,easy
Group these artworks based on their artistic movements.,easy
Infer the causes of the sudden increase in air pollution levels.,easy
Predict the consequences of a fully remote workforce.,easy
"When encountering complex historical narratives, how do you understand their significance?",easy
Translate your understanding of anthropology to analyze this cultural practice.,easy
Compare the political ideologies of two parties and contrast their policy proposals.,easy
Can you order these genetic markers to determine the genetic sequence?,easy
Group these literary works based on their genre.,easy
Infer the motivations behind a character's decision to leave their hometown.,easy
Predict the consequences of a cashless society on small businesses.,easy
How do you approach understanding information with conflicting viewpoints?,easy
Grasp the meaning behind the abstract painting's color palette.,easy
Translate your knowledge of international relations to analyze this diplomatic incident.,easy
Interpret the trends in consumer behavior to inform marketing strategies.,easy
Compare the educational systems of two countries and contrast their outcomes.,easy
Can you order these steps in the scientific method to conduct a valid experiment?,easy
Group these elements based on their shared physical properties.,easy
Infer the factors contributing to the decline in employee morale.,easy
Predict the consequences of widespread adoption of electric vehicles.,easy
"When dealing with complex legal cases, how do you understand the intricacies?",easy
Translate your understanding of environmental science to analyze this ecological issue.,easy
Interpret the data from the social survey to identify societal trends.,easy
Compare the economic policies of two historical eras and contrast their effects.,easy
Can you order these historical speeches to create a narrative of change?,easy
Group these species based on their evolutionary relationships.,easy
How do you calculate the area of a triangle?,medium
Can you predict the outcome of this chemical reaction?,medium
Apply the principles of calculus to solve this differential equation.,medium
Solve the algebraic equation for the unknown variable.,medium
Use trigonometry to determine the height of the building.,medium
Demonstrate the steps to solve a quadratic equation.,medium
Determine the concentration of the unknown solution using titration.,medium
Model the behavior of gas particles using the kinetic theory.,medium
How can you experiment to prove the law of conservation of energy?,medium
Show how to calculate the volume of a cylinder.,medium
Examine the data to identify patterns and trends.,medium
Modify the parameters in the simulation to observe changes in the outcome.,medium
Calculate the distance traveled by the car in a given time.,medium
Can you predict the outcome of this social experiment?,medium
Apply the principles of economics to solve the scarcity problem.,medium
Solve the system of linear equations using matrix operations.,medium
Use statistical analysis to determine the correlation between variables.,medium
Demonstrate the process of DNA replication in a model.,medium
Determine the pH of the solution using a pH indicator.,medium
Model the behavior of a pendulum using mathematical equations.,medium
How can you experiment to investigate the effects of temperature on plant growth?,medium
Show the steps to calculate the perimeter of a rectangle.,medium
Examine the historical data to analyze economic trends.,medium
Modify the algorithm to improve the efficiency of the sorting process.,medium
Calculate the velocity of the object in free fall.,medium
Can you predict the outcome of the market based on current trends?,medium
Apply the principles of engineering to solve this structural problem.,medium
Solve the calculus problem involving integration.,medium
Demonstrate the steps of a chemical reaction using a laboratory setup.,medium
Determine the mass of the unknown substance through gravimetric analysis.,medium
Model the spread of a contagious disease in a population.,medium
How can you experiment to verify the laws of motion proposed by Newton?,medium
Show the procedure to calculate the area of a trapezoid.,medium
Examine the literary text to analyze its themes and symbols.,medium
Modify the algorithm to accommodate larger data sets.,medium
Calculate the acceleration of a car during a specific time interval.,medium
Can you predict the outcome of this social policy on poverty?,medium
Apply mathematical principles to solve this optimization problem.,medium
Solve the geometry puzzle involving angles and lines.,medium
Use calculus to determine the maximum value of the function.,medium
Demonstrate the steps of a biological process using an interactive model.,medium
Determine the density of an irregular object using displacement.,medium
Model the movement of planets in the solar system.,medium
How can you experiment to test the effects of different fertilizers on plant growth?,medium
Show the process to calculate the surface area of a sphere.,medium
Examine the data to identify outliers and anomalies.,medium
Modify the code to fix the software bug.,medium
Calculate the force required to move an object up an inclined plane.,medium
Can you predict the outcome of the weather based on atmospheric conditions?,medium
Apply principles of psychology to solve a behavioral problem.,medium
Solve the physics problem involving conservation of momentum.,medium
Use statistical analysis to determine the average test scores.,medium
Demonstrate the steps of a computer algorithm using pseudocode.,medium
Determine the concentration of a solution through titration.,medium
Model the growth of a population using exponential functions.,medium
How can you experiment to explore the effects of different wavelengths of light on plant growth?,medium
Show the steps to calculate the circumference of a circle.,medium
Examine the historical documents to reconstruct past events.,medium
Modify the design to enhance the user experience.,medium
Calculate the work done by a force moving an object.,medium
Can you predict the outcome of the stock market based on historical data?,medium
Apply mathematical principles to solve a financial problem.,medium
Solve the calculus problem involving integration by parts.,medium
Use regression analysis to determine the relationship between variables.,medium
Demonstrate the steps of a mechanical process through animations.,medium
Determine the solubility of a compound in different solvents.,medium
Model the interactions between predator and prey populations.,medium
How can you experiment to study the effects of different temperatures on enzyme activity?,medium
Show the method to calculate the area of an irregular polygon.,medium
Modify the parameters of the simulation to explore various scenarios.,medium
Calculate the displacement of an object using kinematic equations.,medium
Can you predict the outcome of an election based on polling data?,medium
Apply principles of ethics to solve a moral dilemma.,medium
Solve the algebraic equation to find the value of the variable.,medium
Use regression analysis to determine the relationship between sales and advertising expenditure.,medium
Demonstrate the steps of a chemical synthesis in a laboratory setting.,medium
Determine the concentration of a substance using spectrophotometry.,medium
Model the spread of information in a social network.,medium
How can you experiment to investigate the effects of different diets on weight loss?,medium
Show the process of calculating the volume of an irregularly shaped object using displacement.,medium
Examine the data to identify trends in customer behavior.,medium
Modify the code to add new features to the software.,medium
Calculate the pressure exerted by a gas in a closed container.,medium
Can you predict the outcome of a sports event based on team statistics?,medium
Apply principles of law to solve a legal case.,medium
Solve the calculus problem involving the area under a curve.,medium
Use mathematical modeling to predict population growth.,medium
Demonstrate the steps of a biological process through a virtual simulation.,medium
Determine the concentration of an unknown substance using titration.,medium
Model the behavior of particles in a chemical reaction.,medium
How can you experiment to study the effects of different light intensities on plant growth?,medium
Show the process to calculate the volume of a cone.,medium
Examine the historical records to reconstruct the events of the past.,medium
Modify the algorithm to improve computational efficiency.,medium
Calculate the velocity of an object in uniform circular motion.,medium
Can you predict the outcome of a marketing campaign based on consumer responses?,medium
Apply statistical methods to solve a data analysis problem.,medium
Solve the geometry problem involving angles and triangles.,medium
Use probability theory to determine the likelihood of a random event.,medium
Demonstrate the steps of a physical process through a video demonstration.,medium
Determine the molar mass of a compound using the ideal gas law.,medium
Model the behavior of predator-prey interactions in an ecosystem.,medium
How can you experiment to investigate the effects of different exercise regimens on fitness?,medium
Show the procedure to calculate the surface area of a cube.,medium
Examine the data to identify outliers and anomalies in a scientific study.,medium
Modify the parameters of the simulation to test alternative scenarios.,medium
Calculate the gravitational force between two massive objects.,medium
Can you predict the outcome of a social policy change using simulation models?,medium
Apply principles of psychology to solve a cognitive puzzle.,medium
Solve the physics problem involving projectile motion.,medium
Use statistical analysis to determine the correlation between income and education level.,medium
Demonstrate the steps of a computer programming algorithm through pseudocode.,medium
Determine the equilibrium constant of a chemical reaction using experimental data.,medium
Model the spread of infectious diseases in a population.,medium
How can you experiment to investigate the effects of different fertilizers on plant growth?,medium
Show the process of calculating the area of a parallelogram.,medium
Examine the historical documents to analyze the causes of a historical event.,medium
Modify the design of a product to enhance its usability.,medium
Calculate the electric field strength between two charged particles.,medium
Can you predict the outcome of a social movement based on historical trends?,medium
Apply mathematical principles to solve a geometric problem.,medium
Solve the calculus problem involving optimization.,medium
Use statistical analysis to determine the relationship between variables in a survey.,medium
Demonstrate the steps of a chemical reaction through a laboratory experiment.,medium
Determine the rate of reaction using the initial rate method.,medium
Model the behavior of a population in response to environmental changes.,medium
How can you experiment to study the effects of different stimuli on animal behavior?,medium
Show the procedure to calculate the volume of a rectangular prism.,medium
Examine the data to identify trends in market demand.,medium
Modify the algorithm to address security vulnerabilities in the software.,medium
Calculate the power output of a machine using mechanical work.,medium
Can you predict the outcome of a technological innovation based on current trends?,medium
Apply principles of economics to solve a resource allocation problem.,medium
Solve the algebraic equation system to find the values of the variables.,medium
Use regression analysis to determine the factors affecting customer satisfaction.,medium
Demonstrate the steps of a physics experiment through video demonstrations.,medium
Determine the rate constant of a chemical reaction through experimental data.,medium
Model the behavior of predator-prey interactions in a changing environment.,medium
How can you experiment to investigate the effects of different teaching methods on learning outcomes?,medium
Show the method to calculate the volume of a cylinder.,medium
Examine the historical records to analyze the impact of a historical event.,medium
Modify the code to optimize the software's performance.,medium
Calculate the electric potential energy of a charged object.,medium
Can you predict the outcome of a political election based on public opinion polls?,medium
Apply principles of psychology to solve a behavior modification problem.,medium
Solve the physics problem involving circular motion.,medium
Use statistical analysis to determine the trends in stock market prices.,medium
Demonstrate the steps of a chemical synthesis through a virtual lab simulation.,medium
Determine the rate of enzyme catalysis using spectrophotometry.,medium
Model the interactions between species in a complex ecosystem.,medium
How can you experiment to study the effects of different teaching strategies on student performance?,medium
Show the process of calculating the volume of a cone using integration.,medium
Examine the data to identify correlations between variables in a study.,medium
Modify the algorithm to improve the security of the encryption.,medium
Calculate the energy required to raise the temperature of a substance.,medium
Can you predict the outcome of a technological advancement using simulation?,medium
Apply principles of sociology to solve a social issue.,medium
Solve the calculus problem involving finding the area between curves.,medium
Use regression analysis to determine the impact of advertising on sales.,medium
Demonstrate the steps of a biological experiment through a hands-on activity.,medium
Determine the activation energy of a chemical reaction through experimental data.,medium
Model the population dynamics of species in a competitive environment.,medium
How can you experiment to investigate the effects of different incentives on employee productivity?,medium
Show the procedure to calculate the volume of a sphere.,medium
Examine the data to identify outliers and anomalies in a dataset.,medium
Modify the design of a website to enhance user experience.,medium
Calculate the pressure exerted by a gas using the ideal gas law.,medium
Can you predict the outcome of a social trend based on historical patterns?,medium
Apply mathematical principles to solve a financial investment problem.,medium
Solve the geometry problem involving angles and polygons.,medium
Use statistical analysis to determine the relationship between age and income.,medium
Demonstrate the steps of a physics phenomenon through computer simulations.,medium
Determine the equilibrium position of a chemical reaction using equilibrium constants.,medium
Model the behavior of predator-prey interactions in a fluctuating environment.,medium
How can you experiment to study the effects of different study techniques on memory retention?,medium
Show the method to calculate the volume of irregularly shaped objects using Archimedes' principle.,medium
Examine the data to identify trends in consumer purchasing behavior.,medium
Modify the algorithm to handle larger data sets more efficiently.,medium
Calculate the torque required to rotate an object.,medium
Can you predict the outcome of a marketing strategy using market analysis?,medium
Apply principles of psychology to solve a behavioral modification challenge.,medium
Solve the physics problem involving electromagnetic induction.,medium
How can you effectively use the gathered information in decision-making?,medium
Give an example of using statistical methods to analyze social trends.,medium
How would you use psychological theories to understand human behavior in a new context?,medium
Apply the principles of physics to explain the behavior of a bouncing ball.,medium
Can you solve a complex math problem using the concepts of calculus?,medium
Demonstrate the application of the scientific method to formulate a hypothesis.,medium
How do you use historical data to predict future economic trends?,medium
Give an instance of using linguistic theories to analyze language patterns.,medium
Solve a real-world engineering problem using your knowledge of mechanics.,medium
How can you use your knowledge of literature to analyze a contemporary novel?,medium
Apply the principles of genetics to understand a hereditary disorder.,medium
Give an example of using the laws of supply and demand to analyze changes in market prices.,medium
How would you use your artistic skills to create a visual representation of a scientific concept?,medium
Solve a mathematical puzzle using algebraic methods.,medium
Demonstrate the correct usage of the scientific method to conduct an experiment.,medium
How can you use data from a recent survey to inform a business strategy?,medium
Apply the theories of cognitive psychology to design effective learning materials.,medium
Give an instance of using economic theories to predict the impact of a policy change.,medium
How would you use principles of ecology to understand the interactions in a new ecosystem?,medium
Solve a coding challenge using your programming skills.,medium
Demonstrate the correct usage of the Pythagorean theorem to find a missing side of a triangle.,medium
How can you use your knowledge of history to analyze the causes of a current conflict?,medium
Apply the principles of chemistry to explain the reaction mechanism of a new compound.,medium
Give an example of using sociological concepts to analyze a cultural phenomenon.,medium
How would you use statistical methods to interpret the results of a medical study?,medium
Solve a physics problem involving motion using kinematic equations.,medium
Demonstrate the correct usage of the scientific notation in expressing very large or small numbers.,medium
How can you use your understanding of computer algorithms to optimize a search process?,medium
Apply the principles of architecture to design an eco-friendly building.,medium
Give an instance of using geological theories to interpret rock formations in a new region.,medium
How would you use economic concepts to analyze consumer behavior in a changing market?,medium
Solve a calculus problem involving finding the limit of a function.,medium
Demonstrate the correct usage of the empirical formula to determine the composition of a compound.,medium
How can you use psychological theories to understand motivation in a workplace context?,medium
Apply the principles of genetics to predict the probability of inheriting a certain trait.,medium
Give an example of using ethical theories to analyze a moral dilemma.,medium
How would you use statistical methods to analyze data from a social survey?,medium
Solve a mechanical engineering problem involving stress and strain calculations.,medium
Demonstrate the correct usage of the scientific method in designing a controlled experiment.,medium
How can you use your knowledge of political science to analyze international relations?,medium
Apply the principles of fluid dynamics to design an efficient water distribution system.,medium
Give an instance of using economic theories to analyze the impact of inflation on purchasing power.,medium
How would you use linguistic concepts to analyze the use of language in advertising?,medium
Solve a geometry problem involving finding the area of a complex shape.,medium
Demonstrate the correct usage of the SI units in a scientific calculation.,medium
How can you use your understanding of cultural anthropology to interpret cultural practices?,medium
Apply the principles of nutrition to design a balanced diet plan.,medium
Give an example of using psychological theories to understand decision-making processes.,medium
How would you use mathematical models to predict population growth?,medium
Solve a chemistry problem involving balancing chemical equations.,medium
Demonstrate the correct usage of the scientific method in forming a falsifiable hypothesis.,medium
How can you use your knowledge of literature to analyze themes in a contemporary film?,medium
Apply the principles of economics to analyze the impact of taxation policies.,medium
Give an instance of using sociological concepts to analyze social stratification in a new context.,medium
How would you use your understanding of climate science to predict weather patterns?,medium
Solve an electrical engineering problem involving circuit analysis.,medium
Demonstrate the correct usage of the scientific terminology when presenting research findings.,medium
How can you use your knowledge of history to analyze the causes of a social movement?,medium
Apply the principles of psychology to understand the effects of stress on cognitive function.,medium
Give an example of using economic theories to analyze the relationship between unemployment and inflation.,medium
How would you use statistical methods to analyze the results of a clinical trial?,medium
Solve a physics problem involving calculating the force required for an object to move.,medium
Demonstrate the correct usage of the scientific method to set up a controlled experiment.,medium
How can you use your understanding of architecture to design an energy-efficient building?,medium
Apply the principles of genetics to analyze the inheritance patterns of a specific genetic disorder.,medium
Give an instance of using sociological concepts to analyze the dynamics of a social movement.,medium
How would you use linguistic theories to understand language evolution?,medium
Solve a math problem involving solving equations with multiple variables.,medium
Demonstrate the correct usage of the scientific notation in expressing significant figures.,medium
How can you use your knowledge of political science to analyze policy implications?,medium
Apply the principles of ecology to analyze the interactions within a newly discovered ecosystem.,medium
Give an example of using economic theories to analyze international trade dynamics.,medium
How would you use statistical methods to analyze patterns in demographic data?,medium
Solve a mechanical engineering problem involving calculating the mechanical advantage of a machine.,medium
Demonstrate the correct usage of the scientific method in designing a survey for data collection.,medium
How can you use your understanding of cultural anthropology to interpret rituals in a new society?,medium
Apply the principles of psychology to understand the factors influencing memory retention.,medium
Give an instance of using linguistic concepts to analyze language variation in different dialects.,medium
How would you use economic concepts to analyze the factors affecting consumer decision-making?,medium
Solve a chemistry problem involving calculating the concentration of a solution.,medium
Demonstrate the correct usage of the scientific terminology in a technical report.,medium
How can you use your knowledge of history to analyze the impact of a technological innovation?,medium
Apply the principles of economics to analyze the relationship between inflation and interest rates.,medium
Give an example of using sociological concepts to analyze the role of media in shaping public opinion.,medium
How would you use statistical methods to analyze trends in crime rates?,medium
Solve a physics problem involving calculating the acceleration of an object in free fall.,medium
Demonstrate the correct usage of the scientific method in designing an experiment to test a hypothesis.,medium
How can you use your understanding of urban planning to design a sustainable neighborhood?,medium
Apply the principles of genetics to analyze the inheritance of a specific trait in a population.,medium
Give an instance of using psychological theories to analyze the effects of sleep deprivation on cognitive function.,medium
How would you use economic theories to analyze the impact of globalization on labor markets?,medium
Solve a calculus problem involving finding the derivative of a function.,medium
Demonstrate the correct usage of the scientific notation to express measurement uncertainty.,medium
How can you use your knowledge of political science to analyze policy outcomes?,medium
Apply the principles of environmental science to analyze the impact of deforestation on ecosystems.,medium
Give an example of using sociological concepts to analyze social mobility trends.,medium
How would you use linguistic concepts to analyze the evolution of language in different cultures?,medium
Solve a mechanical engineering problem involving calculating the mechanical efficiency of a machine.,medium
Demonstrate the correct usage of the scientific method in interpreting experimental results.,medium
How do you classify different species of plants based on their characteristics?,medium
Can you outline the main steps of the scientific method?,medium
How would you break down a complex problem into smaller manageable components?,medium
Categorize the types of renewable energy sources.,medium
Analyze the data to identify patterns and trends.,medium
How do you infer the motives behind a character's actions in a novel?,medium
Select the appropriate statistical test to analyze this dataset.,medium
How would you classify the different genres of literature?,medium
Outline the key components of a successful marketing strategy.,medium
Can you break down the steps of a chemical reaction mechanism?,medium
Categorize the different types of consumer behaviors.,medium
Analyze the financial statements to assess the company's performance.,medium
How do you infer the meaning of a word from its context?,medium
Select the relevant data points for your analysis.,medium
How would you classify the different types of musical instruments?,medium
Outline the stages of the product development process.,medium
Can you break down the factors contributing to climate change?,medium
Categorize the various theories of personality in psychology.,medium
Analyze the historical documents to understand the events of the past.,medium
How do you infer the emotional tone of a poem from its language?,medium
Select the appropriate variables for a regression analysis.,medium
How would you classify the different types of artistic styles?,medium
Outline the main phases of a software development life cycle.,medium
Can you break down the components of a balanced diet?,medium
Categorize the different types of economic systems.,medium
Analyze the social media data to identify sentiment trends.,medium
How do you infer the author's perspective from an article?,medium
Select the relevant case studies for your research project.,medium
How would you classify the different types of political ideologies?,medium
Outline the steps of the problem-solving process.,medium
Can you break down the elements of a persuasive argument?,medium
Categorize the major branches of science.,medium
How do you infer the potential outcomes of a social policy?,medium
Select the appropriate statistical tests for hypothesis testing.,medium
How would you classify the different types of animals based on their habitats?,medium
Outline the main functions of a cell's organelles.,medium
Can you break down the stages of human development?,medium
Categorize the various styles of art movements.,medium
Analyze the economic indicators to assess the country's economic health.,medium
How do you infer the cause of a sudden market drop?,medium
Select the relevant sources for your literature review.,medium
How would you classify the different types of communication styles?,medium
Outline the key factors influencing consumer purchasing decisions.,medium
Can you break down the steps of the scientific research process?,medium
Categorize the different types of social media platforms.,medium
Analyze the historical context to understand the motives of historical figures.,medium
How do you infer the cultural significance of a traditional dance?,medium
Select the appropriate variables for a correlation analysis.,medium
How would you classify the different types of natural disasters?,medium
Outline the major events of a historical time period.,medium
Can you break down the components of a computer's hardware?,medium
Categorize the different forms of government.,medium
Analyze the customer feedback to identify areas for improvement.,medium
How do you infer the meaning of a metaphor in a poem?,medium
Select the relevant data points for a trend analysis.,medium
How would you classify the different types of musical genres?,medium
Outline the steps of the scientific method applied to a biology experiment.,medium
Can you break down the factors contributing to air pollution?,medium
Categorize the different types of social inequalities.,medium
Analyze the performance metrics to optimize a website's user experience.,medium
How do you infer the societal implications of a technological advancement?,medium
Select the appropriate variables for a chi-square test.,medium
How would you classify the different forms of energy?,medium
Outline the stages of the software development process using Agile methodology.,medium
Can you break down the stages of the human life cycle?,medium
Categorize the different types of literary genres.,medium
Analyze the patterns in consumer buying behavior to inform marketing strategies.,medium
How do you infer the mood conveyed through a piece of artwork?,medium
Select the relevant case studies for a qualitative research project.,medium
How would you classify the different types of economic indicators?,medium
Outline the main steps of a research proposal.,medium
Can you break down the elements of a logical argument?,medium
Categorize the different types of cultural norms.,medium
Analyze the market trends to make investment decisions.,medium
How do you infer the motives behind a character's dialogue in a play?,medium
Select the appropriate variables for an ANOVA test.,medium
How would you classify the different forms of government systems?,medium
Outline the key factors influencing climate patterns.,medium
Can you break down the components of a computer's operating system?,medium
Categorize the different types of psychological disorders.,medium
Analyze the data from a user experience study to improve a website's design.,medium
How do you infer the emotions conveyed through a piece of music?,medium
Select the relevant data points for a regression analysis.,medium
How would you classify the different types of literary devices?,medium
Outline the steps of the problem-solving process in engineering.,medium
Can you break down the stages of the water purification process?,medium
Categorize the different types of marketing strategies.,medium
Analyze the historical documents to reconstruct historical events.,medium
How do you infer the cultural context of a historical artifact?,medium
Select the relevant sources for a literature review.,medium
How would you classify the different types of educational methods?,medium
Outline the main processes of the nitrogen cycle.,medium
Can you break down the components of a computer's software?,medium
Categorize the different types of social movements.,medium
Analyze the patterns in stock market data to predict trends.,medium
How do you infer the author's intended message in a poem?,medium
Select the relevant case studies for a comparative analysis.,medium
How would you classify the different forms of renewable energy?,medium
Outline the key stages of a project management process.,medium
Can you break down the elements of a persuasive speech?,medium
Categorize the different types of leadership styles.,medium
Analyze the data from user surveys to improve product usability.,medium
How do you infer the social implications of a technological innovation?,medium
Select the appropriate variables for a factor analysis.,medium
How would you classify the different types of plant species?,medium
Outline the stages of the scientific research process.,medium
Can you break down the stages of the carbon cycle?,medium
Categorize the different types of cultural practices.,medium
Analyze the customer reviews to evaluate the quality of a product.,medium
How do you infer the cultural influences on a piece of literature?,medium
Select the relevant data points for a correlation analysis.,medium
How would you classify the different forms of communication channels?,medium
Outline the main steps of a problem-solving process in medicine.,medium
Can you break down the components of a computer's central processing unit?,medium
Categorize the different types of economic theories.,medium
Analyze the data on customer demographics to tailor marketing campaigns.,medium
How do you infer the emotional impact of a visual artwork?,medium
Select the relevant sources for a historical research project.,medium
How would you classify the different types of animal behaviors?,medium
Outline the key principles of a psychological theory.,medium
Can you break down the stages of the nitrogen fixation process?,medium
Categorize the different types of artistic mediums.,medium
Analyze the data on website traffic to improve user engagement.,medium
How do you infer the societal attitudes reflected in a piece of literature?,medium
Select the appropriate variables for a time series analysis.,medium
How would you classify the different types of music genres?,medium
Outline the stages of a supply chain management process.,medium
Can you break down the components of a biological cell?,medium
Categorize the different types of political ideologies.,medium
Analyze the patterns in sales data to identify growth opportunities.,medium
How do you infer the cultural context of a historical painting?,medium
How would you classify the different forms of government structures?,medium
Outline the main stages of a software testing process.,medium
Can you break down the elements of a logical proof?,medium
Categorize the different types of societal norms.,medium
Analyze the data on social media engagement to optimize content strategies.,medium
How do you infer the emotional tone of a piece of writing?,medium
Select the relevant case studies for a qualitative analysis.,medium
How would you classify the different types of economic systems?,medium
Outline the key concepts of a philosophical theory.,medium
Can you break down the stages of the water cycle?,medium
Categorize the different types of literary elements.,medium
Analyze the historical records to understand cultural shifts over time.,medium
How do you infer the author's perspective in a news article?,medium
Select the appropriate variables for a hypothesis testing.,medium
How would you classify the different forms of energy sources?,medium
Outline the stages of a project management process for construction.,medium
Can you break down the components of a computer's input/output devices?,medium
Categorize the different types of psychological therapies.,medium
Analyze the data on user behavior to optimize website navigation.,medium
How do you infer the cultural influences on a culinary dish?,medium
How would you classify the different types of social institutions?,medium
Outline the key principles of a marketing strategy.,medium
Can you break down the stages of the carbon dioxide-oxygen cycle?,medium
Categorize the different types of artistic movements.,medium
Analyze the data on consumer preferences to tailor product offerings.,medium
How do you infer the societal impact of a technological advancement?,medium
Select the appropriate variables for a content analysis.,medium
How would you classify the different forms of government policies?,medium
Outline the main steps of a problem-solving process in environmental science.,medium
Can you break down the elements of a logical fallacy?,medium
Categorize the different types of economic indicators.,medium
Analyze the data on market trends to inform investment strategies.,medium
Select the relevant data points for a multivariate analysis.,medium
How would you classify the different types of educational systems?,medium
Outline the stages of a software development process for mobile apps.,medium
Can you break down the components of a human respiratory system?,medium
Categorize the different types of social behaviors.,medium
Analyze the patterns in sales data to identify customer preferences.,medium
How do you infer the cultural influences on a fashion trend?,medium
Select the appropriate variables for a logistic regression analysis.,medium
How do you effectively break down a complex mathematical equation into simpler components?,medium
Can you identify the relationships between the characters in a complex novel?,medium
What are the steps to identify missing information in a complex dataset?,medium
How do you break down a complex engineering problem into its fundamental elements?,medium
Can you identify the interactions between different variables in a complex scientific experiment?,medium
What strategies can you use to identify redundant information in a complex research paper?,medium
How would you break down a complex architectural design into its key features?,medium
Can you identify the cause-and-effect relationships in a complex ecological system?,medium
What techniques can you use to identify contradictory information in a complex legal case?,medium
How can you break down a complex computer programming task into manageable sub-tasks?,medium
Can you identify the connections between different historical events in a complex timeline?,medium
What steps can you take to identify missing information in a complex financial analysis?,medium
How do you break down a complex medical diagnosis into its various symptoms and indicators?,medium
Can you identify the synergies between different departments in a complex organizational structure?,medium
What strategies do you use to identify redundant information in a complex market research report?,medium
How would you break down a complex chemical reaction into its individual steps?,medium
Can you identify the dependencies between different tasks in a complex project plan?,medium
What techniques can you use to identify contradictory information in a complex scientific theory?,medium
How can you break down a complex social issue into its underlying factors?,medium
Can you identify the interactions between different economic indicators in a complex analysis?,medium
What steps do you take to identify missing information in a complex environmental assessment?,medium
How do you break down a complex psychological concept into its basic principles?,medium
Can you identify the relationships between different characters' storylines in a complex movie plot?,medium
What strategies can you use to identify redundant information in a complex marketing strategy?,medium
How would you break down a complex geological formation into its geological processes?,medium
Can you identify the connections between different artistic movements in a complex art history timeline?,medium
What techniques can you use to identify contradictory information in a complex sociological study?,medium
How can you break down a complex algorithm into its logical steps?,medium
Can you identify the dependencies between different software modules in a complex software architecture?,medium
What steps do you take to identify missing information in a complex historical analysis?,medium
How do you break down a complex biological system into its constituent parts?,medium
Can you identify the interactions between different factors in a complex economic model?,medium
What strategies can you use to identify redundant information in a complex policy document?,medium
How would you break down a complex literary work into its major themes and motifs?,medium
Can you identify the cause-and-effect relationships between different political events in a complex timeline?,medium
What techniques can you use to identify contradictory information in a complex social survey?,medium
How can you break down a complex urban development plan into its various components?,medium
Can you identify the relationships between different musical elements in a complex composition?,medium
What steps do you take to identify missing information in a complex technological analysis?,medium
How do you break down a complex physical phenomenon into its underlying forces and interactions?,medium
Can you identify the synergies between different departments in a complex corporate organization?,medium
What strategies can you use to identify redundant information in a complex scientific paper?,medium
How would you break down a complex historical event into its contributing factors?,medium
Can you identify the dependencies between different characters' actions in a complex narrative?,medium
What techniques can you use to identify contradictory information in a complex economic forecast?,medium
How can you break down a complex societal issue into its root causes?,medium
Can you identify the interactions between different components in a complex technological system?,medium
What steps do you take to identify missing information in a complex environmental impact assessment?,medium
How do you break down a complex musical composition into its melodic and harmonic elements?,medium
Can you identify the relationships between different genetic traits in a complex inheritance pattern?,medium
What strategies can you use to identify redundant information in a complex market analysis?,medium
How would you break down a complex cultural phenomenon into its cultural influences and expressions?,medium
Can you identify the cause-and-effect relationships between different climatic factors in a complex ecosystem?,medium
What techniques can you use to identify contradictory information in a complex political report?,medium
How can you break down a complex mathematical proof into its logical steps?,medium
Can you identify the dependencies between different user requirements in a complex software specification?,medium
What steps do you take to identify missing information in a complex historical reconstruction?,medium
How do you break down a complex medical case into its symptomatology and diagnostic criteria?,medium
Can you identify the interactions between different elements in a complex social network?,medium
What strategies can you use to identify redundant information in a complex product design?,medium
How would you break down a complex geological process into its geological agents and mechanisms?,medium
Can you identify the relationships between different artistic styles in a complex art history context?,medium
What techniques can you use to identify contradictory information in a complex cultural study?,medium
How can you break down a complex algorithmic problem into its sub-problems?,medium
Can you identify the cause-and-effect relationships between different economic variables in a complex analysis?,medium
What steps do you take to identify missing information in a complex financial forecast?,medium
How do you break down a complex psychological concept into its cognitive and behavioral components?,medium
Can you identify the dependencies between different modules in a complex software architecture?,medium
What strategies can you use to identify redundant information in a complex academic paper?,medium
How would you break down a complex literary work into its narrative structure and themes?,medium
Can you identify the interactions between different characters' motives in a complex storyline?,medium
What techniques can you use to identify contradictory information in a complex sociopolitical analysis?,medium
How can you break down a complex engineering design into its functional and structural elements?,medium
Can you identify the relationships between different musical genres in a complex historical context?,medium
What steps do you take to identify missing information in a complex scientific experiment?,medium
How do you break down a complex medical diagnosis into its diagnostic criteria and patient history?,medium
How would you break down a complex urban development plan into its architectural and infrastructural components?,medium
Can you identify the dependencies between different factors in a complex economic model?,medium
Can you identify the interactions between different software modules in a complex software architecture?,medium
Can you identify the relationships between different factors in a complex economic model?,medium
How do you assess the current situation?,hard
What factors do you consider when making a decision?,hard
How can you choose the best option from the available ones?,hard
Can you rank these options based on their importance?,hard
What grade would you give to the performance of the team?,hard
How do you test the effectiveness of a new product?,hard
What measures do you take to ensure quality control?,hard
How would you defend your position in a debate?,hard
Can you recommend a suitable strategy for this project?,hard
How can you convince others to support your idea?,hard
What criteria do you use to select the right candidate for the job?,hard
How do you judge the success of a marketing campaign?,hard
What kind of support do you need to achieve your goals?,hard
Can you conclude the main findings of your research?,hard
How do you argue for the importance of education?,hard
Can you justify your choice of investment?,hard
Compare the advantages of two different approaches.,hard
Summarize the key points of the presentation.,hard
Evaluate the impact of social media on society.,hard
Generate innovative ideas for a new product.,hard
How do you assess the potential risks in a project?,hard
Decide on the best course of action for the team.,hard
Choose a book to recommend for the book club.,hard
Rank the top three priorities for the upcoming quarter.,hard
Grade the quality of customer service received.,hard
Test the hypothesis through an experiment.,hard
Measure the performance metrics of the website.,hard
Defend your stance on environmental sustainability.,hard
Recommend a workout routine for a beginner.,hard
Convince your manager to adopt a flexible work schedule.,hard
Select the most suitable candidate for the leadership role.,hard
Judge the winner of the art competition.,hard
Support your argument with relevant statistics.,hard
Conclude the negotiation with a favorable outcome.,hard
Argue for or against capital punishment.,hard
Justify the budget allocation for a new project.,hard
Compare the pros and cons of two programming languages.,hard
Summarize the findings of the market research.,hard
Evaluate the effectiveness of a training program.,hard
Generate hypotheses for a psychological study.,hard
Assess the impact of climate change on ecosystems.,hard
Decide on a vacation destination for the family.,hard
Choose the best software for graphic design.,hard
Rank the importance of core values in a company.,hard
Grade the essay based on the rubric provided.,hard
Test the durability of a new material.,hard
Measure the customer satisfaction level.,hard
Defend freedom of speech as a fundamental right.,hard
Recommend a healthy diet plan for weight loss.,hard
Convince investors to fund your startup.,hard
Select the appropriate methodology for a research project.,hard
Judge the ethical implications of a business decision.,hard
Support your viewpoint on renewable energy.,hard
Conclude the impact of social media on relationships.,hard
Argue for the benefits of remote work.,hard
Justify the need for increased cybersecurity measures.,hard
Compare different learning styles for educational effectiveness.,hard
Summarize the steps of the scientific method.,hard
Evaluate the long-term effects of a new policy.,hard
Generate strategies to reduce plastic waste.,hard
Assess the potential consequences of a diplomatic decision.,hard
Decide on the best advertising campaign for a product.,hard
Choose a gift for a friend's birthday.,hard
Rank the priority of tasks for the project team.,hard
Grade the performance of a student in a class.,hard
Test the hypothesis using statistical analysis.,hard
Measure the financial performance of a company.,hard
Defend the importance of cultural diversity.,hard
Recommend ways to improve time management.,hard
Convince the community to support a local charity.,hard
Select the ideal candidate for a customer service role.,hard
Judge the artistic value of a painting.,hard
Support your argument on the effects of technology.,hard
Conclude the benefits of regular exercise.,hard
Argue for or against school uniforms.,hard
Justify the allocation of resources for research.,hard
Compare different project management methodologies.,hard
Summarize the main themes of a novel.,hard
Evaluate the impact of social media on mental health.,hard
Generate ideas for reducing air pollution.,hard
Assess the feasibility of a new business idea.,hard
Decide on the best strategy for entering a new market.,hard
Choose the most suitable candidate for a leadership position.,hard
Rank the most important skills for a sales team.,hard
Grade the quality of a customer's complaint resolution.,hard
Test the hypothesis through laboratory experiments.,hard
Measure the effectiveness of a marketing campaign.,hard
Defend your perspective on climate change.,hard
Recommend ways to enhance communication skills.,hard
Convince the city council to invest in public transportation.,hard
Select the appropriate tools for a software development project.,hard
Judge the winner of a culinary competition.,hard
Support your opinion on the benefits of reading.,hard
Conclude the impact of online shopping on brick-and-mortar stores.,hard
Argue for the advantages of renewable energy sources.,hard
Justify the use of AI in healthcare diagnostics.,hard
Compare different methods of conflict resolution.,hard
Summarize the findings of a psychology study.,hard
Evaluate the societal implications of genetic engineering.,hard
Generate solutions for reducing plastic packaging.,hard
Assess the potential economic impact of a new law.,hard
Decide on the best pricing strategy for a new product.,hard
Choose a restaurant to recommend for a special occasion.,hard
Rank the top candidates for a scholarship award.,hard
Grade the performance of a team during a project.,hard
Test the reliability of a new measurement instrument.,hard
Measure the customer loyalty towards a brand.,hard
Defend the importance of free speech in media.,hard
Recommend strategies for improving work-life balance.,hard
Convince investors to support a real estate project.,hard
Select the most suitable technology stack for a web application.,hard
Judge the winner of a design competition.,hard
Support your argument on the benefits of exercise.,hard
Conclude the impact of social media on political discourse.,hard
Argue for or against standardized testing in schools.,hard
Justify the allocation of funds for space exploration.,hard
Compare different methods of team performance evaluation.,hard
Summarize the main arguments of an academic paper.,hard
Evaluate the ethical implications of AI in autonomous vehicles.,hard
Generate ideas for promoting sustainable agriculture.,hard
Assess the potential market for a new technological gadget.,hard
Decide on the best expansion strategy for a retail chain.,hard
Choose a movie to recommend for a family night.,hard
Rank the key attributes of a successful leader.,hard
Grade the effectiveness of a customer service hotline.,hard
Test the hypothesis through field research.,hard
Measure the ROI of a digital advertising campaign.,hard
Defend your viewpoint on the importance of arts education.,hard
Recommend techniques for enhancing public speaking skills.,hard
Convince a jury about a defendant's innocence.,hard
Select the best software development methodology for a startup.,hard
Judge the winner of a photography contest.,hard
Support your stance on the benefits of renewable energy.,hard
Conclude the impact of video games on cognitive development.,hard
Argue for or against the use of AI in decision-making.,hard
Justify the funding for a research expedition.,hard
Compare different methods of employee performance appraisal.,hard
Summarize the findings of an economic analysis.,hard
Evaluate the environmental consequences of single-use plastics.,hard
Generate solutions for reducing electronic waste.,hard
Assess the potential risks of a new financial product.,hard
Decide on the best marketing channels for a new app.,hard
Choose a book to recommend for personal growth.,hard
Rank the skills needed for effective project management.,hard
Grade the usability of a mobile application.,hard
Test the hypothesis through a controlled experiment.,hard
Measure the customer engagement on social media.,hard
Defend the importance of privacy rights in the digital age.,hard
Recommend methods for improving time management.,hard
Convince a panel on the benefits of space exploration.,hard
Select the most appropriate framework for a web development project.,hard
Judge the winner of a dance competition.,hard
Support your argument on the advantages of renewable energy.,hard
Conclude the impact of social media on adolescent behavior.,hard
Argue for or against the regulation of artificial intelligence.,hard
Justify the budget allocation for a scientific research project.,hard
Compare different methods of employee training.,hard
Summarize the main findings of a medical study.,hard
Evaluate the effects of deforestation on biodiversity.,hard
Generate ideas for promoting eco-friendly transportation.,hard
Assess the potential market for a new fashion line.,hard
Decide on the best distribution channels for a new product.,hard
Choose a documentary to recommend for raising awareness.,hard
Rank the attributes of an effective marketing campaign.,hard
Grade the customer experience of an online store.,hard
Test the hypothesis through observational research.,hard
Measure the impact of influencer marketing on brand awareness.,hard
Defend the importance of net neutrality.,hard
Recommend strategies for improving organizational culture.,hard
Convince a community to support a public art project.,hard
Select the most suitable programming language for a project.,hard
Judge the winner of a singing competition.,hard
Support your viewpoint on the benefits of meditation.,hard
Conclude the impact of smartphones on interpersonal communication.,hard
Argue for or against the use of drones in civilian spaces.,hard
Justify the funding for a humanitarian relief mission.,hard
Compare different methods of customer feedback collection.,hard
Summarize the key points of a historical analysis.,hard
Evaluate the effects of air pollution on public health.,hard
Generate solutions for promoting renewable energy adoption.,hard
Assess the potential risks of a new investment strategy.,hard
Decide on the best pricing model for a software subscription.,hard
Choose a documentary to recommend for educational purposes.,hard
Rank the qualities of a successful entrepreneur.,hard
Grade the performance of a customer service chatbot.,hard
Test the hypothesis through a longitudinal study.,hard
Measure the customer retention rate for a subscription service.,hard
Defend the importance of online privacy protection.,hard
Recommend techniques for improving negotiation skills.,hard
Convince a board of directors to approve a merger.,hard
Select the most appropriate methodology for a psychological study.,hard
Judge the winner of a poetry competition.,hard
Support your argument on the benefits of renewable energy adoption.,hard
Conclude the impact of social media on political activism.,hard
Argue for or against the use of AI in criminal justice.,hard
Justify the budget allocation for a cultural preservation project.,hard
Compare different methods of employee motivation.,hard
Summarize the main arguments of an ethics debate.,hard
Evaluate the consequences of plastic pollution in oceans.,hard
Generate ideas for promoting green building practices.,hard
How do you compare different ideas effectively?,hard
What is the process of discriminating between various concepts?,hard
Can you assess the value of competing theories in a field?,hard
How do you evaluate the quality of presentations?,hard
What steps do you take to make choices based on reasoned arguments?,hard
Why is it important to verify the value of evidence before accepting it?,hard
How can you recognize subjectivity in an argument or discussion?,hard
What role do definite criteria play in making judgments?,hard
Compare two innovative solutions to a common problem.,hard
Discriminate between two conflicting perspectives on climate change.,hard
Assess the value of classical economic theories in the modern era.,hard
How do you make a choice between different investment opportunities?,hard
Verify the value of statistical data used in a research paper.,hard
Recognize the subjectivity in a political debate about taxation.,hard
Explain how definite criteria can improve the evaluation of job applicants.,hard
Compare the strengths and weaknesses of two marketing strategies.,hard
Discriminate between traditional and contemporary art forms.,hard
Assess the value of Maslow's hierarchy of needs in psychology.,hard
How do you make a choice between two potential travel destinations?,hard
Verify the value of anecdotal evidence in a personal narrative.,hard
Recognize subjectivity in a discussion about the best movie of all time.,hard
Explain the importance of using definite criteria in performance appraisals.,hard
Compare the efficiency of two time management techniques.,hard
Discriminate between different interpretations of a historical event.,hard
Assess the value of feminist theories in gender studies.,hard
How do you make a reasoned argument for choosing a particular college major?,hard
Verify the value of expert opinions in a scientific paper.,hard
Recognize subjectivity in a debate about the benefits of vegetarianism.,hard
Compare the pros and cons of two project management methodologies.,hard
Discriminate between two conflicting viewpoints on artificial intelligence.,hard
Assess the value of democratic theories in political science.,hard
How do you make a choice between pursuing a job promotion or starting a business?,hard
Verify the value of data from a survey conducted by a biased organization.,hard
Recognize subjectivity in a conversation about the best genre of music.,hard
Explain how definite criteria can enhance the evaluation of architectural designs.,hard
Compare the environmental impact of two transportation systems.,hard
Discriminate between opposing arguments on the effects of social media.,hard
Assess the value of psychoanalytic theories in understanding behavior.,hard
How do you make a reasoned argument for choosing a particular diet plan?,hard
Verify the value of historical documents in reconstructing the past.,hard
Recognize subjectivity in a discussion about the most beautiful artwork.,hard
Compare the usability of two different software interfaces.,hard
Discriminate between varying viewpoints on the role of government in healthcare.,hard
Assess the value of supply and demand theories in economics.,hard
How do you make a choice between buying a new car or investing in stocks?,hard
Verify the value of testimonials in a product advertisement.,hard
Recognize subjectivity in a debate about the best form of exercise.,hard
Compare the nutritional value of two different meal options.,hard
Discriminate between differing opinions on the impact of social media on relationships.,hard
Assess the value of cognitive theories in educational psychology.,hard
How do you make a reasoned argument for selecting a particular travel destination?,hard
Verify the value of data collected from a limited sample size.,hard
Recognize subjectivity in a conversation about the most influential historical figure.,hard
Compare the effectiveness of two leadership styles in an organizational context.,hard
Discriminate between different interpretations of a literary work.,hard
Assess the value of utilitarian theories in ethical decision-making.,hard
How do you make a choice between attending a social event or studying for an exam?,hard
Verify the value of customer reviews in evaluating a product.,hard
Recognize subjectivity in a debate about the best form of entertainment.,hard
Compare the sustainability of two renewable energy sources.,hard
Discriminate between opposing arguments on the impact of minimum wage laws.,hard
Assess the value of behaviorist theories in understanding learning.,hard
How do you make a reasoned argument for choosing a particular career path?,hard
Verify the value of scientific studies funded by a biased organization.,hard
Recognize subjectivity in a discussion about the most effective teaching method.,hard
Compare the safety features of two different car models.,hard
Discriminate between varying perspectives on the effects of globalization.,hard
Assess the value of existentialist theories in philosophy.,hard
How do you make a choice between supporting local businesses or larger corporations?,hard
Verify the value of online sources in academic research.,hard
Recognize subjectivity in a conversation about the best type of vacation.,hard
Compare the nutritional content of two different food products.,hard
Discriminate between differing opinions on the impact of social media on mental health.,hard
Assess the value of attachment theories in developmental psychology.,hard
How do you make a reasoned argument for selecting a particular smartphone brand?,hard
Verify the value of historical accounts written by biased authors.,hard
Recognize subjectivity in a debate about the best method of artistic expression.,hard
Compare the performance of two different programming languages.,hard
Discriminate between opposing arguments on the benefits of universal healthcare.,hard
Assess the value of structural functionalist theories in sociology.,hard
How do you make a choice between pursuing a career you love or one that pays well?,hard
Verify the value of user ratings in evaluating mobile apps.,hard
Recognize subjectivity in a discussion about the most influential technological innovation.,hard
Compare the energy efficiency of two home appliances.,hard
Discriminate between varying viewpoints on the impact of automation on employment.,hard
Assess the value of humanistic theories in counseling psychology.,hard
How do you make a reasoned argument for choosing a particular exercise routine?,hard
Verify the value of online product reviews written by anonymous users.,hard
Recognize subjectivity in a debate about the best form of artistic expression.,hard
Compare the user interface of two different social media platforms.,hard
Discriminate between differing opinions on the impact of immigration on the economy.,hard
Assess the value of cognitive dissonance theories in social psychology.,hard
How do you make a choice between pursuing further education or entering the job market?,hard
Verify the value of news articles from politically biased sources.,hard
Recognize subjectivity in a conversation about the most significant scientific discovery.,hard
Compare the features of two different smartphone models.,hard
Discriminate between opposing arguments on the effects of raising the minimum wage.,hard
Assess the value of structuralist theories in linguistics.,hard
How do you make a reasoned argument for selecting a particular investment opportunity?,hard
Verify the value of personal testimonials in advertising campaigns.,hard
How do you design a user-friendly website?,hard
What steps are involved in formulating a research question?,hard
How do you build a functional prototype for a new product?,hard
What does it take to invent a novel technological solution?,hard
Can you create a captivating marketing campaign?,hard
How do you compose a compelling piece of music?,hard
What strategies can you use to generate innovative ideas?,hard
How do you derive mathematical equations from first principles?,hard
What aspects would you modify to improve a software interface?,hard
How can you develop a comprehensive business plan?,hard
What does it mean to integrate multiple software systems?,hard
How would you design a sustainable urban transportation system?,hard
What questions do you need to formulate before conducting an experiment?,hard
How do you build a structurally sound bridge?,hard
Can you invent a new method for purifying water?,hard
How do you create an effective social media marketing strategy?,hard
What steps are involved in composing a symphony?,hard
How can you generate ideas for a new advertising campaign?,hard
How do you derive the equation for calculating the area of a circle?,hard
What elements would you modify in a website to enhance user experience?,hard
How would you develop a mobile app for task management?,hard
Can you integrate various communication tools into a single platform?,hard
How do you design an energy-efficient home?,hard
What research questions would you formulate for a psychology study?,hard
How do you build a customized computer for gaming?,hard
Can you invent a more efficient way to capture solar energy?,hard
How do you create an engaging visual design for a magazine?,hard
What steps are involved in composing a compelling short story?,hard
How can you generate new ideas for product packaging?,hard
How do you derive the formula for calculating the velocity of an object?,hard
What modifications would you make to a smartphone to improve its battery life?,hard
How would you develop an e-commerce platform with integrated payment gateways?,hard
Can you integrate various data sources into a business intelligence dashboard?,hard
How do you design an eco-friendly packaging solution for a food product?,hard
What hypotheses would you formulate for a biology experiment?,hard
How do you build a functional electric car?,hard
Can you invent a device for monitoring air quality in real-time?,hard
How do you create a visually appealing website layout?,hard
What steps are involved in composing a thought-provoking essay?,hard
How can you generate creative ideas for a team-building workshop?,hard
How do you derive the equation for calculating the volume of a cone?,hard
What changes would you make to a mobile app's user interface to enhance navigation?,hard
How would you develop a new software application for project management?,hard
Can you integrate different payment methods into an online retail platform?,hard
How do you design an ergonomic office chair?,hard
What research questions would you formulate for a sociology study on urbanization?,hard
How do you build a structurally sound suspension bridge?,hard
Can you invent a new method for filtering microplastics from water sources?,hard
How do you create an effective social media content calendar?,hard
What steps are involved in composing a catchy jingle for a commercial?,hard
How can you generate original ideas for a creative arts project?,hard
How do you derive the equation for calculating the area of a triangle?,hard
What modifications would you make to a fitness app to enhance user engagement?,hard
How would you develop a new video game with immersive graphics?,hard
Can you integrate social media sharing functionality into a blogging platform?,hard
How do you design a sustainable packaging solution for electronics?,hard
What hypotheses would you formulate for an astronomy experiment?,hard
How do you build a functional 3D printer?,hard
Can you invent a new method for efficient waste disposal?,hard
How do you create an eye-catching logo for a startup company?,hard
What steps are involved in composing a persuasive speech?,hard
How can you generate fresh concepts for an advertising campaign targeting millennials?,hard
How do you derive the equation for calculating the force of gravity?,hard
What adjustments would you make to a navigation app for better route optimization?,hard
How would you develop a new medical device for patient monitoring?,hard
Can you integrate augmented reality features into a travel booking platform?,hard
How do you design an energy-efficient heating and cooling system for a building?,hard
What research questions would you formulate for a history study on cultural exchange?,hard
How do you build a structurally stable skyscraper?,hard
Can you invent a new technique for efficient water desalination?,hard
How do you create an engaging user interface for a language learning app?,hard
What steps are involved in composing a captivating blog post?,hard
How can you generate original concepts for a product packaging redesign?,hard
How do you derive the equation for calculating the acceleration of an object?,hard
What modifications would you make to a social networking app to enhance user privacy?,hard
How would you develop a new mobile health app for remote patient monitoring?,hard
Can you integrate speech recognition technology into a virtual assistant application?,hard
How do you design an environmentally friendly transportation system for a city?,hard
What hypotheses would you formulate for an environmental science experiment?,hard
How do you build a functional underwater exploration vehicle?,hard
Can you invent a new method for efficient waste recycling?,hard
How do you create an aesthetically pleasing website layout for an art gallery?,hard
What steps are involved in composing a moving piece of poetry?,hard
How can you generate innovative ideas for an environmental awareness campaign?,hard
How do you derive the equation for calculating the pressure of a gas?,hard
What adjustments would you make to a navigation app to improve real-time traffic updates?,hard
How would you develop a new software tool for data analysis in scientific research?,hard
Can you integrate machine learning algorithms into a customer support platform?,hard
How do you design an accessible public transportation system for people with disabilities?,hard
What research questions would you formulate for an economics study on income inequality?,hard
How do you build a structurally resilient suspension bridge?,hard
Can you invent a new method for sustainable agriculture in arid regions?,hard
How do you create an attention-grabbing visual design for a fashion magazine?,hard
What steps are involved in composing an impactful TED Talk?,hard
How can you generate creative ideas for an educational children's book?,hard
How do you derive the equation for calculating the kinetic energy of a moving object?,hard
What modifications would you make to a fitness tracking app to improve accuracy?,hard
How would you develop a new software platform for online education?,hard
Can you integrate virtual reality experiences into a tourism and travel website?,hard
How do you design an eco-friendly packaging solution for consumer electronics?,hard
What hypotheses would you formulate for a psychology experiment on memory recall?,hard
How do you build a functional robotic assistant for the elderly?,hard
Can you invent a new method for harnessing clean energy from ocean waves?,hard
How do you create an immersive user interface for a virtual reality game?,hard
What steps are involved in composing an emotionally evocative film score?,hard
How can you generate fresh concepts for an eco-conscious fashion collection?,hard
How do you derive the equation for calculating the wavelength of a wave?,hard
What adjustments would you make to a language learning app to personalize lessons?,hard
How would you develop a new mobile app for language translation?,hard
Can you integrate blockchain technology into a supply chain management platform?,hard
How do you design a sustainable urban landscape that promotes biodiversity?,hard
What research questions would you formulate for a sociology study on social media influence?,hard
How do you build a structurally sound arch bridge?,hard
Can you invent a new method for efficient waste reduction in manufacturing?,hard
How do you create an engaging website design for an online art gallery?,hard
What steps are involved in composing an impactful piece of investigative journalism?,hard
How can you generate innovative ideas for a technology startup pitch?,hard
How do you derive the equation for calculating the frequency of a sound wave?,hard
What modifications would you make to a weather app to enhance accuracy?,hard
How would you develop a new software tool for project management and collaboration?,hard
Can you integrate artificial intelligence into a customer relationship management system?,hard
How do you design an energy-efficient lighting system for a commercial building?,hard
What hypotheses would you formulate for a biology experiment on plant growth?,hard
How do you build a functional drone for agricultural surveillance?,hard
Can you invent a new method for sustainable water purification in remote areas?,hard
How do you create an appealing visual design for a digital magazine cover?,hard
What steps are involved in composing an emotionally moving piece of classical music?,hard
How can you generate original concepts for an eco-friendly product line?,hard
How do you derive the equation for calculating the resistance of an electrical circuit?,hard
What adjustments would you make to a navigation app to provide alternative routes?,hard
How would you develop a new software application for remote team collaboration?,hard
Can you integrate biometric authentication into a mobile banking app?,hard
How do you design a sustainable urban park that encourages community interaction?,hard
What research questions would you formulate for an anthropology study on cultural practices?,hard
How do you build a structurally secure cable-stayed bridge?,hard
Can you invent a new method for harnessing renewable energy from wind currents?,hard
How do you create an aesthetically pleasing layout for an interior design website?,hard
What steps are involved in composing an original piece of electronic music?,hard
How can you generate creative ideas for a charity fundraising event?,hard
How do you derive the equation for calculating the electric field between charged particles?,hard
What modifications would you make to a meditation app to enhance user engagement?,hard
How would you develop a new software tool for data visualization and analysis?,hard
Can you integrate predictive analytics into an inventory management system?,hard
How do you design an eco-friendly transportation hub for a metropolitan area?,hard
What hypotheses would you formulate for an ecology experiment on ecosystem dynamics?,hard
How do you build a functional robotic arm for industrial automation?,hard
Can you invent a new method for efficient waste management in urban areas?,hard
How do you create an eye-catching visual design for a magazine cover?,hard
What steps are involved in composing an emotionally impactful piece of contemporary art?,hard
How can you generate original concepts for an innovative technology startup?,hard
How do you derive the equation for calculating the efficiency of a mechanical system?,hard
What adjustments would you make to a food delivery app to improve order accuracy?,hard
How would you develop a new software platform for online collaboration in education?,hard
Can you integrate natural language processing into a customer support chatbot?,hard
How do you design an environmentally conscious community center for a neighborhood?,hard
What research questions would you formulate for a political science study on voter behavior?,hard
How do you build a structurally stable truss bridge?,hard
Can you invent a new method for harnessing solar energy in urban environments?,hard
How do you create an engaging user interface for a fitness tracking app?,hard
What steps are involved in composing a thought-provoking piece of spoken word poetry?,hard
How can you generate creative ideas for a community outreach initiative?,hard
How do you derive the equation for calculating the potential energy of an object?,hard
What modifications would you make to a language learning app to support multiple languages?,hard
How would you develop a new software application for remote medical consultations?,hard
Can you integrate telemedicine capabilities into a healthcare management system?,hard
How do you design an inclusive public space for people of all abilities?,hard
What hypotheses would you formulate for an environmental science experiment on pollution?,hard
How do you build a functional autonomous drone for aerial photography?,hard
Can you invent a new method for converting organic waste into biofuel?,hard
How do you create a visually appealing website layout for a travel blog?,hard
What steps are involved in composing an evocative piece of abstract art?,hard
How can you generate original concepts for an eco-friendly fashion line?,hard
How do you derive the equation for calculating the gravitational potential energy of an object?,hard
What adjustments would you make to a finance app to enhance security?,hard
How would you develop a new software tool for project scheduling and resource allocation?,hard
Can you integrate data analytics into an energy management system?,hard
How do you design a sustainable urban garden that promotes community engagement?,hard
What research questions would you formulate for an education study on student motivation?,hard
How do you build a structurally resilient cantilever bridge?,hard
Can you invent a new method for harnessing geothermal energy for heating and cooling?,hard
How do you create a captivating visual design for a gaming website?,hard
What steps are involved in composing a powerful piece of spoken word performance?,hard
How can you generate innovative ideas for a tech startup's branding strategy?,hard
How do you derive the equation for calculating the electric current in a circuit?,hard
What modifications would you make to a navigation app to provide real-time traffic updates?,hard
How would you develop a new software application for language translation and cultural understanding?,hard
Can you integrate machine learning algorithms into a healthcare diagnosis platform?,hard
How do you design an environmentally conscious public building for a community center?,hard
What hypotheses would you formulate for a psychology experiment on memory retention?,hard
How do you build a functional humanoid robot for assistance in healthcare settings?,hard
Can you invent a new method for utilizing kinetic energy from moving vehicles?,hard
How do you create an engaging website design for an online bookstore?,hard
What steps are involved in composing an emotionally evocative film script?,hard
How can you generate fresh concepts for an eco-friendly home decor line?,hard
How do you derive the equation for calculating the torque applied to an object?,hard
What adjustments would you make to a weather app to enhance user experience?,hard
How would you develop a new software platform for remote team communication?,hard
Can you integrate artificial intelligence into a customer support chat system?,hard
How do you design an energy-efficient transportation system for a metropolitan area?,hard
What research questions would you formulate for a sociology study on social media interaction?,hard
How can you use old marketing strategies to create new ones for a changing market?,hard
What parts can you combine to make a new and innovative product?,hard
How do you generalize from given data to uncover trends?,hard
Can you relate knowledge from psychology and economics to understand consumer behavior?,hard
How can you predict the outcome of a social trend based on historical patterns?,hard
How might old architectural styles be combined to create a novel building design?,hard
Can you generalize from historical stock market data to predict future trends?,hard
How can you relate knowledge from biology and chemistry to understand a complex reaction?,hard
How could old storytelling techniques be combined to create a unique narrative structure?,hard
Can you generalize from demographic data to predict future population growth?,hard
How can you use knowledge from psychology and design to create user-friendly interfaces?,hard
How might old cooking methods be combined to create innovative fusion cuisine?,hard
Can you generalize from economic indicators to predict the state of a country's economy?,hard
How can you relate knowledge from history and literature to understand a cultural phenomenon?,hard
How could old fashion trends be combined to create a fresh and modern style?,hard
Can you generalize from weather patterns to predict future climate changes?,hard
How can you use knowledge from physics and engineering to design a new transportation system?,hard
How might old musical genres be combined to create a unique and captivating sound?,hard
Can you generalize from consumer preferences to predict upcoming market demands?,hard
How can you relate knowledge from sociology and anthropology to understand societal norms?,hard
How could old educational methods be combined to create an effective learning approach?,hard
Can you generalize from demographic trends to predict the future job market?,hard
How can you use knowledge from neuroscience and technology to develop new gadgets?,hard
How might old architectural materials be combined to create sustainable structures?,hard
Can you generalize from historical geopolitical events to predict global trends?,hard
How can you relate knowledge from art history and psychology to understand artistic expression?,hard
How could old storytelling techniques be combined to create a novel writing style?,hard
Can you generalize from past educational outcomes to predict future learning trends?,hard
How can you use knowledge from biology and engineering to create innovative medical devices?,hard
How might old business models be combined to create a new and efficient approach?,hard
Can you generalize from past technological advancements to predict future innovations?,hard
How can you relate knowledge from anthropology and sociology to understand cultural dynamics?,hard
How could old artistic mediums be combined to create contemporary mixed media art?,hard
Can you generalize from historical economic cycles to predict future market behavior?,hard
How can you use knowledge from chemistry and materials science to invent new materials?,hard
How might old gardening techniques be combined to create a sustainable urban garden?,hard
Can you generalize from historical political shifts to predict future geopolitical trends?,hard
How can you relate knowledge from economics and psychology to understand consumer choices?,hard
How could old communication methods be combined to create effective modern messaging?,hard
Can you generalize from historical architectural styles to predict future urban designs?,hard
How can you use knowledge from computer science and biology to develop innovative tools?,hard
How might old culinary traditions be combined to create a contemporary fusion dish?,hard
Can you generalize from historical climate data to predict future climate patterns?,hard
How can you relate knowledge from literature and psychology to understand character motivation?,hard
How could old transportation methods be combined to create a sustainable urban mobility solution?,hard
Can you generalize from historical technological shifts to predict future advancements?,hard
How can you use knowledge from neuroscience and education to create effective learning techniques?,hard
How might old architectural elements be combined to create a modern building design?,hard
Can you generalize from historical fashion cycles to predict future style trends?,hard
How can you relate knowledge from history and political science to understand governance?,hard
How could old artistic movements be combined to create a contemporary art movement?,hard
Can you generalize from historical urban planning to predict future city layouts?,hard
How can you use knowledge from sociology and technology to design innovative social platforms?,hard
How might old musical instruments be combined to create a new and unique sound?,hard
Can you generalize from historical demographic shifts to predict future population dynamics?,hard
How can you relate knowledge from anthropology and psychology to understand cultural behavior?,hard
How could old architectural principles be combined to create sustainable urban spaces?,hard
Can you generalize from historical artistic movements to predict future art trends?,hard
How can you use knowledge from economics and environmental science to develop sustainable solutions?,hard
How might old culinary techniques be combined to create an innovative gastronomic experience?,hard
Can you generalize from historical communication methods to predict future trends in interaction?,hard
How can you relate knowledge from psychology and neuroscience to understand human cognition?,hard
How could old design aesthetics be combined to create a fresh visual identity?,hard
Can you generalize from historical educational systems to predict future learning methodologies?,hard
How can you use knowledge from chemistry and engineering to develop novel materials?,hard
How might old marketing strategies be combined to create a modern integrated approach?,hard
Can you generalize from historical urban planning to predict future trends in city development?,hard
How can you relate knowledge from anthropology and sociology to understand societal shifts?,hard
How could old artistic techniques be combined to create innovative contemporary art?,hard
Can you generalize from historical technological innovations to predict future breakthroughs?,hard
How can you use knowledge from neuroscience and design to create user-centered products?,hard
How might old storytelling methods be combined to create a novel narrative structure?,hard
Can you generalize from historical economic cycles to predict future financial trends?,hard
How can you relate knowledge from history and psychology to understand cultural influences?,hard
How could old architectural styles be combined to create sustainable modern buildings?,hard
Can you generalize from historical fashion trends to predict future style evolutions?,hard
Propose strategies for optimizing the performance of web servers handling millions of concurrent requests and evaluate their impact on user experience.,medium
"Evaluate the effectiveness of different intrusion detection systems (IDS) in identifying and mitigating network attacks (e.g., DDoS, SQL injection, malware).",medium
Debate the ethical implications of using facial recognition technology for surveillance and law enforcement.,hard
Solve a complex control problem using model predictive control techniques and evaluate the performance in dynamic environments.,medium
"Distinguish between network address translation (NAT) and port address translation (PAT), discussing their respective roles in conserving IP addresses and enhancing network security.",medium
Propose a new strategy for integrating green infrastructure elements such as rain gardens and bioswales into urban drainage systems to manage stormwater runoff and reduce flood risk.,hard
Evaluate the effectiveness of using machine learning algorithms for predicting traffic patterns and optimizing transportation infrastructure.,medium
Propose and evaluate innovative strategies for mitigating algorithmic bias in recommender systems.,medium
"Compare the various programming paradigms (e.g., procedural, object-oriented, functional) in terms of their approach to problem-solving and code organization.",easy
"Explain the concept of cross-validation in machine learning, discussing its role in evaluating model performance and tuning hyperparameters.",easy
Formulate an algorithm for optimizing spectrum allocation in cognitive radio networks to improve spectrum efficiency and mitigate interference.,hard
Evaluate the ethical implications of using facial recognition technology for law enforcement and surveillance purposes.,medium
"Discuss the principles of material selection in engineering design, explaining factors such as cost, availability, and environmental impact.",easy
Devise a system for automatically detecting and mitigating algorithmic bias in machine learning models used for automated decision-making in hiring processes.,hard
Describe the significance of ARP (Address Resolution Protocol) poisoning in network attacks?,easy
You are tasked with designing a stormwater management system for a new residential development. Describe how you would apply hydrological modeling techniques and green infrastructure solutions to mitigate runoff and prevent flooding in the community.,medium
"Compare the different cloud service models (IaaS, PaaS, SaaS) and deployment models (public cloud, private cloud, hybrid cloud), discussing their benefits and limitations.",easy
"As an optical network engineer, you are deploying a passive optical network (PON) for delivering broadband services to residential customers. Explain how you would apply wavelength division multiplexing (WDM-PON) and time division multiplexing (TDM-PON) techniques to optimize bandwidth sharing and network scalability.",medium
"Explain the concept of structural analysis, discussing methods such as the force method and the displacement method.",easy
Solve a complex optimization problem related to resource allocation in cloud computing and evaluate the performance of different allocation strategies.,medium
Design a novel prefabricated modular construction system for rapid deployment of affordable housing in disaster-prone regions.,hard
Devise a new technique for unsupervised domain adaptation in machine learning models to improve model generalization across different target domains.,hard
Critique the reliability of handover mechanisms in cellular networks for maintaining seamless connectivity during mobility.,hard
Propose a solution for integrating artificial intelligence and machine learning algorithms into healthcare systems for predictive diagnosis and personalized treatment.,hard
State the output of a given code snippet utilizing function pointers in C?,easy
Propose a solution for integrating millimeter-wave communication technology into 5G networks to enable high-speed and low-latency wireless connectivity.,hard
Identify the differences between synchronous and asynchronous communication protocols?,easy
Critically analyze the challenges and opportunities of implementing Industry 4.0 technologies in manufacturing processes.,medium
Debate the ethical considerations of using autonomous robots for disaster response and recovery operations.,hard
Recognize the syntax for defining a steel connection detail?,easy
Critically evaluate the advantages and disadvantages of using microservices architecture over monolithic architecture for large-scale web applications.,medium
"Create a resilient infrastructure resilience plan for a coastal city facing increasing risks from climate change, including sea level rise, storm surges, and extreme weather events.",hard
"Evaluate the impact of different noise sources (e.g., thermal noise, shot noise, quantization noise) on the performance of communication systems.",medium
Propose a novel approach for integrating blockchain technology into supply chain management systems to enhance transparency and traceability.,hard
"Suppose you're assessing the stability of an earth dam against seepage and slope instability. Describe how you would conduct seepage analysis, slope stability analysis, and risk assessment to mitigate potential failure modes.",easy
Debate the ethical implications of data mining techniques in online advertising for user privacy and autonomy.,hard
"Evaluate the efficiency of different braking systems (e.g., disc brakes, drum brakes, regenerative brakes) in terms of stopping distance and thermal dissipation.",medium
Tabulate the differences between a Smith chart and a polar plot in RF engineering?,easy
Assess the efficiency of waste heat recovery systems in improving the overall efficiency of industrial processes.,hard
Design a next-generation prosthetic limb with advanced sensors and actuators for enhanced mobility and natural movement.,hard
"Contrast the benefits and limitations of using a centralized versus distributed version control system (e.g., Git, SVN) for collaborative software development projects.",medium
Recall the characteristics of a fluid coupling in power transmission?,easy
"Compare the different types of wireless authentication methods (e.g., WPA2, WPA3, 802.1X) in terms of their security features.",easy
Tabulate the differences between a heap and a stack in memory allocation?,easy
Compare and contrast the advantages and disadvantages of using a monolithic architecture versus a microservices architecture for web application development.,medium
Retell the steps to implement a finite impulse response (FIR) filter using windowing techniques?,easy
"You are designing a green building certification system for promoting sustainable building practices and reducing environmental impacts in the construction industry. Create a certification framework that evaluates building performance across various sustainability criteria such as energy efficiency, water conservation, materials selection, indoor air quality, and site development, incorporating life cycle assessment, green building standards, and stakeholder engagement for holistic building sustainability assessment and certification.",hard
"Create a new design concept for a sustainable urban transportation system that integrates public transit, cycling infrastructure, and pedestrian-friendly urban spaces.",hard
"Discuss the principles of thermodynamics, explaining laws such as the first law of thermodynamics and the second law of thermodynamics.",easy
"A data analytics company is considering the use of federated learning techniques for collaborative model training across distributed data sources. Evaluate the privacy implications of federated learning compared to centralized model training approaches, including data privacy, model security, and regulatory compliance. Recommend privacy-preserving techniques and governance frameworks to ensure data protection in federated learning environments.",hard
Develop a new algorithm for optimizing spectrum allocation in cognitive radio networks to maximize spectrum utilization while minimizing interference.,hard
Formulate a strategy for implementing resilient building codes and standards in earthquake-prone regions to enhance structural safety and minimize damage.,hard
"Compare the efficiency of different fluid power systems (e.g., hydraulic systems, pneumatic systems, electro-hydraulic systems) in transmitting and controlling mechanical power.",medium
"A financial analytics firm is assessing the risk management capabilities of credit scoring models for loan approval decisions. Critically analyze the credit risk factors and scoring methodologies used in credit scoring algorithms, including credit history, income stability, and debt-to-income ratio. Recommend model validation techniques and stress testing scenarios to assess credit portfolio risk and ensure regulatory compliance in lending operations.",hard
Plan a distributed computing framework for processing large-scale scientific datasets across multiple heterogeneous computing nodes.,hard
"Evaluate the scalability of different data preprocessing techniques (e.g., normalization, feature scaling, dimensionality reduction) in preparing data for machine learning models.",medium
"You are tasked with designing a user-friendly mobile application for remote healthcare monitoring. Create wireframes and prototypes for the mobile app, incorporating features such as real-time health data monitoring, medication reminders, virtual consultations with healthcare providers, and emergency alert systems for timely intervention.",hard
"Imagine you're configuring a digital subscriber line (DSL) network for broadband internet service. Explain how you would perform line qualification, provision DSLAMs, and optimize DSL profiles to maximize data rates and minimize latency.",easy
Propose a novel method for incorporating recycled materials into concrete mixtures to improve the sustainability of construction projects.,hard
Retell the steps to perform a slump test for concrete workability?,easy
Critically analyze the challenges and opportunities of implementing Internet of Things (IoT) technologies in smart home environments.,medium
"Discuss the principles of biometric authentication systems, explaining their reliability and privacy concerns.",easy
Debate the ethical considerations of using humanoid robots in customer service and hospitality industries.,hard
Propose a novel method for improving the efficiency and reliability of communication over underwater acoustic channels for oceanographic research.,hard
"Your company is implementing a bring-your-own-device (BYOD) policy for employees, allowing them to use personal devices for work purposes. Analyze the security risks associated with BYOD and compare the features of mobile device management (MDM) solutions such as MobileIron versus VMware Workspace ONE for enforcing security policies on employee devices.",medium
"Explain the concept of multithreading and its advantages in concurrent programming, illustrating with a practical example.",easy
phase-locked loops (PLL)?,easy
"Discuss the principles of digital-to-analog conversion (DAC) and analog-to-digital conversion (ADC), explaining their implementations and performance parameters.",easy
"Interpret the concept of concrete mix design and its components, discussing factors such as strength, workability, and durability.",easy
"Interpret the concept of probabilistic graphical models, discussing their use for representing and reasoning under uncertainty.",easy
"Contrast the principles of generative and discriminative models in machine learning, discussing their applications in data generation and classification tasks.",medium
Debate the ethical considerations of using autonomous robots in elder care and healthcare assistance.,hard
"Interpret the concept of digital signatures in cryptography, discussing their role in ensuring data integrity and authenticity.",easy
Recognize the purpose of a DNSSEC (Domain Name System Security Extensions) in network security?,easy
"Interpret the concept of thermodynamic cycles in power plants, discussing cycles such as Rankine cycle and Brayton cycle.",easy
Evaluate the effectiveness of using machine learning algorithms for spectrum sensing in cognitive radio networks.,medium
Analyze the ethical dilemmas associated with the development and deployment of autonomous vehicles in transportation systems.,medium
"Explain the concept of fatigue failure in mechanical components, discussing factors such as stress concentration, cyclic loading, and material properties.",easy
Imagine you're managing a data center for a web hosting company. Describe the network segmentation and access control measures you would implement to isolate customer environments and prevent unauthorized access.,easy
"Discuss the principles of adversarial machine learning, explaining techniques for generating adversarial examples and defending against them.",easy
Propose a framework for implementing reinforcement learning algorithms in robotics for autonomous navigation and manipulation tasks in unstructured environments.,hard
Evaluate the reliability and fault tolerance of different RAID (Redundant Array of Independent Disks) configurations for data storage in enterprise environments.,medium
"You are designing a data governance framework for a healthcare organization to ensure compliance with regulatory requirements and protect patient data privacy. Create a data governance framework that encompasses data classification, access controls, data retention policies, and data quality management processes to ensure the integrity, confidentiality, and availability of healthcare data.",hard
Devise a method for enhancing the reliability of communication links in deep-space missions through advanced error correction coding and modulation schemes.,hard
"Discuss the principles of time synchronization in communication networks, explaining techniques for clock distribution and accuracy.",easy
"Consider you're optimizing the performance of a relational database management system (RDBMS) for a high-traffic website. Explain how you would use indexing, query optimization, and caching techniques to improve database responsiveness.",easy
"Explain the concept of hydrostatic pressure and its calculation in fluid systems, discussing its role in hydraulic engineering.",easy
"Explain the concept of multipath propagation in wireless communication, discussing its impact on signal reception and diversity techniques.",easy
Compare the different types of construction methods in terms of their efficiency and quality control.,easy
Propose and evaluate innovative solutions for improving the efficiency of spectrum utilization in wireless networks.,medium
Design a framework for implementing federated learning techniques in healthcare systems to enable collaborative model training without sharing sensitive data.,hard
"Design a resilient infrastructure plan for coastal cities facing the increasing threat of sea level rise, storm surges, and extreme weather events.",hard
"Evaluate the impact of different manufacturing tolerances (e.g., dimensional tolerance, geometric tolerance, surface roughness) on part quality and assembly fit.",medium
"A transportation logistics company is evaluating the efficiency of route optimization algorithms for fleet management and delivery scheduling. Evaluate the optimization criteria and constraints used in vehicle routing algorithms, including travel distance, vehicle capacity, and time windows. Recommend heuristic optimization techniques and metaheuristic algorithms to minimize transportation costs and improve delivery efficiency.",hard
Propose and justify strategies for optimizing the efficiency of traffic signal timing in urban intersections.,medium
Design a new framework for ensuring data sovereignty and compliance with regulatory requirements in cross-border data transfer scenarios.,hard
Compare the various types of water distribution systems in terms of their efficiency and reliability.,easy
Suppose you are deploying a cloud-based file storage solution for a multinational corporation. Describe how you would apply access control policies and identity management systems to enforce data privacy and regulatory compliance.,medium
Solve a complex optimization problem related to data compression techniques and evaluate the trade-offs between compression ratio and computational complexity.,medium
"Compare the various types of malware (e.g., viruses, worms, Trojans) in terms of their propagation methods and malicious payloads.",easy
Judge the effectiveness of interference mitigation techniques in improving the quality of service (QoS) in wireless communication networks.,hard
A manufacturing company is deploying predictive maintenance algorithms for monitoring equipment health and reducing downtime. Analyze the challenges and solutions for integrating sensor data from IoT devices with machine learning models for predictive maintenance in industrial settings.,medium
"Assess the reliability of a distributed consensus algorithm (e.g., Paxos, Raft) for achieving fault tolerance in distributed systems.",hard
You are developing a sustainable packaging solution for a consumer product company. Discuss how you would apply life cycle assessment (LCA) methodology and environmental impact analysis to evaluate the eco-friendliness of different packaging materials and manufacturing processes.,medium
Compare the various types of road pavements in terms of their structural behavior and performance under traffic loads.,easy
"As a data scientist, you are analyzing customer churn for a subscription-based service. Explain how you would apply predictive modeling techniques such as logistic regression or random forests to forecast and mitigate customer attrition.",medium
Devise a system for automatically detecting and mitigating insider threats in organizational networks using behavior analysis and anomaly detection techniques.,hard
Judge the effectiveness of advanced propulsion systems in improving fuel efficiency and reducing emissions in marine vessels.,hard
Evaluate the effectiveness of using biometric authentication systems for access control in secure facilities and analyze potential vulnerabilities.,medium
Recognize the syntax for defining a macro in C language?,easy
Devise a system for automatically generating synthetic training data for computer vision tasks such as object detection and image segmentation.,hard
Judge the scalability of a cloud computing infrastructure for handling variable workloads and peak demand scenarios.,hard
"Compare the features and performance of different software version control systems (e.g., Git, SVN, Mercurial) in managing code repositories and facilitating collaboration.",medium
Formulate an algorithm for optimizing routing decisions in software-defined networking (SDN) based on real-time network conditions and traffic patterns.,hard
Recall the syntax for setting up port forwarding on a router?,easy
"Compare the interpretability of different machine learning models (e.g., decision trees, support vector machines, neural networks) in explaining model predictions to stakeholders.",medium
"Recall the function of the ""super"" keyword in Java inheritance?",easy
"Compare the computational complexity of different sorting algorithms (e.g., quicksort, mergesort, heapsort) in terms of time and space requirements.",medium
"Evaluate the effectiveness of different slope stabilization methods (e.g., retaining walls, soil nails, vegetation) in preventing soil erosion and landslides.",medium
Formulate an algorithm for optimizing the deployment of small cells in 5G networks to improve coverage and capacity in urban environments.,hard
Formulate an algorithm for automatically generating synthetic training data to augment limited datasets for training deep learning models.,hard
"Compare the architectural differences between a monolithic frontend application and a single-page application (SPA), considering factors such as user experience and development complexity.",medium
a cantilever and a simply supported beam in structural systems?,easy
"Discuss the principles of cloud computing, explaining concepts such as virtualization, elasticity, and service models (IaaS, PaaS, SaaS).",easy
Judge the effectiveness of a multi-factor authentication (MFA) system in protecting user accounts from unauthorized access.,hard
Recognize the syntax for setting up QoS (Quality of Service) on a router for prioritizing VoIP traffic?,easy
Assess the scalability of AI-driven anomaly detection systems in cybersecurity.,hard
"You are developing a natural language processing (NLP) model for sentiment analysis of customer reviews in e-commerce platforms. Create a sentiment analysis pipeline that preprocesses text data, extracts features, and trains a machine learning classifier to classify reviews into positive, negative, or neutral sentiments, incorporating techniques such as word embeddings, attention mechanisms, and model ensemble for accurate sentiment prediction.",hard
Solve a hypothetical scenario involving failure analysis of a structural component in a high-rise building and propose strategies for reinforcement.,medium
"Your company is developing a waste management plan for a construction project to minimize environmental impacts and comply with regulatory requirements. Compare the waste reduction strategies (e.g., source reduction, recycling, waste-to-energy conversion) and recommend measures for optimizing waste management practices and reducing construction waste generation.",medium
Devise a system for automatically detecting and mitigating jamming attacks in wireless sensor networks deployed in hostile environments.,hard
Debate the ethical considerations of using data analytics for personalized pricing strategies and dynamic tariffing in telecommunications services.,hard
Assess the scalability of deep reinforcement learning algorithms for solving complex control tasks.,hard
Examine the purpose of a water treatment plant in civil engineering infrastructure?,easy
Suppose you are conducting failure analysis on a mechanical component that experienced fatigue failure. Discuss how you would apply fracture mechanics concepts and stress analysis techniques to identify the root cause of failure and prevent future incidents.,medium
"Distinguish between laminar and turbulent flow regimes in fluid dynamics, discussing their respective effects on heat transfer and pressure drop in pipes.",medium
Examine the purpose of gradient clipping in recurrent neural networks?,easy
"Imagine you're designing a heat exchanger for a chemical processing plant. Describe how you would calculate heat transfer coefficients, pressure drops, and surface areas to optimize heat exchange efficiency and fluid flow rates.",easy
Evaluate the potential risks and benefits of using biometric authentication systems for access control in sensitive environments.,medium
Compare and contrast different methods for secure authentication in wireless communication systems and analyze their vulnerabilities.,medium
"Match the correct sorting algorithm to its worst-case time complexity (e.g., Quick Sort - O(n^2))?",easy
Imagine a new programming language tailored specifically for artificial intelligence applications. Describe its key features and syntax.,hard
Plan a disaster recovery strategy for ensuring business continuity in the event of a widespread cyberattack or natural disaster affecting critical infrastructure.,hard
Compare the advantages and disadvantages of using a relational database schema versus a schema-less approach in database design.,medium
Debate the ethical implications of using artificial intelligence algorithms for automated decision-making in healthcare diagnostics.,hard
"A coastal city is experiencing increased coastal erosion due to rising sea levels and storm surges. Analyze the coastal protection measures (e.g., seawalls, beach nourishment, offshore breakwaters) and recommend strategies for shoreline stabilization and coastal flood risk management.",medium
"Discuss the principles of network security protocols (e.g., SSL/TLS, IPsec, SSH), explaining their roles in securing data communication.",easy
Imagine you're planning the architecture for a cloud-based video streaming service. Explain how you would leverage content delivery networks (CDNs) and edge computing to minimize latency and ensure smooth playback for users worldwide.,easy
Consider you're designing a user interface (UI) for a mobile application. Describe the principles of responsive design and user experience (UX) optimization you would apply to ensure compatibility across different devices and screen sizes.,easy
"Evaluate the scalability of various cloud computing service models (e.g., IaaS, PaaS, SaaS) for enterprise applications.",medium
Recall the differences between pass-by-value and pass-by-reference in function arguments?,easy
Debate the ethical implications of using autonomous drones for agricultural spraying and crop monitoring.,hard
Invent a method for automatically detecting and mitigating algorithmic bias in machine learning models using fairness-aware learning algorithms.,hard
"Compare the various cloud storage services (e.g., Amazon S3, Google Cloud Storage, Microsoft Azure Blob Storage) in terms of their features and pricing models.",easy
Debate the ethical implications of using 3D printing technology for rapid prototyping and construction in civil engineering.,hard
Formulate an algorithm for optimizing the placement of access points in Wi-Fi networks to maximize coverage and minimize interference.,hard
Invent a method for securely sharing and collaborating on sensitive documents among distributed teams using encryption and access control mechanisms.,hard
"Compare the performance of different combustion processes (e.g., spark ignition, compression ignition, diesel cycle) in internal combustion engines.",medium
Criticize the effectiveness of smart city technologies in improving urban resilience and sustainability.,hard
"Evaluate the performance of different modulation schemes (e.g., ASK, FSK, PSK) in terms of spectral efficiency and noise immunity.",medium
"A social media platform is facing public scrutiny for its content moderation practices and handling of hate speech. Evaluate the platform's current content moderation algorithms and policies, including automated filtering, user reporting mechanisms, and community guidelines enforcement. Propose improvements to address concerns related to censorship, free speech, and user safety.",hard
Imagine you are overseeing the construction of a bridge over a river with varying water levels throughout the year. Discuss how you would apply hydraulic engineering principles and scour analysis methods to design bridge foundations that can withstand erosive forces and maintain structural integrity.,medium
"Consider you're optimizing the design of a centrifugal pump for water supply applications. Explain how you would perform performance mapping, impeller trimming, and casing redesign to improve pump efficiency and reliability.",easy
"Contrast the benefits and limitations of using a cloud-based email service (e.g., Gmail, Outlook.com) versus an on-premises email server for business communication.",medium
"Evaluate the performance overhead of different garbage collection algorithms (e.g., mark-and-sweep, reference counting, generational) in managing memory resources.",medium
"You are designing a natural language processing (NLP) chatbot for customer support in an e-commerce platform. Create a conversational flowchart and dialog tree for the chatbot, including intents, entities, and responses for handling customer inquiries, resolving issues, and providing personalized assistance throughout the customer journey.",hard
Propose and evaluate innovative solutions for improving the aerodynamic performance of aircraft wings.,medium
"A renewable energy company is evaluating the efficiency of smart grid technology for optimizing energy distribution and consumption. Critically analyze the performance of smart grid algorithms, including demand response, energy forecasting, and distributed energy resource management. Recommend optimization strategies to minimize energy losses and maximize renewable energy integration in the grid.",hard
Debate the ethical considerations of using facial recognition technology in public transportation systems for passenger identification.,hard
"Imagine you're implementing a business intelligence (BI) solution for a retail chain. Explain how you would use data visualization tools and dashboards to analyze sales trends, customer demographics, and inventory turnover.",easy
Contrast the advantages and limitations of using a RESTful API versus a GraphQL API for client-server communication in web development.,medium
Tabulate the differences between a hardware and a software firewall?,easy
"Compare the efficiency of different wastewater treatment technologies (e.g., activated sludge process, trickling filter, membrane bioreactor) in removing contaminants from sewage.",medium
"Debate the ethical implications of using biometric authentication methods (e.g., fingerprint, iris scan) for access control in telecommunications.",hard
"Discuss the principles of phase-locked loops (PLLs), explaining their applications in frequency synthesis and clock recovery.",easy
Compare and contrast different construction materials for sustainable building design and analyze their environmental impact.,medium
Imagine you are conducting a geotechnical investigation for a proposed high-rise building project on a site with challenging soil conditions. Discuss how you would apply soil mechanics principles and foundation design methods to assess soil stability and select suitable foundation types to support the structure.,medium
Assess the reliability of a data anonymization technique in protecting personally identifiable information (PII) in healthcare datasets.,hard
"Discuss the principles of refrigeration cycles, explaining components such as compressors, condensers, and evaporators.",easy
"A renewable energy company is assessing the environmental impact of concentrated solar power (CSP) systems for solar energy generation. Evaluate the life cycle assessments (LCAs) of CSP technologies, including land use, water consumption, and greenhouse gas emissions. Propose sustainable CSP plant designs and site selection criteria to minimize environmental footprint and promote renewable energy adoption.",hard
"Contrast the characteristics of wired and wireless communication systems, discussing their respective advantages in different scenarios.",medium
"Discuss the principles of forward error correction (FEC) codes, explaining their mechanisms for detecting and correcting errors in transmitted data.",easy
Invent a new approach for federated learning that ensures privacy-preserving collaborative model training across multiple organizations without sharing raw data.,hard
"Evaluate the reliability of different time series forecasting methods (e.g., ARIMA, LSTM, Prophet) in predicting future trends and patterns in sequential data.",medium
Devise a system for automatically detecting and mitigating electromagnetic interference (EMI) in electronic devices and communication systems.,hard
"Consider you're optimizing the aerodynamic design of an aircraft wing. Describe how you would perform computational fluid dynamics (CFD) simulations to analyze airflow patterns, lift coefficients, and drag forces for different wing configurations.",easy
Examine the syntax of a lambda function in Python?,easy
Solve a hypothetical scenario involving failure analysis of a dam structure and propose strategies for remediation and risk reduction.,medium
Assess the feasibility of using nanocomposites for enhancing the mechanical properties of engineering materials.,hard
"A coastal engineering firm is assessing the erosion control measures for shoreline protection against sea level rise and coastal hazards. Critically analyze the effectiveness of shoreline stabilization techniques, including seawalls, beach nourishment, and dune restoration. Recommend coastal management strategies and adaptation measures to mitigate erosion impacts and enhance coastal resilience.",hard
Judge the effectiveness of a machine learning model for sentiment analysis based on its accuracy and generalization performance.,hard
Criticize the transparency of algorithmic decision-making processes in automated hiring systems.,hard
"Evaluate the sustainability of different water supply sources (e.g., surface water, groundwater, rainwater harvesting) in meeting urban water demand while preserving water resources.",medium
Judge the effectiveness of transfer learning techniques in leveraging pre-trained models for new tasks.,hard
Critically evaluate the advantages and disadvantages of using regenerative braking systems in electric vehicles.,medium
"Explain the concept of blockchain technology, discussing its applications beyond cryptocurrency, such as supply chain management and smart contracts.",easy
Solve a hypothetical scenario involving failure analysis of a wind turbine blade and propose strategies for enhancing reliability.,medium
Assess the scalability of a network function virtualization (NFV) platform for deploying and managing virtual network functions (VNFs).,hard
"Discuss the principles of centrifugal pumps, explaining their working principles and performance characteristics.",easy
Analyze the trade-offs between using rule-based systems and machine learning approaches for decision-making in expert systems.,medium
"Propose a framework for federated learning in edge computing environments, allowing devices to collaboratively train a shared model while preserving privacy.",hard
"Compare the different types of modulation schemes (e.g., AM, FM, PM) in terms of their bandwidth efficiency and susceptibility to noise.",easy
Critique the usability of a mobile application interface and propose improvements based on user feedback and ergonomic principles.,hard
Assess the fairness and transparency of AI-powered credit scoring systems.,hard
Analyze the ethical considerations surrounding the collection and use of personal data by wearable devices and IoT sensors.,medium
"Contrast the features and performance of different recommendation systems (e.g., collaborative filtering, content-based filtering, matrix factorization) in personalized recommendation tasks.",medium
Reproduce the steps to configure a GRE (Generic Routing Encapsulation) tunnel on a router?,easy
Solve a complex optimization problem involving route planning for urban transportation systems and evaluate the efficiency of different routing algorithms.,medium
Judge the efficiency of a geothermal heat pump system in providing sustainable heating and cooling for buildings.,hard
"Evaluate the reliability of different network monitoring tools (e.g., Nagios, Zabbix, Wireshark) in detecting and troubleshooting network performance issues.",medium
Imagine you are developing a web application for a food delivery service. Explain how you would apply RESTful API principles to design the backend architecture for handling customer orders and delivery tracking.,medium
"A software development team is evaluating the adoption of DevOps practices for streamlining the software delivery pipeline. Evaluate the benefits and challenges of implementing DevOps, including automation, collaboration, and continuous integration/continuous deployment (CI/CD) processes. Recommend organizational changes and tooling solutions to facilitate DevOps adoption and improve software delivery efficiency.",hard
"Invent a data structure optimized for storing and retrieving hierarchical data in a web application, considering both memory and time complexity.",hard
"Compare the various types of transmission lines (e.g., coaxial, microstrip, waveguide) in terms of their impedance and propagation characteristics.",easy
"An autonomous vehicle manufacturer is evaluating the safety and reliability of self-driving car technology for commercial deployment. Evaluate the current state-of-the-art in autonomous driving systems, including sensor technologies, perception algorithms, and decision-making models. Recommend validation and testing methodologies to assess the safety and reliability of autonomous vehicles in real-world scenarios.",hard
Plan a disaster recovery strategy for restoring communication networks in the aftermath of natural disasters such as earthquakes or hurricanes.,hard
"As a cybersecurity specialist, you are conducting a vulnerability assessment for an e-commerce website. Describe how you would apply vulnerability scanning tools and penetration testing techniques to identify and remediate security weaknesses.",medium
"Interpret the concept of strain energy and its significance in mechanical design, discussing its relationship with material properties and deformation.",easy
Assess the efficiency of regenerative braking systems in hybrid electric vehicles for energy recovery.,hard
Debate the ethical implications of using artificial intelligence algorithms for automated decision-making in sensitive domains like healthcare or criminal justice.,hard
Invent a solution for securely sharing and collaborating on sensitive documents among distributed teams using encryption and access control mechanisms.,hard
Criticize the robustness of a natural language processing (NLP) model for sentiment analysis in handling sarcasm and irony.,hard
Compare the various types of retaining structures in terms of their stability and construction cost.,easy
Propose a framework for optimizing the design of offshore wind turbine blades to maximize energy capture and withstand harsh environmental conditions.,hard
Design a compact and efficient heat exchanger for use in automotive cooling systems to improve engine performance and fuel efficiency.,hard
Plan a system for implementing predictive maintenance in heavy machinery used in mining operations to minimize downtime and repair costs.,hard
Judge the effectiveness of data anonymization techniques in preserving privacy while maintaining data utility.,hard
Debate the ethical considerations of using unmanned aerial vehicles (UAVs) for wildlife monitoring and conservation.,hard
Judge the effectiveness of traffic management strategies in reducing congestion and improving mobility in urban areas.,hard
"Evaluate the efficiency of various data structures (e.g., arrays, linked lists, trees) in terms of memory usage and access time for different operations.",medium
"Evaluate the effectiveness of different natural language processing (NLP) techniques (e.g., tokenization, named entity recognition, sentiment analysis) in text classification tasks.",medium
"Evaluate the structural behavior of different bridge types (e.g., arch bridge, suspension bridge, cable-stayed bridge) under various loading conditions and environmental factors.",medium
Critically evaluate the advantages and disadvantages of using Building Information Modeling (BIM) for project coordination and management.,medium
Invent a new framework for automatic machine learning (AutoML) that optimizes both model selection and hyperparameter tuning for various machine learning tasks.,hard
Recognize the syntax for setting up NAT (Network Address Translation) on a router?,easy
Interpret the concept of mechanical resonance and its implications for vibration analysis and control.,easy
"Explain the concept of steel design, discussing topics such as tension members, compression members, and connections.",easy
You are responsible for implementing a disaster recovery plan for your organization's IT infrastructure. Analyze the differences between using synchronous replication and asynchronous replication for data backup and recovery in case of system failures.,medium
Criticize the effectiveness of noise barriers in mitigating traffic noise pollution near residential areas.,hard
Identify the differences between TCP/IP and OSI models in terms of their layer representations?,easy
"Contrast the characteristics of different manufacturing processes (e.g., casting, machining, additive manufacturing) in terms of material removal rate and surface finish quality.",medium
Critically analyze the challenges and opportunities of implementing natural language processing techniques for sentiment analysis.,medium
Design a satellite constellation system for providing global broadband coverage and low-latency communication services to remote areas and maritime vessels.,hard
A financial institution is implementing a fraud detection system for identifying suspicious transactions in real-time. Analyze the differences between using rule-based fraud detection algorithms and machine learning-based anomaly detection models for fraud detection and prevention.,medium
Analyze the ethical considerations surrounding the use of public-private partnerships for financing infrastructure projects.,medium
Criticize the fairness and transparency of traffic management policies implemented by internet service providers (ISPs) for bandwidth allocation.,hard
Describe the process of clock recovery in digital communication systems?,easy
Formulate a new algorithm for detecting and mitigating bias in machine learning models to ensure fairness and equity in algorithmic decision-making.,hard
List the advantages of using transfer learning in deep neural networks?,easy
Devise a framework for evaluating the interpretability and trustworthiness of machine learning models in critical decision-making applications.,hard
"Compare the characteristics of synchronous and asynchronous communication protocols (e.g., UART, SPI, I2C) in terms of data transfer rate and synchronization requirements.",medium
Analyze the impact of urbanization on water resources and propose sustainable water management strategies.,medium
Critically analyze the challenges and opportunities of implementing quantum computing technologies in traditional computing environments.,medium
"Distinguish between static and dynamic polymorphism in object-oriented programming languages, providing examples of each.",medium
Solve a hypothetical scenario involving failure analysis of a pressure vessel and propose strategies for enhancing safety.,medium
You are setting up a secure Wi-Fi network for a campus environment. Explain how you would apply network segmentation and VLAN configuration to isolate user traffic and protect sensitive data.,medium
Propose and justify strategies for securing Internet of Things (IoT) devices against cyberattacks in smart home environments.,medium
"Evaluate the effectiveness of different anti-malware techniques (e.g., signature-based scanning, behavior analysis, sandboxing) in detecting and preventing cyber threats.",medium
"Compare the principles of static and dynamic equilibrium in mechanical systems, discussing their implications for stability and motion analysis.",easy
"Contrast the benefits and limitations of using traditional surveying methods (e.g., total station, GPS, level) versus remote sensing techniques (e.g., LiDAR, aerial photography) in land mapping and terrain analysis.",medium
"Plan a sustainable transportation network for a metropolitan area, incorporating public transit, cycling lanes, and pedestrian-friendly infrastructure.",hard
Invent a method for using 3D printing technology to fabricate customized prosthetic limbs tailored to individual patient anatomy for improved comfort and functionality.,hard
Quote the definition of a dangling pointer in C programming?,easy
"Create a comprehensive cybersecurity framework for securing Internet of Things (IoT) devices in smart homes, considering both device-level and network-level security measures.",hard
"Distinguish between different types of construction contracts (e.g., lump sum, cost plus, unit price), discussing their implications on project cost and risk allocation.",medium
"Interpret the concept of environmental sustainability in civil engineering projects, discussing strategies for reducing carbon footprint and promoting green infrastructure.",easy
Critique the interpretability of complex machine learning models in medical diagnosis.,hard
Devise a new system for automatically classifying and prioritizing cybersecurity incidents based on their severity and potential impact on business operations.,hard
Solve a hypothetical scenario involving emergency response planning for natural disasters and propose strategies for mitigating risks.,medium
Analyze the ethical considerations surrounding the collection and use of personal data by social media platforms.,medium
"Evaluate the impact of hyperparameter tuning techniques (e.g., grid search, random search, Bayesian optimization) on optimizing the performance of machine learning models.",medium
List the advantages of using WPA3 (Wi-Fi Protected Access 3) over WPA2 for wireless security?,easy
Your organization is implementing a predictive maintenance program for wind turbines to optimize maintenance scheduling and reduce operational costs. Analyze the reliability-centered maintenance (RCM) principles and recommend strategies for integrating condition monitoring data with predictive analytics models to prioritize maintenance tasks and extend equipment lifespan.,medium
"Explain the concept of polymorphic viruses in cybersecurity, discussing their evasion techniques and detection challenges.",easy
"A satellite communication company is analyzing the interference effects of neighboring satellite constellations on signal reception and transmission. Evaluate the spectrum management policies and frequency allocation regulations for mitigating satellite interference, including coordination agreements and interference avoidance techniques. Recommend spectrum monitoring solutions and interference mitigation strategies to optimize satellite communication performance and ensure reliable connectivity.",hard
Propose and evaluate innovative solutions for improving the accuracy of predictive models in healthcare.,medium
Compare and contrast different concurrency control mechanisms in databases and analyze their suitability for high-throughput transaction processing.,medium
"Distinguish between narrowband and broadband communication systems, discussing their respective advantages in wireless communication.",medium
Propose a framework for integrating quantum key distribution (QKD) technology into optical fiber networks for ultra-secure communication.,hard
"As an antenna design specialist, you are tasked with designing a compact and efficient antenna array for 5G small cell deployment in urban environments. Create an antenna array configuration that minimizes interference, maximizes coverage, and supports beamforming techniques for adaptive beam steering and improved signal reception in dense urban areas.",hard
List the advantages of using pre-stressed concrete over reinforced concrete in construction?,easy
"Evaluate the impact of different network segmentation strategies (e.g., VLANs, subnetting, micro segmentation) on improving network security and traffic isolation.",medium
Recall the syntax for setting up a VHDL (VHSIC Hardware Description Language) module for a flip-flop?,easy
Compare and contrast different manufacturing processes for producing precision components and analyze their suitability for mass production.,medium
"Explain the concept of fluid statics and its applications in hydraulic systems, discussing principles such as Pascal's law and Archimedes' principle.",easy
"Distinguish between different types of foundation systems (e.g., shallow foundation, deep foundation, pile foundation), discussing their suitability for supporting structures on various soil types.",medium
Propose a method for implementing fault-tolerant distributed consensus algorithms in blockchain networks to improve scalability and reliability.,hard
Formulate an algorithm for automatically identifying and classifying security vulnerabilities in software applications based on code analysis.,hard
"Imagine you're designing a reinforced concrete beam for a building structure. Describe how you would calculate bending moments, shear forces, and reinforcement detailing to ensure structural safety and serviceability under loading conditions.",easy
"Suppose you're assessing the seismic vulnerability of existing buildings in a seismic zone. Explain how you would conduct structural inspections, evaluate seismic retrofit options, and prioritize retrofitting measures based on structural deficiencies and occupancy risks.",easy
Devise a system for managing and recycling organic waste in urban areas to produce compost and bioenergy while reducing greenhouse gas emissions.,hard
"Contrast the features and applications of different fluid flow measurement techniques (e.g., venturi meter, orifice meter, electromagnetic flow meter) in industrial processes.",medium
"Discuss the principles of building information modeling, explaining its use for collaborative design, construction planning, and facility management.",easy
Formulate an algorithm for optimizing the shape and configuration of automotive components such as airfoils and spoilers for reduced drag and improved aerodynamics.,hard
"You are designing a recommendation system for personalized content delivery in online streaming platforms. Create a recommendation algorithm that leverages collaborative filtering, content-based filtering, and reinforcement learning techniques to analyze user preferences, predict user preferences, and recommend relevant movies, TV shows, and music based on individual viewing habits and feedback.",hard
Invent a method for converting waste heat from industrial processes into electricity using thermoelectric materials and organic Rankine cycle (ORC) systems.,hard
Debate the ethical implications of using autonomous drones for surveillance and reconnaissance purposes.,hard
Solve a challenging optimization problem involving channel assignment in cellular networks and evaluate the impact on interference mitigation.,medium
"Compare the environmental impact of different construction methods (e.g., traditional construction, modular construction, prefabrication) in terms of resource consumption and waste generation.",medium
"Compare the efficiency of different renewable energy technologies (e.g., solar PV, wind turbine, hydroelectric generator) in converting natural resources into electrical energy.",medium
Analyze the impact of material properties on the performance of mechanical components in extreme operating conditions.,medium
Compare the different types of building foundations in terms of their suitability for different soil conditions and building loads.,easy
Create a system for automatically detecting and mitigating signal interference in unmanned aerial vehicle (UAV) communication systems using machine learning.,hard
Propose and justify strategies for optimizing power consumption in mobile communication devices and evaluate their impact on battery life.,medium
"Contrast the environmental impact of different construction materials (e.g., concrete, steel, timber) in terms of resource depletion and carbon emissions.",medium
"Explain the concept of end-to-end encryption, discussing its importance for securing data transmission over untrusted networks.",easy
"Critically evaluate the role of sustainable transportation modes (e.g., biking, walking) in reducing urban congestion and pollution.",medium
"Interpret the concept of ensemble learning methods, discussing their advantages in improving model robustness and accuracy.",easy
Solve a complex optimization problem related to antenna array design and evaluate the performance of different beamforming algorithms.,medium
Describe the significance of a learning rate scheduler in model training?,easy
Analyze the ethical implications of data mining techniques used by social media platforms for targeted advertising and user profiling.,medium
Judge the efficiency of active noise control systems in reducing noise pollution in urban environments.,hard
Design a new algorithm for optimizing energy consumption in Internet of Things (IoT) devices while maintaining performance and functionality.,hard
"Consider you're building a recommendation system for movie recommendations. Describe how you would model user preferences, incorporate item features, and evaluate recommendation quality using metrics such as precision and recall.",easy
"Design a new sustainable urban drainage system that incorporates decentralized rainwater harvesting, permeable pavement, and green roofs to mitigate urban flooding and improve water quality.",hard
Examine the purpose of SSL/TLS certificates in secure web communication?,easy
Suppose you are designing a wastewater treatment plant for a growing urban area. Discuss how you would apply environmental engineering principles and treatment process selection criteria to ensure compliance with effluent quality standards and protect water resources.,medium
"Compare the efficiency of different water distribution systems (e.g., gravity-fed system, pressurized system, pumping system) in supplying potable water to urban areas.",medium
Compare the various types of recommendation systems in terms of their recommendation accuracy and scalability.,easy
Propose creative solutions for reducing greenhouse gas emissions from industrial processes while maintaining productivity.,medium
You are working on a medical imaging application for automated diagnosis of diseases. Describe how you would apply convolutional neural networks (CNNs) and image segmentation techniques to analyze medical images and detect abnormalities with high accuracy.,medium
Critically analyze the efficiency and scalability of different modulation techniques for wireless communication systems.,medium
Consider you're analyzing customer sentiment from social media data. Describe the natural language processing (NLP) techniques and sentiment analysis algorithms you would use to extract insights and visualize trends from text data.,easy
Reproduce the steps to design a low-pass filter using the Butterworth approximation method?,easy
Compare the different types of foundations in terms of their suitability for various soil conditions and structural loads.,easy
"Contrast the benefits and limitations of using different stormwater management practices (e.g., detention basins, green infrastructure, rainwater harvesting) in urban development projects.",medium
"You are leading a team of IT architects in designing a hybrid cloud infrastructure for a multinational corporation. Create a hybrid cloud architecture that seamlessly integrates on-premises data centers with public cloud services, incorporating workload migration strategies, data synchronization mechanisms, and security controls for hybrid cloud environments.",hard
Formulate a new strategy for implementing zero-trust security architecture in large-scale corporate networks to mitigate insider threats and unauthorized access.,hard
List the advantages of using spread spectrum modulation techniques in wireless communication?,easy
Formulate an algorithm for optimizing hyperparameters of machine learning models using evolutionary algorithms or Bayesian optimization techniques.,hard
"Plan a comprehensive disaster preparedness and response strategy for a coastal city vulnerable to hurricanes, including evacuation routes, emergency shelters, and early warning systems.",hard
Critique the reliability of predictive modeling techniques in predicting the service life of mechanical components.,hard
Invent a new algorithm for optimizing cloud resource provisioning based on dynamic workload patterns and performance requirements.,hard
"Interpret the concept of mechanical properties of materials, discussing their significance in material selection and design.",easy
List the advantages of using a VPN (Virtual Private Network) over a proxy server for online privacy?,easy
Propose innovative solutions for securing wireless networks against advanced persistent threats and evaluate their effectiveness.,medium
Quote the definition of a Nyquist criterion in sampling theory?,easy
"Discuss the principles of natural language processing techniques, explaining tasks such as text classification, sentiment analysis, and named entity recognition.",easy
Tabulate the differences between time domain and frequency domain analysis of signals?,easy
Propose a framework for implementing explainable AI (XAI) techniques in cybersecurity systems to improve threat detection and response.,hard
"Evaluate the effectiveness of different erosion control measures (e.g., riprap, vegetation, retaining walls) in mitigating soil erosion and protecting slopes.",medium
Identify the characteristics of a pneumatic actuator in automation systems?,easy
Solve a complex optimization problem related to the design of sustainable drainage systems and evaluate the effectiveness of different design configurations.,medium
"Evaluate the reliability of different structural analysis methods (e.g., finite element analysis, limit state design, dynamic analysis) in assessing the safety of civil engineering structures.",medium
Solve a complex optimization problem using genetic algorithms and evaluate the quality of the solutions obtained.,medium
Critically analyze the efficiency and scalability of a distributed hash table (DHT) for peer-to-peer networks.,medium
"Suppose you're tasked with designing a database schema for a social media platform. Explain how you would structure the database to efficiently store user profiles, posts, comments, and relationships between users.",easy
Critique the usability of a voice-activated virtual assistant and propose improvements based on user interaction patterns.,hard
Criticize the effectiveness of a disaster recovery plan for IT systems in ensuring business continuity during a cyberattack.,hard
Compare and contrast different approaches to privacy-preserving data mining techniques and evaluate their effectiveness in protecting sensitive information.,medium
"Compare the performance of different refrigeration cycles (e.g., vapor compression cycle, absorption cycle, Brayton cycle) in terms of cooling capacity and energy efficiency.",medium
Critically analyze the structural integrity of a bridge design under various loading conditions and evaluate the risk of failure.,medium
"Compare the environmental impact of different transportation modes (e.g., road, rail, air, water) in terms of energy consumption and greenhouse gas emissions.",medium
"Compare the features and performance of different wastewater treatment technologies (e.g., activated sludge process, trickling filter, membrane bioreactor) in purifying sewage effluent.",medium
"A water utility company is evaluating the effectiveness of stormwater management systems for flood prevention and water quality protection. Evaluate the performance of green infrastructure practices, including permeable pavements, rain gardens, and detention ponds. Propose stormwater management strategies and green infrastructure designs to reduce runoff volume and pollutants in urban watersheds.",hard
"Critically evaluate the role of advanced materials (e.g., shape memory alloys) in aerospace engineering applications.",medium
Debate the ethical considerations of using autonomous robots in hazardous industrial environments.,hard
Propose a framework for optimizing the design of lightweight structures such as bridges or towers using topology optimization and additive manufacturing.,hard
Imagine you're managing a help desk for IT support in a corporate environment. Describe the ticketing system and service level agreements (SLAs) you would establish to prioritize and resolve user issues efficiently.,easy
"Discuss the principles of fault tolerance in distributed systems, explaining techniques such as redundancy and replication.",easy
"Discuss the principles of hydraulic actuators, explaining concepts such as Pascal's law and hydraulic cylinders.",easy
Create a novel waveform modulation scheme for underwater acoustic communication systems that enables high-speed data transmission with low latency.,hard
"Discuss the principles of software testing methodologies (e.g., unit testing, integration testing, acceptance testing), explaining their objectives and limitations.",easy
Imagine you are developing a renewable energy system for a remote off-grid community. Discuss how you would apply solar photovoltaic (PV) technology and battery storage systems to provide reliable electricity supply and reduce dependence on fossil fuels.,medium
Assess the fairness of facial recognition systems across different demographic groups and skin tones.,hard
Evaluate the evidence supporting the use of composite materials for lightweighting in automotive engineering.,medium
"Explain the concept of pipelining in computer architecture, discussing its role in improving CPU performance through instruction-level parallelism.",easy
"A financial institution is considering the adoption of blockchain technology for secure and transparent transactions. Evaluate the potential risks and benefits of blockchain implementation in financial services, including factors such as scalability, interoperability, and regulatory compliance. Recommend use cases and implementation strategies to maximize the value of blockchain in financial operations.",hard
Evaluate the effectiveness of using machine learning algorithms for anomaly detection in cybersecurity.,medium
"Evaluate the effectiveness of different equalization techniques (e.g., FIR filters, IIR filters, adaptive equalizers) in compensating for channel distortion in communication systems.",medium
"Discuss the principles of penetration testing methodologies (e.g., black-box testing, white-box testing), explaining their objectives and techniques.",easy
"You are developing an earthquake-resistant building design for high-rise structures in seismic-prone regions. Create a structural design that incorporates seismic-resistant features such as base isolation, energy dissipation devices, and ductile reinforcement detailing to mitigate earthquake-induced damage and ensure occupant safety, incorporating structural analysis, dynamic simulations, and performance-based design criteria for resilient building construction.",hard
"Evaluate the impact of data imbalance on the performance of machine learning models, discussing strategies for mitigating bias and improving model fairness.",medium
"Your team is designing a composite material for structural applications in aerospace engineering. Compare the mechanical properties and processing techniques of different composite materials (e.g., carbon fiber reinforced composites, glass fiber reinforced composites, aramid fiber reinforced composites) and recommend the most suitable material for the intended application.",medium
Judge the efficiency of bioretention systems in treating urban stormwater runoff and improving water quality.,hard
"Compare the features and scalability of different network attached storage (NAS) solutions (e.g., NFS, CIFS, iSCSI) for centralized data storage and file sharing.",medium
Evaluate the feasibility of using blockchain technology for secure and transparent supply chain management in the electronics industry.,medium
Judge the effectiveness of anomaly detection techniques in detecting fraudulent activities in financial transactions.,hard
Solve a complex control problem related to adaptive equalization in digital communication systems and evaluate the performance in dynamic channel conditions.,medium
Plan a strategy for implementing AI-driven predictive maintenance in manufacturing plants to reduce downtime and maintenance costs.,hard
Critically evaluate the advantages and disadvantages of using software-defined radio (SDR) for flexible wireless communication systems.,medium
Hypothesize an approach for using generative adversarial networks (GANs) to synthesize high-fidelity images for virtual try-on applications in e-commerce.,hard
"Contrast the principles of gravity dam and embankment dam design, discussing their respective advantages and limitations in water storage and flood control.",medium
"Assess the effectiveness of multiple access techniques (e.g., FDMA, TDMA, CDMA) in optimizing spectrum utilization in cellular networks.",hard
Assess the feasibility of using additive manufacturing for producing complex aerospace components with high strength-to-weight ratios.,hard
"Compare the performance of different deep learning architectures (e.g., CNN, RNN, Transformer) in tasks such as image classification and natural language processing.",medium
"Match the correct data structure to its time complexity for searching (e.g., Hash Table - O(1))?",easy
"Compare the different encryption algorithms (e.g., AES, RSA, ECC) in terms of their strength and suitability for different use cases.",easy
Evaluate the feasibility of using unmanned aerial vehicles (drones) for inspection and monitoring of civil infrastructure.,medium
State the output of a given settlement analysis of a mat foundation?,easy
Assess the scalability of a distributed computing framework for processing large-scale datasets.,hard
You are tasked with designing a recommendation system for an e-commerce platform. Describe how you would apply collaborative filtering algorithms to personalize product recommendations for users based on their browsing and purchase history.,medium
Design a software-defined radio (SDR) platform for rapid prototyping and testing of new wireless communication algorithms and protocols.,hard
Analyze the impact of electromagnetic interference (EMI) on the performance of electronic systems and propose mitigation techniques.,medium
Invent a method for enhancing the security of biometric authentication systems using multi-modal biometric fusion and encryption techniques.,hard
"Evaluate the impact of different caching policies (e.g., LRU, FIFO, LFU) on cache hit rates and overall system performance.",medium
Contrast the benefits and limitations of using analog-to-digital conversion (ADC) and digital-to-analog conversion (DAC) techniques in signal processing applications.,medium
"Interpret the concept of electromagnetic spectrum allocation, discussing regulatory bodies and frequency bands for different communication services.",easy
Solve a complex optimization problem related to material selection for structural components and evaluate the performance criteria.,medium
Formulate an algorithm for optimizing the shape and configuration of automotive components such as air intakes and spoilers for improved aerodynamics.,hard
"Explain the concept of data augmentation in deep learning, discussing techniques for generating synthetic data to improve model generalization.",easy
"Explain the concept of garbage collection in programming languages, discussing techniques for automatic memory management.",easy
Assess the reliability of predictive maintenance algorithms in identifying equipment failures before they occur.,hard
Assess the reliability of a software testing framework in detecting and fixing defects across multiple platforms and environments.,hard
"Assess the efficiency of smart materials (e.g., shape memory alloys) in actuator applications for adaptive structures.",hard
Describe the significance of jitter in digital communication systems?,easy
Recognize the differences between baseband and passband signals in modulation?,easy
Create a novel design for a lightweight composite material with tunable mechanical properties for use in aerospace and automotive applications.,hard
Criticize the accuracy of a predictive analytics model for demand forecasting in retail industry.,hard
Your company is developing a vehicular ad hoc network (VANET) for enabling vehicle-to-vehicle (V2V) communication on smart roads. Analyze the challenges and solutions for ensuring reliable communication and data exchange in dynamic vehicular environments.,medium
"Debate the ethical considerations of using autonomous vehicles in terms of safety, liability, and societal impact.",hard
Analyze the impact of software piracy on the software industry and propose ethical solutions to address this issue.,medium
Compare the various types of fasteners in terms of their installation methods and load-carrying capacity.,easy
Assess the reliability of a virtual private network (VPN) for securing remote access to corporate networks.,hard
"Interpret the concept of bias-variance tradeoff in machine learning models, discussing its implications for model performance and generalization.",easy
Propose and justify strategies for optimizing the efficiency of steam turbine power plants and evaluate their impact on energy generation.,medium
"Explain the concept of spread spectrum modulation techniques (e.g., direct sequence, frequency hopping), discussing their advantages in anti-jamming and security.",easy
"Evaluate the economic viability of different renewable energy projects (e.g., solar farm, wind farm, hydroelectric plant) in terms of return on investment and levelized cost of energy.",medium
Retell the steps to implement a random forest classifier using bootstrapping and feature bagging?,easy
"A transportation agency is analyzing the traffic flow dynamics of urban intersections for congestion mitigation. Critically assess the intersection design elements, including signal timings, lane configurations, and pedestrian crossings. Recommend traffic engineering solutions and intelligent transportation systems (ITS) technologies to optimize intersection performance and improve traffic flow efficiency.",hard
Solve a hypothetical scenario involving failure analysis of a mechanical component and propose strategies for preventing similar failures.,medium
Design a framework for implementing predictive maintenance in heavy machinery used in mining operations to minimize downtime and repair costs.,hard
"You are tasked with designing an innovative renewable energy system for off-grid power generation in remote communities. Create a renewable energy system that combines solar photovoltaic (PV), wind turbines, and energy storage technologies to provide reliable and sustainable electricity supply to remote villages, incorporating hybrid energy management strategies and demand-side management techniques to optimize energy utilization and minimize environmental impact.",hard
Evaluate the effectiveness of using machine learning algorithms for predicting and preventing cyberattacks on IoT devices.,medium
Devise a system for monitoring and mitigating soil liquefaction in earthquake-prone areas using ground improvement techniques and early warning systems.,hard
Debate the ethical implications of using AI algorithms for predictive policing and crime prevention.,hard
"Your team is designing a sustainable building envelope for a high-rise office tower to enhance energy efficiency and occupant comfort. Compare the thermal insulation materials (e.g., spray foam insulation, cellulose insulation, rigid foam boards) and recommend solutions for achieving thermal performance targets and reducing heating and cooling loads.",medium
"A software development team is considering adopting a microservices architecture for a new web application project. Evaluate the advantages and disadvantages of microservices compared to monolithic architecture in terms of scalability, maintainability, and deployment complexity. Recommend the most suitable architecture based on project requirements and long-term scalability goals.",hard
Assess the security vulnerabilities of a software-defined networking (SDN) architecture for controlling network traffic flows.,hard
Examine the difference between time division multiplexing (TDM) and frequency division multiplexing (FDM) in communication systems?,easy
"Explain the concept of deep reinforcement learning, discussing its applications in game playing, robotics, and autonomous systems.",easy
You are responsible for implementing a network segmentation strategy to improve security and compliance in your organization's IT infrastructure. Analyze the benefits and challenges of using virtual LANs (VLANs) versus network security groups (NSGs) for segmenting network traffic and enforcing access controls.,medium
Judge the efficiency of passive solar design strategies in reducing heating and cooling loads in buildings.,hard
Analyze the potential risks and benefits of using autonomous drones for surveillance and reconnaissance missions.,medium
"Compare the different types of VPN (virtual private network) technologies (e.g., IPSec, SSL VPN, MPLS VPN) in terms of their security and performance.",easy
Develop a new methodology for optimizing the aerodynamic performance of wind turbine blades using advanced computational fluid dynamics (CFD) simulations.,hard
"You are designing an advanced propulsion system for next-generation aircraft to improve fuel efficiency, reduce emissions, and enhance performance. Create a propulsion system concept that integrates turbofan engines, electric propulsion systems, and advanced aerodynamic design features to achieve high efficiency, low noise, and reduced environmental impact, incorporating computational fluid dynamics (CFD) simulations, wind tunnel testing, and multidisciplinary optimization techniques for optimal aircraft performance.",hard
Enumerate the differences between a brick masonry and a stone masonry wall in construction?,easy
"Compare the scalability of different database replication techniques (e.g., master-slave replication, master-master replication, sharding) in distributed database systems.",medium
Judge the reliability of coastal protection measures in mitigating the impacts of erosion and sea level rise.,hard
"Contrast the principles of baseband and passband transmission techniques, discussing their respective advantages and limitations in communication systems.",medium
"Compare the different types of evaluation metrics used in classification tasks, discussing their strengths and limitations.",easy
Describe the significance of a salt in password hashing algorithms?,easy
"Suppose you're clustering customer segments for targeted marketing campaigns. Explain how you would preprocess customer demographic data, select clustering algorithms, and evaluate cluster validity to identify meaningful segments.",easy
Invent a new approach for enhancing the fatigue resistance of structural steel components through surface modification techniques.,hard
"As a mechanical design engineer, you are developing a robotic exoskeleton for rehabilitation therapy. Explain how you would apply biomechanics principles and ergonomic design considerations to ensure comfort, safety, and functionality for users.",medium
Assess the effectiveness of software-defined radio (SDR) technology in enabling flexible and programmable wireless communication systems.,hard
"Explain the concept of data preprocessing in machine learning, discussing techniques such as normalization, feature scaling, and missing value imputation.",easy
"Imagine you're optimizing the performance of a steam turbine for power generation. Explain how you would analyze steam properties, turbine blade geometry, and stage configurations to maximize energy conversion efficiency and minimize losses.",easy
Develop a novel blockchain-based solution for ensuring the integrity and transparency of supply chain transactions across multiple organizations.,hard
"Compare the advantages and disadvantages of imperative and declarative programming paradigms, citing examples for each.",easy
Consider you're designing a disaster recovery plan for a cloud-based email service. Explain the backup strategies and data replication methods you would employ to protect against data loss and ensure email availability.,easy
Compare the different types of neural network architectures in terms of their connectivity and applications.,easy
"You are developing a predictive maintenance system for optimizing equipment uptime and reliability in industrial manufacturing plants. Create a predictive maintenance framework that combines sensor data analytics, anomaly detection, and machine learning algorithms to predict equipment failures, schedule maintenance tasks, and optimize maintenance schedules to minimize downtime and maintenance costs.",hard
Assess the efficiency of light rail transit systems in reducing traffic congestion and promoting sustainable transportation.,hard
Invent a method for retrofitting existing buildings with energy-efficient systems and renewable energy technologies to reduce carbon emissions and combat climate change.,hard
Judge the effectiveness of a web application firewall (WAF) in protecting web servers from common security threats and attacks.,hard
"Contrast the principles of model-based reinforcement learning and model-free reinforcement learning, discussing their respective approaches to learning optimal policies.",medium
"Consider you're designing a wastewater treatment plant for a city. Explain how you would select treatment processes, estimate wastewater flow rates, and size treatment units to meet effluent quality standards and environmental regulations.",easy
Critically evaluate the role of blockchain technology in ensuring data integrity and transparency in supply chain management systems.,medium
Quote the definition of a semaphore in operating systems?,easy
"Discuss the principles of reinforced concrete design, explaining concepts such as moment of inertia, neutral axis, and compression zone.",easy
Describe the process of setting up a VPN tunnel between two sites using IPsec (Internet Protocol Security)?,easy
"Suppose you're training a convolutional neural network (CNN) for image classification tasks. Explain how you would preprocess image data, design the network architecture, and fine-tune model hyperparameters to optimize classification accuracy.",easy
Evaluate the potential environmental impacts of using biofuels for aviation and marine transportation.,medium
"Differentiate between static and dynamic memory allocation, discussing their respective implications on program performance and memory management.",medium
Reproduce the steps to implement a depth-first search algorithm for a graph?,easy
"Compare the features and performance of different antenna types (e.g., dipole, Yagi-Uda, patch) in terms of radiation pattern and gain.",medium
"A healthcare analytics firm is evaluating the accuracy of predictive models for patient readmission risk prediction. Critically analyze the predictive features and model coefficients used in readmission risk algorithms, including demographic data, medical history, and clinical indicators. Recommend feature selection techniques and model interpretability methods to improve prediction accuracy and clinical utility in healthcare settings.",hard
"Compare the efficiency of different feature selection methods (e.g., filter methods, wrapper methods, embedded methods) in improving model performance and interpretability.",medium
"Compare the structural behavior of different materials (e.g., metals, polymers, ceramics) under static and dynamic loading conditions, considering factors such as elasticity and damping.",medium
"Assess the scalability of a distributed messaging system (e.g., Apache Kafka) for real-time data streaming applications.",hard
Evaluate the feasibility of using blockchain technology for ensuring the integrity and transparency of government elections.,medium
"A manufacturing facility is implementing an industrial automation system for controlling and monitoring production processes. Compare the features and scalability of different fieldbus protocols (e.g., Profibus, Modbus, EtherCAT) for connecting sensors and actuators in industrial control systems.",medium
Judge the reliability of a finite element analysis (FEA) model in predicting the structural behavior of reinforced concrete buildings.,hard
"Compare the performance of different heat exchanger designs (e.g., shell-and-tube, plate heat exchanger, finned tube heat exchanger) in terms of heat transfer efficiency and pressure drop.",medium
"You are leading a team of software engineers in developing a cutting-edge virtual reality (VR) application for immersive training simulations. Create a comprehensive project roadmap outlining the software development lifecycle, including requirements gathering, design, implementation, testing, and deployment phases, along with milestones and deliverables.",hard
"Create a novel authentication mechanism for securing access to critical infrastructure systems, leveraging biometric and behavioral authentication techniques.",hard
Compare the different types of pumps in terms of their efficiency and operating characteristics.,easy
Devise a method for enhancing the safety of autonomous vehicles through advanced sensor fusion techniques and real-time hazard detection algorithms.,hard
Propose a new approach for integrating artificial intelligence (AI) and robotics technologies to automate and optimize warehouse management processes.,hard
"Explain the concept of pointers in C/C++ programming, discussing their role in memory manipulation and potential risks such as memory leaks.",easy
"Evaluate the aerodynamic performance of different airfoil shapes (e.g., NACA profiles, symmetrical airfoils, cambered airfoils) in aircraft and wind turbine design.",medium
"Invent a method for improving the accuracy and reliability of indoor positioning systems using a combination of Wi-Fi, Bluetooth, and inertial sensors.",hard
"An online gaming platform is assessing the impact of loot boxes and microtransactions on player engagement and monetization. Evaluate the ethical considerations of loot box echanics, including addiction risks, gambling-like behavior, and fairness in game design. Propose industry guidelines and regulatory frameworks to ensure responsible monetization practices and protect vulnerable players.",hard
Formulate an algorithm for optimizing hyperparameters of machine learning models using evolutionary strategies and Bayesian optimization techniques.,hard
"Discuss the principles of machine learning algorithms (e.g., supervised learning, unsupervised learning, reinforcement learning), explaining their applications and limitations.",easy
Retell the steps to implement frequency synthesis using,easy
Propose a system architecture for a cloud-based platform that enables real-time collaboration on large-scale software development projects.,hard
"A security breach has occurred in your organization's network, and you are tasked with analyzing network traffic logs to identify the source of the attack. Evaluate the effectiveness of using intrusion detection systems (IDS) versus intrusion prevention systems (IPS) for detecting and mitigating cyber threats.",medium
"Evaluate the impact of feature selection methods (e.g., filter methods, wrapper methods, embedded methods) on the performance of machine learning models.",medium
Invent a novel technique for automatically generating code documentation that enhances readability and maintainability of software projects.,hard
Judge the efficiency of a recommendation system in providing personalized content or product recommendations.,hard
Debate the ethical implications of using facial recognition technology for surveillance purposes in public spaces.,hard
"Design a novel deep learning architecture for multi-modal sentiment analysis, incorporating text, audio, and visual cues for more accurate sentiment prediction.",hard
"Contrast the principles of static and dynamic equilibrium in mechanical systems, discussing their implications on stability and vibration analysis.",medium
"Your organization is implementing a time series forecasting model for predicting stock prices. Compare the performance of traditional statistical models (e.g., ARIMA, SARIMA) versus deep learning models (e.g., LSTM, GRU) in capturing complex patterns and trends in financial time series data.",medium
Judge the effectiveness of a data anonymization technique in protecting sensitive information while preserving data utility.,hard
Imagine you're developing a web application for an e-commerce platform. Describe how you would implement session management to maintain user authentication and track shopping cart contents across multiple pages.,easy
Formulate an algorithm for optimizing the design of passive solar heating systems in residential buildings to minimize heating costs and environmental impact.,hard
Debate the ethical considerations of using exoskeletons for military applications and soldier augmentation.,hard
"Design a deep learning-based system for automated fraud detection in financial transactions, incorporating both structured and unstructured data sources.",hard
Design a new methodology for optimizing the thermal performance of building envelopes using passive cooling techniques and advanced insulation materials.,hard
"Compare the characteristics of different materials (e.g., metals, polymers, ceramics)  in terms of their mechanical properties and suitability for specific engineering applications.",medium
Create a system for automatically generating personalized product recommendations for e-commerce platforms using collaborative filtering and content-based filtering.,hard
"Distinguish between different types of construction project delivery methods (e.g., design-bid-build, design-build, construction management at risk), discussing their impact on project schedule and cost control.",medium
Design a new encryption scheme that combines the principles of RSA and elliptic curve cryptography for enhanced security.,hard
"Judge the reliability of a satellite positioning system (e.g., GPS, Galileo) in providing accurate location information for navigation services.",hard
"Evaluate the environmental impact of different construction techniques (e.g., traditional construction, modular construction, green building) in terms of energy consumption and waste generation.",medium
"A construction company is planning a sustainable building project with a focus on energy efficiency and environmental performance. Analyze the green building principles (e.g., passive solar design, energy-efficient HVAC systems, renewable energy integration) and recommend design strategies for achieving LEED (Leadership in Energy and Environmental Design) certification and minimizing the building's carbon footprint.",medium
"Discuss the principles of structural steel connections, explaining types such as bolted connections, welded connections, and riveted connections.",easy
Analyze the potential societal impacts of large-scale infrastructure projects on local communities and cultural heritage.,medium
Recognize the syntax for defining a reinforced concrete beam reinforcement detail?,easy
Propose innovative solutions for reducing energy consumption in industrial refrigeration systems.,medium
Judge the effectiveness of adaptive beamforming techniques in improving the signal-to-noise ratio (SNR) in wireless communication systems.,hard
Analyze the ethical considerations surrounding the use of autonomous robots for hazardous tasks in manufacturing environments.,medium
Compare the various types of roofing materials in terms of their durability and weather resistance.,easy
Examine the purpose of a stormwater drainage system in urban planning?,easy
Recall the characteristics of a brute-force attack in password cracking?,easy
"As a civil engineer, you are planning the layout of a highway interchange to improve traffic flow and reduce congestion. Explain how you would apply traffic engineering principles and geometric design standards to optimize lane configurations and merge/diverge areas for safe and efficient traffic movement.",medium
Propose a method for integrating green infrastructure such as green roofs and rain gardens into urban development projects to mitigate urban heat islands.,hard
Propose innovative solutions for enhancing the resilience of critical infrastructure to extreme weather events and natural disasters.,medium
Evaluate the effectiveness of using computational fluid dynamics (CFD) simulations for analyzing airflow around vehicles.,medium
Evaluate the evidence supporting the use of deep learning models for natural language processing tasks.,medium
Criticize the reliability of synchronization methods used in digital communication systems for maintaining timing and phase alignment.,hard
"Compare the features and scalability of different cloud storage services (e.g., Amazon S3, Google Cloud Storage, Microsoft Azure Blob Storage) for hosting large-scale data repositories.",medium
"Interpret the concept of load balancing algorithms, discussing their strategies for distributing traffic across servers efficiently.",easy
"Distinguish between ensemble learning methods (e.g., bagging, boosting, stacking), assessing their effectiveness in improving predictive accuracy and robustness of models.",medium
Devise a system for automatically generating synthetic training data for natural language understanding tasks such as sentiment analysis and entity recognition.,hard
Propose creative solutions for reducing the environmental impact of data centers while maintaining their performance and reliability.,medium
"You are tasked with developing a sustainable transportation infrastructure for a metropolitan city to promote multimodal mobility and reduce traffic congestion. Create an integrated transportation network that includes public transit systems, bicycle lanes, pedestrian walkways, and smart mobility solutions such as ride-sharing and electric scooters, incorporating traffic simulation models, travel demand forecasting, and accessibility analysis for efficient and equitable urban transportation planning.",hard
Assess the reliability of AI-driven natural language generation systems.,hard
Hypothesize a method for improving the efficiency of garbage collection in programming languages by dynamically adjusting collection thresholds.,hard
Evaluate the trade-offs between using shallow and deep learning models for tasks such as feature extraction and pattern recognition in high-dimensional data.,medium
Examine the purpose of a geotechnical report in construction project planning?,easy
Recognize the differences between a gravity dam and an arch dam in dam engineering?,easy
"A manufacturing facility is implementing a lean production system for optimizing workflow efficiency and reducing waste in production processes. Analyze the principles of lean manufacturing (e.g., just-in-time production, continuous improvement, value stream mapping) and recommend strategies for implementing lean practices in the facility.",medium
"Compare the different types of antennas (e.g., dipole, patch, Yagi-Uda) in terms of their radiation patterns and directivity.",easy
"Interpret the concept of lambda expressions in functional programming languages, demonstrating their use for concise code and higher-order functions.",easy
Enumerate the differences between a shallow copy and a deep copy of an object?,easy
Critically analyze the challenges and benefits of implementing smart city technologies for urban governance and sustainability.,medium
"A civil engineering firm is evaluating the structural integrity of bridge designs for seismic resilience. Critically analyze the seismic performance factors, including bridge piers, abutments, and foundation systems. Recommend seismic retrofitting techniques and design modifications to enhance bridge safety and durability in earthquake-prone regions.",hard
"Propose a new framework for real-time anomaly detection in network traffic using machine learning techniques, considering both accuracy and computational efficiency.",hard
Propose and justify strategies for optimizing network performance in a cloud computing environment and evaluate their impact on scalability and reliability.,medium
"Evaluate the scalability of different load balancing algorithms (e.g., round-robin, least connections, weighted round-robin) in distributing traffic across server clusters.",medium
Debate the ethical considerations of using geolocation data for location-based services and targeted advertising in mobile applications.,hard
"Compare the various authentication methods (e.g., passwords, biometrics, multi-factor authentication) in terms of their security and usability.",easy
Assess the effectiveness of flood mitigation measures in reducing the risk of urban flooding in coastal cities.,hard
Enumerate the differences between ductile and brittle fracture in material science?,easy
"Explain the concept of soil compaction and its significance in geotechnical engineering, discussing methods such as mechanical compaction and vibrocompaction.",easy
"Explain the concept of containerization (e.g., Docker, Kubernetes) and its advantages in software deployment and management.",easy
Propose a method for optimizing the design of wind turbine blades using topology optimization and additive manufacturing techniques for improved energy extraction.,hard
Assess the security risks associated with the deployment of 5G networks and propose measures for enhancing network security.,hard
"Evaluate the effectiveness of different penetration testing methodologies (e.g., black-box testing, white-box testing, gray-box testing) in identifying vulnerabilities in network infrastructure.",medium
"Compare the benefits and limitations of using cloud-based storage solutions (e.g., Dropbox, Google Drive, OneDrive) versus on-premises storage solutions for data backup and collaboration.",medium
"Discuss the principles of wastewater treatment processes, explaining unit operations such as sedimentation, filtration, and disinfection.",easy
Recall the syntax for declaring a constant pointer to a constant integer in C++?,easy
Compare the various types of sensors used in mechanical systems in terms of their sensing principles and applications.,easy
Criticize the fairness and transparency of spectrum auction policies for allocating frequency bands to telecommunications operators.,hard
"Interpret the concept of system bandwidth in communication systems, discussing its relationship with data rate and modulation scheme.",easy
Enumerate the differences between symmetric and asymmetric encryption algorithms?,easy
Judge the effectiveness of AI-driven recommendation systems in personalized marketing.,hard
"Compare the characteristics of shallow neural networks and deep neural networks, assessing their suitability for modeling complex relationships in data.",medium
"Compare the security features of different cryptographic hash functions (e.g., SHA-256, MD5, bcrypt) in protecting data integrity and preventing unauthorized access.",medium
Your organization is deploying a 5G cellular network to provide high-speed internet access and low-latency communication services to urban areas. Analyze the differences between using millimeter-wave (mmWave) spectrum and sub-6 GHz spectrum for 5G deployment in dense urban environments.,medium
Compare and contrast different error correction codes used in digital communication systems and analyze their performance in noisy channels.,medium
Solve a complex control problem involving real-time monitoring and control of traffic flow in urban road networks.,medium
Critically evaluate the ethical concerns associated with the use of facial recognition technology for public safety and law enforcement.,medium
Assess the security challenges of integrating Internet of Things (IoT) devices into telecommunications networks and propose solutions.,hard
"Differentiate between synchronous and asynchronous communication in distributed systems, illustrating with examples of each.",easy
"Discuss the principles of error control coding (e.g., convolutional codes, turbo codes), explaining their performance in noisy communication channels.",easy
Judge the scalability of a cloud storage solution for handling increasing volumes of data and user access requests.,hard
Compare and contrast different routing protocols used in wireless sensor networks and analyze their suitability for various applications.,medium
"Compare the features and performance of different time series forecasting methods (e.g., ARIMA, LSTM, Prophet) in predicting future trends and patterns in data.",medium
"Judge the efficiency of green infrastructure solutions (e.g., green roofs, permeable pavements) in managing urban stormwater.",hard
"Invent a new method for quantifying the return on investment (ROI) of information technology (IT) projects, considering both financial and non-financial benefits.",hard
"Interpret the concept of network segmentation, discussing its role in reducing attack surface and containing security breaches.",easy
Propose a framework for using graph neural networks to model and predict the spread of infectious diseases in urban populations.,hard
"Discuss the principles of network routing algorithms, comparing and contrasting distance vector and link-state routing protocols.",easy
Critique the performance of wind energy systems in providing renewable energy for off-grid communities.,hard
"Evaluate the effectiveness of different lubrication techniques (e.g., boundary lubrication, hydrodynamic lubrication, mixed lubrication) in reducing friction and wear in mechanical systems.",medium
"Design an autonomous underwater vehicle (AUV) for marine exploration and research, incorporating advanced sensing, navigation, and communication capabilities.",hard
"Evaluate the reliability of different failure analysis techniques (e.g., root cause analysis, fault tree analysis, failure mode and effects analysis) in identifying failure mechanisms in engineering components.",medium
Solve a challenging optimization problem involving hyperparameter tuning in deep learning models and evaluate the impact on model performance.,medium
Design a novel propulsion system for unmanned aerial vehicles (UAVs) that combines traditional combustion engines with electric propulsion for increased efficiency and range.,hard
Imagine you are designing a high-performance suspension system for a racing car. Discuss how you would apply kinematics and dynamics analysis techniques to optimize suspension geometry and vehicle handling characteristics for different track conditions.,medium
Recognize the potential issues caused by race conditions in multithreaded programming?,easy
Assess the effectiveness of urban regeneration projects in revitalizing deteriorating urban neighborhoods.,hard
"Suppose you're analyzing medical image data for disease diagnosis. Explain how you would preprocess imaging data, train convolutional neural networks (CNNs), and interpret model predictions to assist radiologists in diagnosis.",easy
Analyze the potential risks and benefits of using autonomous construction drones for surveying and mapping.,medium
"You are designing a fiber optic communication network for transmitting high-speed data over long distances. Analyze the factors that affect the performance of fiber optic cables (e.g., attenuation, dispersion, bandwidth) and recommend solutions for optimizing signal transmission in the network.",medium
Evaluate the ethical considerations surrounding the use of predictive analytics in criminal justice systems for risk assessment and sentencing.,medium
Critique the interpretability of a machine learning model in explaining its decision-making process.,hard
Propose a method for optimizing the design of heat exchangers in HVAC systems using topology optimization and additive manufacturing techniques.,hard
"Distinguish between parametric and non-parametric models in statistical learning, assessing their suitability for modeling complex data distributions.",medium
Devise a method for enhancing the safety of autonomous vehicles through the use of advanced sensor fusion techniques and real-time hazard detection algorithms.,hard
"Contrast the principles of static and dynamic balancing in rotating machinery, discussing their respective effects on vibration and noise reduction.",medium
"Interpret the concept of material hardness and its measurement methods, discussing their significance in material selection.",easy
Reproduce the steps to implement phase modulation using direct digital synthesis?,easy
"Explain the concept of tribology and its importance in mechanical engineering, discussing phenomena such as friction, wear, and lubrication.",easy
"Compare the structural stability of different bridge types (e.g., arch bridge, cable-stayed bridge, suspension bridge) under varying loading conditions and geographical settings.",medium
Design a novel data encryption scheme that ensures both security and efficiency in cloud storage environments.,hard
"Evaluate the effectiveness of different error-handling strategies in software development, such as exception handling versus error codes.",medium
Criticize the generalization capability of a deep learning model trained on biased datasets.,hard
Analyze the ethical implications of using facial recognition technology for surveillance in public spaces.,medium
Debate the ethical considerations of using network traffic analysis for user profiling and targeted advertising in telecommunications networks.,hard
"A telecommunications provider is evaluating the performance of wireless communication systems for rural connectivity. Critically analyze the coverage, bandwidth, and reliability of wireless networks, including 4G LTE and satellite broadband. Propose network optimization techniques and rural broadband deployment strategies to bridge the digital divide and improve internet access in underserved areas.",hard
Judge the effectiveness of data augmentation techniques in improving model robustness.,hard
"Compare the various types of sorting algorithms (e.g., bubble sort, merge sort, quick sort) in terms of their time complexity and suitability for different datasets.",easy
Solve a hypothetical scenario involving a data breach in a financial institution and propose a comprehensive incident response plan.,medium
Identify the characteristics of a truss bridge in bridge engineering?,easy
Assess the reliability of flood forecasting models in predicting riverine and urban flooding events.,hard
Compare and contrast different methods for secure authentication in web applications and analyze their vulnerabilities.,medium
Analyze the potential environmental impacts of using internal combustion engines versus electric motors in automotive propulsion systems.,medium
"Compare the features and scalability of different database replication methods (e.g., master-slave, master-master) for achieving high availability and disaster recovery.",medium
Judge the fairness of AI-driven algorithms in judicial sentencing and parole prediction.,hard
Propose and justify strategies for optimizing the efficiency of solar thermal power plants and evaluate their impact on energy production.,medium
Compare and contrast different clustering algorithms and analyze their effectiveness in grouping similar data points.,medium
Debate the ethical considerations of using deep packet inspection (DPI) technology for network traffic analysis and content filtering.,hard
Devise a system for harvesting energy from ambient vibrations in infrastructure such as bridges and buildings to power remote sensing devices.,hard
"Compare the features and performance of different data loss prevention (DLP) solutions (e.g., content inspection, contextual analysis, encryption) in preventing sensitive data leaks.",medium
"As a mechanical engineer, you are designing a lightweight bicycle frame for competitive racing. Describe how you would apply finite element analysis (FEA) and material selection criteria to optimize the frame geometry and ensure structural integrity under dynamic loading conditions.",medium
Solve a complex optimization problem involving structural design and evaluate the reliability of the optimized design.,medium
Examine the purpose of a strain gauge in experimental stress analysis?,easy
Examine the purpose of a captive portal in guest Wi-Fi networks?,easy
"Evaluate the scalability of different container orchestration platforms (e.g., Kubernetes, Docker Swarm, Apache Mesos) in managing containerized applications at scale.",medium
Critically analyze the performance of different machine learning algorithms for image classification tasks.,medium
"Evaluate the impact of different hyperparameter optimization techniques (e.g., grid search, random search, Bayesian optimization) on improving model generalization.",medium
"Compare the efficiency of different text embedding techniques (e.g., Word2Vec, GloVe, BERT) in capturing semantic relationships in textual data.",medium
Recall the characteristics of a DDoS (Distributed Denial of Service) attack?,easy
"Explain the concept of bias in machine learning algorithms, discussing its sources and implications for model fairness and inclusivity.",easy
Reproduce the steps to calculate the bearing capacity of a pile foundation?,easy
"Compare the principles of analog and digital modulation techniques, discussing their advantages and applications in communication systems.",easy
Evaluate the effectiveness of using Geographic Information Systems (GIS) for spatial analysis in urban planning.,medium
"Compare the features and performance of different modulation-demodulation techniques (e.g., AM, FM, PM) in analog communication systems.",medium
Examine the syntax of a function template in C++?,easy
Evaluate the potential risks and benefits of using renewable energy sources for powering desalination plants.,medium
"Compare the interpretability of decision trees and ensemble models (e.g., random forests, gradient boosting) in modeling complex relationships in data.",medium
"An electronics manufacturer is assessing the reliability of semiconductor devices for aerospace applications. Evaluate the failure modes and mechanisms of electronic components, including integrated circuits (ICs) and microprocessors. Recommend reliability testing methods and qualification standards to ensure the quality and durability of electronic systems in harsh operating environments.",hard
Examine the difference between static and dynamic linking in software development?,easy
Plan a federated learning framework for collaborative training of machine learning models across multiple healthcare institutions while preserving patient privacy.,hard
"Compare the different types of digital modulation schemes (e.g., ASK, FSK, PSK) in terms of their power efficiency and complexity.",easy
Create a system for automatically detecting and mitigating phishing attacks in email communications using machine learning and natural language processing.,hard
Create a new deep learning architecture for generating realistic synthetic images that can be used for data augmentation in computer vision tasks.,hard
"You are tasked with designing an innovative wireless communication system for a smart city project to provide seamless connectivity to IoT devices, autonomous vehicles, and urban infrastructure. Create a communication architecture that leverages emerging technologies such as 5G, mmWave, and edge computing to ensure low latency, high reliability, and scalability for diverse urban applications.",hard
"Compare the various types of network protocols (e.g., TCP, UDP, ICMP) in terms of their characteristics and use cases.",easy
"Explain the concept of zero-trust security model, discussing its principles and benefits in modern network architectures.",easy
Identify the potential issues caused by memory leaks in software development?,easy
Debate the ethical implications of using artificial intelligence algorithms for autonomous weapons systems in military operations.,hard
Analyze the potential risks and benefits of using facial recognition technology for law enforcement and surveillance purposes.,medium
Suppose you're implementing a multiplexing scheme for transmitting multiple signals over a single communication channel. Describe the principles of time division multiplexing (TDM) and frequency division multiplexing (FDM) you would utilize to allocate bandwidth efficiently.,easy
Assess the feasibility of using prefabricated modular construction techniques for rapid housing development.,hard
"Design a novel antenna array configuration for next-generation wireless communication systems to improve coverage, capacity, and spectral efficiency.",hard
Assess the scalability of a serverless computing platform for deploying and running event-driven applications.,hard
State the output of a given Bode plot representing a second-order system?,easy
Recognize the purpose of MAC address filtering in wireless network security?,easy
Devise a system for automatically generating personalized recommendations for online shoppers based on their browsing and purchasing history.,hard
"Contrast the principles of internal and external combustion engines, discussing their respective thermodynamic cycles and energy conversion processes.",medium
Quote the definition of a dangling reference in programming?,easy
Judge the reliability of a security information and event management (SIEM) system in detecting and responding to cybersecurity incidents.,hard
Evaluate the effectiveness of using machine learning algorithms for predictive maintenance in heavy machinery.,medium
Enumerate the advantages of using recursion in programming?,easy
Criticize the fairness and transparency of spectrum sharing mechanisms for enabling coexistence between different wireless technologies.,hard
"Discuss the principles of network monitoring tools (e.g., Wireshark, Nagios), explaining their functionalities for troubleshooting and performance optimization.",easy
Propose creative solutions for reducing the environmental impact of electronic waste (e-waste) generated by consumer electronics.,medium
Propose a new method for automatically generating natural language descriptions of machine learning model predictions to enhance model explainability.,hard
Debate the ethical considerations of using AI algorithms for facial emotion recognition.,hard
"Contrast the features and performance of different anomaly detection algorithms (e.g., isolation forest, one-class SVM, autoencoders) in identifying outliers in data.",medium
"Your organization is planning a bridge rehabilitation project to extend the service life of an aging bridge structure. Compare the structural strengthening techniques (e.g., steel reinforcement, carbon fiber wraps, post-tensioning) and recommend solutions for addressing corrosion damage and structural deterioration in the bridge components.",medium
"Imagine you're implementing a reinforcement learning algorithm for training an autonomous robot to navigate a maze. Explain how you would define the environment, reward structure, and exploration-exploitation strategy to learn an optimal policy.",easy
"Consider you're implementing an enterprise resource planning (ERP) system for a manufacturing company. Explain how you would integrate modules for inventory management, supply chain optimization, and financial reporting to streamline business processes.",easy
"Compare the security features of different virtual private network (VPN) technologies (e.g., SSL VPN, IPSec VPN, PPTP) in providing secure remote access to corporate networks.",medium
"Discuss the principles of geotechnical earthquake engineering, explaining methods for site characterization, liquefaction analysis, and ground improvement.",easy
Analyze the potential environmental impacts of using hydraulic fracturing (fracking) for extracting natural gas from shale formations.,medium
Assess the effectiveness of a data loss prevention (DLP) solution in preventing unauthorized data exfiltration and leakage.,hard
Recall the characteristics of a Z-transform in digital signal processing?,easy
Evaluate the trade-offs between using a synchronous and asynchronous communication model in distributed systems architecture.,medium
Judge the reliability of computational materials modeling in predicting material properties and behavior.,hard
Devise a system for automatically inspecting and detecting defects in large-scale welded structures using robotic non-destructive testing techniques.,hard
Design a scalable and secure authentication system for decentralized digital identities using blockchain technology.,hard
Develop a new framework for interpretable machine learning models that provide insights into model decision-making processes for better transparency and trust.,hard
"Evaluate the reliability of different synchronization methods (e.g., bit synchronization, frame synchronization, word synchronization) in digital communication systems.",medium
"Compare the environmental impact of different construction materials (e.g., concrete, steel, timber) in terms of embodied carbon and life cycle assessment.",medium
Propose a framework for implementing zero-trust security architecture in enterprise networks to mitigate insider threats and unauthorized access.,hard
Analyze the potential societal impacts of widespread automation and job displacement due to advances in artificial intelligence and robotics.,medium
State the output of a given regular expression match operation in Python?,easy
Evaluate the trade-offs between using relational databases and NoSQL databases for storing and querying large-scale datasets in distributed systems.,medium
Analyze the potential risks and benefits of using artificial intelligence for autonomous maintenance scheduling in manufacturing plants.,medium
"Discuss the principles of model deployment and monitoring in production environments, explaining strategies for ensuring model reliability and performance.",easy
"Your organization is developing a noise control system for reducing environmental noise pollution in urban areas. Compare the effectiveness of using passive noise control measures (e.g., sound barriers, acoustic panels) versus active noise control techniques (e.g., adaptive noise cancellation, noise masking) for mitigating noise impacts on nearby residents.",medium
Propose and evaluate innovative solutions for reducing carbon emissions from construction activities.,medium
Plan a framework for implementing explainable AI (XAI) techniques in healthcare systems to provide clinicians with insights into the decision-making process of AI models.,hard
Solve a cybersecurity challenge involving network intrusion detection and critically evaluate the effectiveness of different intrusion detection systems.,medium
"Interpret the concept of traffic engineering, discussing topics such as traffic flow theory, traffic control devices, and transportation planning.",easy
"Debate the ethical considerations of using biometric authentication methods (e.g., fingerprint, facial recognition) in law enforcement.",hard
Examine the purpose of a proxy server in web caching?,easy
Compare the various types of materials used in mechanical engineering in terms of their mechanical properties and applications.,easy
Critique the accuracy of dynamic simulation models in predicting the performance of robotic manipulators.,hard
"Suppose you're planning the deployment of a fiber optic network for high-speed internet access. Describe the fiber optic cable types, connector interfaces, and installation techniques you would use to optimize signal integrity and bandwidth.",easy
"Contrast the principles of passive and active solar heating systems, discussing their respective contributions to energy efficiency and indoor thermal comfort.",medium
Consider you're designing a wireless sensor network for environmental monitoring. Explain how you would select suitable communication protocols and energy-efficient routing algorithms to prolong network lifetime and data reliability.,easy
"Evaluate the performance impact of different multiple access techniques (e.g., TDMA, FDMA, CDMA) on spectral efficiency and user capacity in cellular networks.",medium
"Suppose you're configuring a firewall for a corporate network. Explain how you would define access control policies, create firewall rules, and implement network address translation (NAT) to secure incoming and outgoing traffic.",easy
Devise a system for automatically inspecting and repairing pipeline infrastructure using autonomous robotic platforms equipped with sensors and repair tools.,hard
Assess the efficiency of energy harvesting systems in converting ambient energy into electrical power.,hard
Debate the ethical considerations of using biodegradable materials for erosion control and slope stabilization.,hard
Propose and justify strategies for optimizing the performance of a web server handling millions of concurrent requests.,medium
Invent a method for automatically generating music playlists tailored to individual preferences and mood using machine learning and audio analysis.,hard
"Explain the concept of signal-to-noise ratio (SNR) in communication systems, discussing its importance for signal quality.",easy
Invent a method for enhancing the resilience of coastal communities to sea level rise and storm surges through natural shoreline protection measures and engineered solutions.,hard
Solve a challenging optimization problem involving fluid flow in pipes and evaluate the performance of different turbulence models.,medium
"Discuss the principles of combustion in internal combustion engines, explaining factors such as air-fuel ratio, ignition timing, and combustion chamber design.",easy
Debate the ethical implications of using autonomous underwater vehicles (AUVs) for marine exploration and research.,hard
Tabulate the differences between a contour map and a topographic map in surveying?,easy
Devise a system for optimizing the energy efficiency of wireless sensor networks (WSNs) through energy harvesting and adaptive power management.,hard
"Imagine you're planning a water supply network for a municipal area. Explain how you would perform hydraulic analysis, size pipes, and select pump stations to ensure adequate water pressure and flow distribution to consumers.",easy
"An automotive company is assessing the safety features of autonomous vehicles for consumer adoption. Evaluate the reliability of sensors and perception algorithms used in autonomous driving systems, including lidar, radar, and computer vision. Propose validation methods and real-world testing scenarios to evaluate the safety and reliability of autonomous vehicles in diverse driving conditions.",hard
A software project you are working on involves processing large volumes of streaming data. Compare the suitability of using Apache Kafka versus Apache Storm for real-time stream processing in this project.,medium
Design an innovative wastewater treatment plant that utilizes decentralized treatment technologies and natural treatment systems for wastewater reuse and resource recovery.,hard
Evaluate the trade-offs between using a relational database management system (RDBMS) versus a NoSQL database for handling big data applications.,medium
"Evaluate the reliability of different distributed consensus algorithms (e.g., Paxos, Raft, ZAB) in ensuring data consistency and fault tolerance in distributed systems.",medium
You are designing a distributed caching system for improving the performance of a microservices architecture. Compare the features and scalability of Redis versus Memcached for caching data in distributed systems.,medium
"Compare the aerodynamic performance of different airfoil shapes (e.g., NACA profiles, symmetrical airfoils, cambered airfoils) in aircraft and wind turbine design.",medium
"Compare the performance of different modulation techniques (e.g., QAM, QPSK, BPSK) in terms of spectral efficiency and error robustness in digital communication systems.",medium
Criticize the fairness of machine learning algorithms in hiring and recruitment.,hard
"Distinguish between baseband and passband transmission methods, discussing their suitability for different types of communication signals.",medium
Describe the significance of a captive portal in guest Wi-Fi networks?,easy
"Contrast the principles of passive and active fire protection systems in building design, discussing their effectiveness in preventing fire spread and protecting occupants.",medium
"Evaluate the seismic performance of different building structural systems (e.g., moment-resisting frame, shear wall, braced frame) in earthquake-prone regions.",medium
"Design a personalized recommendation system for e-commerce platforms that takes into account user preferences, browsing history, and purchase behavior.",hard
Debate the ethical considerations of using predictive analytics for user behavior analysis and targeted advertising in mobile applications.,hard
"You are developing a cloud security posture management (CSPM) solution for monitoring and enforcing security policies in cloud environments. Create a CSPM platform that enables continuous security monitoring, compliance assessment, and remediation of security misconfigurations across multi-cloud and hybrid cloud infrastructures to reduce security risks and ensure regulatory compliance.",hard
Imagine a new cloud computing service tailored for IoT applications. Design its architecture and identify key components for managing IoT data.,hard
Hypothesize an algorithm for optimizing resource allocation in multi-cloud environments to minimize costs and maximize performance.,hard
"Discuss the principles of wave propagation in communication systems (e.g., line-of-sight, ground wave, sky wave), explaining their characteristics and applications.",easy
Debate the ethical implications of using predictive analytics in employment recruitment for candidate screening and selection.,hard
Plan a strategy for implementing continuous integration and continuous deployment (CI/CD) pipelines for accelerating software delivery in agile development environments.,hard
Formulate an algorithm for optimizing routing decisions in wireless mesh networks to minimize latency and maximize throughput.,hard
Debate the ethical implications of using autonomous drones for package delivery and logistics.,hard
Compare the advantages and disadvantages of using analog and digital filters in signal processing applications.,medium
"Explain the concept of construction scheduling and project management techniques, discussing methods such as Gantt charts, critical path analysis, and lean construction.",easy
Judge the reliability of fault diagnosis algorithms in identifying and isolating faults in mechanical systems.,hard
Assess the reliability of machine learning algorithms in detecting and mitigating cybersecurity threats.,hard
"A transportation company is developing an aerodynamic design for a high-speed train to reduce air resistance and increase energy efficiency. Analyze the aerodynamic principles (e.g., drag reduction, laminar flow control, boundary layer manipulation) and recommend design modifications for optimizing the train's aerodynamic performance.",medium
Debate the ethical implications of using facial recognition technology for identity verification in telecommunications services.,hard
"Contrast the principles of pulse amplitude modulation (PAM) and pulse code modulation (PCM) in digital communication systems, discussing their applications and limitations.",medium
Invent a method for enhancing the reliability of communication links in deep-space missions through the use of advanced error correction coding and signal processing techniques.,hard
Compare the different types of construction materials in terms of their properties and applications in building construction.,easy
"Compare the different types of multiplexing techniques (e.g., FDM, TDM, CDMA) in terms of their bandwidth utilization and complexity.",easy
You are leading the design of a renewable energy infrastructure project involving the construction of a wind farm in a rural area. Describe how you would apply structural engineering principles and wind load analysis methods to design turbine foundations and support structures capable of withstanding wind loads and vibrations.,medium
"Evaluate the reliability of different error correction codes (e.g., Reed-Solomon, Turbo codes, LDPC codes) in mitigating channel noise and improving data transmission reliability.",medium
"Explain the concept of urban drainage systems, discussing components such as stormwater sewers, culverts, and retention ponds.",easy
Criticize the efficiency of a sorting algorithm in terms of time complexity and space complexity.,hard
Recognize the syntax for configuring ACLs (Access Control Lists) on a router interface?,easy
Invent a method for automatically generating strong and unique passwords for user accounts based on user preferences and security policies.,hard
"Interpret the concept of network slicing in 5G networks, discussing its implications for network customization and resource allocation.",easy
"Explain the concept of hyperparameter tuning techniques, discussing their strategies for optimizing model performance.",easy
Interpret the concept of dimensional analysis and its applications in fluid mechanics and heat transfer.,easy
"A cybersecurity firm is analyzing the effectiveness of threat intelligence feeds in detecting and mitigating cyber threats. Evaluate the quality and reliability of threat intelligence sources, including indicators of compromise (IOCs), malware signatures, and attack patterns. Recommend threat intelligence platforms and integration techniques to enhance threat detection capabilities and incident response readiness.",hard
"Contrast the features and scalability of different cloud computing service models (e.g., IaaS, PaaS, SaaS) for deploying and managing enterprise applications.",medium
You are responsible for implementing a data backup and recovery strategy for your organization's critical systems and applications. Compare the advantages and limitations of using traditional tape backups versus cloud-based backup solutions such as AWS Backup and Azure Backup.,medium
"Contrast the principles of reinforcement learning and imitation learning in training autonomous agents, discussing their applications in robotics and game playing.",medium
Analyze the ethical considerations surrounding the relocation of communities for infrastructure development projects.,medium
"Interpret the concept of data privacy and ethics in AI & DS, discussing challenges such as algorithmic bias, data anonymization, and informed consent.",easy
Recognize the syntax for defining a loss function in TensorFlow?,easy
Critically evaluate the impact of quantum computing on cryptography and cybersecurity protocols.,medium
"Discuss the principles of water supply systems, explaining components such as pipelines, pumps, and storage reservoirs.",easy
Imagine you are designing a hydraulic system for heavy machinery. Describe how you would apply fluid dynamics principles and hydraulic component selection criteria to optimize system performance and control actuator movements with precision.,medium
Judge the efficiency of an adaptive modulation and coding scheme in maximizing data throughput in wireless communication channels.,hard
Criticize the sustainability of a transportation infrastructure project in terms of its environmental impact and resource usage.,hard
Critique the effectiveness of a software-defined networking (SDN) solution in optimizing network resource allocation and traffic management.,hard
"Evaluate the structural integrity of different composite materials (e.g., carbon fiber reinforced polymer, glass fiber reinforced polymer, aramid fiber reinforced polymer) under complex loading conditions.",medium
Invent a new approach for enhancing the durability of concrete structures in marine environments through advanced surface treatments and corrosion-resistant materials.,hard
"Evaluate the effectiveness of different software design patterns (e.g., singleton, factory, observer) in promoting code reusability and maintainability.",medium
Debate the ethical implications of using autonomous drones for environmental monitoring and ecological research.,hard
"Compare the features and performance of different equalization techniques (e.g., linear equalization, decision feedback equalization, adaptive equalization) in compensating for channel distortion.",medium
Evaluate the evidence supporting the use of blockchain technology for ensuring data integrity in supply chain management systems.,medium
"Explain the concept of pneumatic actuators, discussing their advantages and limitations compared to hydraulic actuators.",easy
Debate the ethical considerations of using exoskeletons for enhancing human performance in industrial work environments.,hard
"Contrast the principles of pneumatic and hydraulic systems, discussing their respective advantages and limitations in actuation and control applications.",medium
Describe the purpose of a load cell in force measurement?,easy
Compare the different types of manufacturing processes in terms of their material removal mechanisms and surface finish.,easy
Imagine you are developing a video streaming platform. Describe how you would apply adaptive bitrate streaming techniques to optimize video playback quality based on users' network conditions and device capabilities.,medium
"A financial institution is considering adopting blockchain technology for secure and transparent transactions. Evaluate the potential benefits and challenges of blockchain implementation in financial services, including factors such as scalability, interoperability, and regulatory compliance. Recommend use cases and implementation strategies to maximize the value of blockchain in financial operations.",hard
Assess the feasibility of implementing blockchain technology for ensuring the integrity and transparency of supply chain management.,hard
"Evaluate the effectiveness of various concurrency control mechanisms (e.g., locking, optimistic concurrency control) in multi-user database environments.",medium
"Imagine a new sustainable urban planning strategy for developing eco-friendly cities. Design its layout, infrastructure, and green spaces to promote environmental sustainability.",hard
A research project involves designing a radio frequency identification (RFID) system for tracking inventory and assets in a warehouse. Compare the advantages and limitations of using passive RFID tags versus active RFID tags for asset tracking in indoor and outdoor environments.,medium
"Compare the various types of modulation index in amplitude modulation (AM), frequency modulation (FM), and phase modulation (PM).",easy
"A social media platform is facing criticism for its content moderation policies and handling of misinformation. Evaluate the platform's current content moderation practices, including algorithmic filtering, user reporting mechanisms, and community guidelines enforcement. Propose improvements to enhance transparency, fairness, and accountability in content moderation decisions.",hard
Propose a framework for implementing quantum communication protocols such as quantum key distribution (QKD) for ultra-secure communication networks.,hard
"Compare the different types of file systems (e.g., FAT32, NTFS, ext4) used in operating systems, discussing their features and limitations.",easy
Propose a novel mechanism for converting waste heat from industrial processes into usable electrical energy to improve overall energy efficiency.,hard
Compare the time complexity of quicksort and mergesort algorithms for sorting large datasets.,medium
Assess the feasibility of using autonomous construction vehicles for earthmoving and site preparation.,hard
Evaluate the effectiveness of using machine learning algorithms for detecting and preventing cyberattacks in real-time.,medium
"Imagine you are overseeing the construction of a sustainable housing development aiming for net-zero energy consumption. Discuss how you would apply building information modeling (BIM) technology and energy-efficient design strategies to optimize building orientation, insulation, HVAC systems, and renewable energy integration to achieve energy neutrality.",medium
Criticize the reliability of non-destructive testing methods in detecting defects in welded joints.,hard
Analyze the potential security vulnerabilities introduced by Internet of Things (IoT) devices in smart home environments.,medium
Judge the sustainability of water supply management strategies in arid and water-stressed regions.,hard
"Compare the efficiency of different graph traversal algorithms (e.g., breadth-first search, depth-first search) for analyzing large-scale networks.",medium
"Compare the efficiency of different carrier recovery techniques (e.g., PLL, FLL, Costas loop) in coherent demodulation of phase-shift keyed signals.",medium
"Explain the concept of reinforcement learning, discussing its use for training agents to interact with dynamic environments and maximize cumulative rewards.",easy
"You are designing an innovative bridge structure for crossing a major waterway in an urban area. Create a bridge design that incorporates sustainable materials, modular construction techniques, and aesthetic considerations to minimize environmental impact, reduce construction time, and enhance visual appeal, incorporating structural analysis, finite element modeling, and wind tunnel testing for optimal bridge performance and durability.",hard
Critique the accuracy of a natural language processing (NLP) model for sentiment analysis in customer feedback analysis.,hard
Formulate a new method for predictive maintenance of industrial machinery using machine learning algorithms to analyze sensor data and predict failure modes.,hard
"Suppose you're analyzing soil settlement in a foundation system. Explain how you would perform soil consolidation tests, interpret settlement data, and estimate settlement predictions using empirical and analytical methods.",easy
Identify the differences between an interface and an abstract class in Java?,easy
Debate the ethical implications of using predictive analytics in law enforcement for crime prediction and prevention.,hard
Invent a method for fabricating lightweight and high-strength materials for use in aerospace and automotive applications using additive manufacturing.,hard
Propose a method for integrating natural language processing (NLP) techniques into virtual assistants to enable more conversational and context-aware interactions.,hard
"Your team is developing a mobile application that requires offline access to data. Compare the advantages and limitations of using local storage (e.g., SQLite database) versus cloud-based storage (e.g., Firebase) for caching data on mobile devices.",medium
"Evaluate the performance impact of different network protocols (e.g., TCP, UDP, ICMP) on real-time communication applications such as VoIP and video conferencing.",medium
Invent a method for enhancing the security of IoT devices and networks against cyberattacks and unauthorized access using blockchain technology.,hard
"Compare the features and security of different remote desktop protocols (e.g., RDP, VNC, SSH) for accessing and controlling remote computers over a network.",medium
Reproduce the steps to implement a merge sort algorithm in C?,easy
"Distinguish between analog and digital modulation techniques, assessing their suitability for transmitting voice, data, and video signals over communication channels.",medium
Retell the steps to configure port forwarding on a firewall for hosting a web server?,easy
"Explain the concept of regularization techniques in machine learning, discussing their role in preventing overfitting.",easy
Compare the various types of welding processes in terms of their heat input and joint quality.,easy
"Interpret the concept of bandwidth in communication systems, discussing its relationship with data rate and channel capacity.",easy
"Compare the various types of machine learning algorithms, discussing their learning paradigms and applications.",easy
Critique the accuracy of computational fluid dynamics (CFD) simulations in predicting flow behavior in turbomachinery.,hard
Critically analyze the performance of different heat exchanger designs for maximizing thermal efficiency.,medium
Solve a hypothetical scenario involving distributed denial of service (DDoS) attacks on a cloud-based infrastructure and propose effective countermeasures.,medium
Criticize the efficiency of a digital signal processing algorithm in noise reduction for wireless communication systems.,hard
"Evaluate the effectiveness of different disaster recovery strategies (e.g., backup and restore, hot site, cold site) in minimizing data loss and downtime during system failures.",medium
Examine the purpose of an ADC (Analog-to-Digital Converter) in signal processing?,easy
"Contrast the features and scalability of different cloud storage architectures (e.g., object storage, block storage, file storage) for storing and accessing data in cloud environments.",medium
"Distinguish between imperative and declarative programming paradigms, providing examples of each.",medium
Recognize the syntax for setting up a Verilog module for a counter circuit?,easy
Retell the steps to perform a plate load test for foundation design?,easy
Suppose you are developing a computer vision system for object detection in autonomous vehicles. Explain how you would apply convolutional neural networks (CNNs) and transfer learning techniques to train the model on annotated image datasets and recognize objects in real-time.,medium
Design a compiler optimization technique that leverages machine learning to automatically generate more efficient code for specific hardware architectures.,hard
"An automotive manufacturer is developing a lightweight chassis design for improving fuel efficiency and vehicle performance. Analyze the trade-offs between using advanced materials (e.g., aluminum alloys, carbon fiber composites) versus conventional steel alloys for chassis construction in terms of strength, stiffness, and cost-effectiveness.",medium
"As an IT administrator, you are upgrading the organization's email server infrastructure. Discuss how you would apply email filtering and anti-spam techniques to prevent phishing attacks and malware distribution.",medium
"Explain the concept of reinforced soil structures and their applications in slope stabilization, retaining walls, and bridge abutments.",easy
Tabulate the differences between a steel frame and a concrete frame in building construction?,easy
"Create a system for automatically generating personalized news summaries based on user interests, preferences, and reading habits using natural language processing.",hard
"A manufacturing plant is analyzing the reliability of predictive maintenance models for optimizing equipment uptime and production efficiency. Evaluate the accuracy of predictive maintenance algorithms, including failure prediction, anomaly detection, and remaining useful life (RUL) estimation. Propose condition monitoring techniques and sensor integration solutions to improve predictive maintenance accuracy and reduce unplanned downtime.",hard
Devise a system for automatically detecting and mitigating signal interference in unmanned aerial vehicle (UAV) communication systems.,hard
Devise a new concept for a modular robotic assembly system that can adapt to changing production requirements and product configurations.,hard
"Evaluate the effectiveness of different incident response frameworks (e.g., NIST, SANS, ISO/IEC 27035) in handling cybersecurity incidents and minimizing business impact.",medium
"An IoT (Internet of Things) startup is assessing the security vulnerabilities of smart home devices connected to its platform. Evaluate the potential risks associated with IoT device security, including data privacy, device authentication, and firmware updates. Recommend encryption protocols and security measures to protect user data and prevent unauthorized access to smart home devices.",hard
Compare and contrast different methods for quantifying the environmental impact of construction projects and analyze their accuracy.,medium
"Your organization is developing a seismic retrofitting plan for a historic building to improve its resilience to earthquake hazards. Compare the seismic retrofit techniques (e.g., base isolation, strengthening of structural elements, dampers installation) and recommend measures for enhancing the building's seismic performance while preserving its architectural integrity.",medium
"Your team is tasked with designing a sustainable drainage system for a new housing development to mitigate the risk of urban flooding. Compare the effectiveness of using green infrastructure (e.g., rain gardens, permeable pavement) versus traditional stormwater management practices (e.g., detention basins, culverts) in reducing stormwater runoff and improving water quality.",medium
Assess the efficiency of piezoelectric energy harvesting devices in converting mechanical vibrations into electrical energy.,hard
"Evaluate the thermal performance of different insulation materials (e.g., fiberglass, foam, cellulose) in building envelopes, considering factors such as thermal conductivity and R-value.",medium
Judge the effectiveness of a mobile device management (MDM) solution in securing and monitoring corporate-owned mobile devices.,hard
Evaluate the evidence supporting the use of artificial neural networks for speech recognition in noisy environments.,medium
Debate the ethical considerations of using AI-driven autonomous vehicles in public transportation systems.,hard
"Explain the concept of fluid viscosity and its effects on flow behavior, discussing Newtonian and non-Newtonian fluids.",easy
Imagine you are configuring a virtual private network (VPN) for a remote workforce. Explain how you would apply encryption protocols and authentication mechanisms to secure communication channels between users and the corporate network.,medium
"A government agency is exploring the adoption of artificial intelligence (AI) for citizen services and administrative tasks. Evaluate the ethical implications of AI-powered decision-making systems in government operations, including concerns related to accountability, transparency, and bias. Recommend governance frameworks and oversight mechanisms to ensure responsible and equitable use of AI in public sector applications.",hard
Design a framework for implementing software-defined networking (SDN) solutions that enable dynamic network management and configuration.,hard
Propose a framework for implementing green building certification standards in residential and commercial construction projects to promote energy efficiency and environmental stewardship.,hard
"A retail company is planning to implement a data analytics platform for customer segmentation and personalized marketing. Evaluate the ethical considerations of collecting and analyzing customer data for targeted advertising, including issues related to privacy, consent, and algorithmic transparency. Propose ethical guidelines and data governance policies to ensure responsible data usage and protect consumer rights.",hard
"Discuss the principles of bridge engineering, explaining concepts such as bridge types, structural components, and load distribution mechanisms.",easy
Debate the ethical considerations of using predictive analytics in insurance underwriting for risk assessment and pricing.,hard
"An automotive manufacturer is evaluating the efficiency of thermal management systems for electric vehicle (EV) battery cooling. Critically assess the cooling strategies, including liquid cooling and air cooling methods, used to regulate battery temperature and optimize performance. Recommend thermal modeling techniques and battery cooling designs to enhance EV battery lifespan and driving range.",hard
Invent a method for automatically generating human-like captions for images using natural language processing and computer vision techniques.,hard
Debate the ethical implications of using AI algorithms for predictive policing.,hard
Quote the definition of a reinforced earth retaining wall in geotechnical engineering?,easy
Propose a solution for implementing privacy-preserving contact tracing systems for infectious disease control using decentralized and encrypted data sharing.,hard
Compare the advantages and limitations of using batch gradient descent and stochastic gradient descent optimization techniques in training neural networks.,medium
"Recall the purpose of the ""virtual"" keyword in C++?",easy
"Discuss the principles of quantum cryptography, explaining its potential to revolutionize secure communication.",easy
"Suppose you're troubleshooting a synchronization issue in a synchronous digital hierarchy (SDH) network. Describe the synchronization sources, timing distribution methods, and clock recovery techniques you would analyze to maintain network synchronization.",easy
Invent a method for repurposing construction and demolition waste into sustainable building materials such as recycled aggregates and eco-friendly concrete.,hard
"Your company is developing a computer vision system for automated defect detection in manufacturing processes. Compare the advantages and limitations of using supervised learning approaches (e.g., convolutional neural networks) versus unsupervised learning approaches (e.g., clustering algorithms) for anomaly detection in visual inspection tasks.",medium
"Compare the scalability of different clustering algorithms (e.g., K-means, hierarchical clustering, DBSCAN) in grouping similar data points in large-scale datasets.",medium
Create a system for managing and recycling construction and demolition waste to minimize landfill waste and promote circular economy principles.,hard
"Contrast the benefits and limitations of using different gear types (e.g., spur gear, helical gear, worm gear) in mechanical power transmission systems.",medium
Invent a method for dynamically adjusting transmission power levels in wireless networks to optimize energy consumption and coverage.,hard
"Consider you're designing a cellular network for urban deployment. Explain how you would plan cell site locations, configure base station antennas, and optimize radio frequency (RF) coverage to provide seamless mobile connectivity.",easy
Compare and contrast different methods for reducing noise and vibration in automotive vehicles and analyze their effectiveness.,medium
Design a comprehensive cybersecurity strategy for safeguarding critical infrastructure systems against advanced persistent threats (APTs).,hard
"Compare the various types of combustion chambers in internal combustion engines, discussing their combustion characteristics.",easy
Devise a system for automatically analyzing network traffic patterns to detect and prevent insider threats and unauthorized access in organizational networks.,hard
"You are leading a team of engineers in developing a next-generation satellite communication network for global broadband connectivity. Create a satellite constellation design that optimizes coverage, capacity, and cost-effectiveness, incorporating advanced beamforming, frequency reuse, and inter-satellite links to deliver high-speed internet access to underserved regions worldwide.",hard
Assess the effectiveness of a data masking solution in protecting sensitive data during development and testing.,hard
Compare and contrast different methods for evaluating the fairness and interpretability of machine learning models.,medium
"Explain the concept of prestressed concrete and its advantages in structural design, discussing methods such as pre-tensioning and post-tensioning.",easy
Devise a system for automatically detecting and repairing cracks in concrete infrastructure using self-healing materials and embedded sensors.,hard
Debate the ethical considerations of using drones for aerial surveying and mapping in civil engineering projects.,hard
"Compare the structural performance of different beam configurations (e.g., simply supported beam, cantilever beam, continuous beam) under various loading conditions.",medium
"Evaluate the impact of different modulation-demodulation techniques (e.g., ASK, FSK, PSK) on the performance of digital communication systems.",medium
Identify the differences between symmetric and asymmetric encryption algorithms in terms of key distribution?,easy
Propose a method for implementing explainable AI (XAI) techniques in credit scoring systems to improve transparency and fairness.,hard
Analyze the ethical dilemmas associated with the development and deployment of autonomous weapons systems.,medium
Suppose you are optimizing the aerodynamic performance of a commercial aircraft wing design. Explain how you would apply computational fluid dynamics (CFD) simulations and wind tunnel testing to analyze airflow patterns and reduce drag for fuel efficiency.,medium
"An autonomous vehicle company is developing a perception system for detecting and classifying objects in real-time. Analyze the trade-offs between using single sensor modalities (e.g., LiDAR, camera, radar) versus sensor fusion techniques for robust object detection and tracking in diverse environmental conditions.",medium
Debate the ethical implications of using autonomous robots in search and rescue operations during natural disasters.,hard
Plan a disaster recovery strategy for critical infrastructure systems to ensure business continuity in the event of cyberattacks or natural disasters.,hard
"A telecommunications company is evaluating the security measures of its 5G network infrastructure against potential cyber threats. Critically assess the effectiveness of current security protocols, including encryption standards, authentication mechanisms, and intrusion detection systems. Propose enhancements to strengthen network security and protect against emerging threats such as ransomware and DDoS attacks.",hard
List the advantages of using SSH (Secure Shell) over Telnet for remote access?,easy
Compare the different types of bearings in terms of their load-carrying capacity and friction characteristics.,easy
"Explain the concept of geosynthetics and their applications in civil engineering, discussing materials such as geotextiles, geomembranes, and geogrids.",easy
"Contrast the principles of generative adversarial networks (GANs) and autoencoders in unsupervised learning, discussing their applications in data generation and compression.",medium
"Design a reinforcement learning-based system for autonomous energy management in smart grids, optimizing energy consumption and grid stability.",hard
"Discuss the principles of fluid flow in pipes, explaining concepts such as laminar flow, turbulent flow, and Reynolds number.",easy
"Contrast the characteristics of imperative programming languages (e.g., C, Python) and functional programming languages (e.g., Haskell, Scala).",medium
Reproduce the steps to configure a static IP address on a Linux machine?,easy
Reproduce the steps to configure SNMP (Simple Network Management Protocol) on a network device?,easy
List the advantages of using a flywheel in rotating machinery?,easy
Assess the feasibility of implementing network slicing for enabling service differentiation and resource isolation in 5G networks.,hard
Evaluate the evidence supporting the use of green infrastructure for stormwater management in urban environments.,medium
Judge the effectiveness of a bug bounty program in identifying and resolving security vulnerabilities in software applications.,hard
Assess the effectiveness of a reinforcement learning algorithm in optimizing resource allocation in dynamic environments.,hard
Enumerate the differences between axial and lateral loads on a structure?,easy
"Interpret the concept of transfer learning in deep learning, discussing its use for leveraging pre-trained models and adapting them to new tasks.",easy
Contrast the benefits and limitations of using a relational database management system (RDBMS) versus a NoSQL database for specific application scenarios.,medium
Debate the ethical implications of using AI algorithms for predictive healthcare diagnostics.,hard
Recall the syntax for defining a concrete mix design?,easy
Critique the accuracy of channel estimation techniques in mitigating multipath fading effects in wireless communication channels.,hard
Devise a system for autonomously inspecting and repairing underwater pipelines using robotic platforms equipped with sensors and manipulators.,hard
Judge the scalability of a distributed database system for handling concurrent read and write operations in a cloud environment.,hard
Invent a method for automatically generating synthetic training data for natural language processing tasks such as sentiment analysis and text classification.,hard
Hypothesize an approach for mitigating bias and ensuring fairness in machine learning models trained on sensitive demographic data.,hard
Formulate a strategy for implementing green building certification standards in residential and commercial construction projects to promote sustainability.,hard
Judge the effectiveness of microelectromechanical systems (MEMS) sensors in measuring dynamic loads in structural health monitoring.,hard
Propose a framework for implementing secure data sharing and collaboration platforms for healthcare professionals using blockchain technology.,hard
Design a novel algorithm for personalized recommendation systems that leverages both explicit and implicit user feedback to improve recommendation accuracy.,hard
Plan a framework for implementing zero-trust security architecture in organizational networks to mitigate insider threats and unauthorized access.,hard
"Describe the function of the ""nullptr"" keyword in C++?",easy
Critique the performance of active suspension systems in improving vehicle ride comfort and handling stability.,hard
Hypothesize an approach for leveraging blockchain technology to create a decentralized and secure marketplace for buying and selling spectrum licenses.,hard
Examine the difference between,easy
Devise a system for automatically generating code refactorings to improve code readability and maintainability in large software projects.,hard
You are designing a wireless sensor network for environmental monitoring in a remote area. Explain how you would apply energy harvesting techniques and low-power communication protocols to prolong the battery life of sensor nodes.,medium
Invent a new technique for reducing noise and vibration in mechanical systems through active vibration control and structural damping.,hard
"Evaluate the suitability of various design patterns (e.g., singleton, factory method, observer) for addressing common software design challenges.",medium
Analyze the ethical considerations surrounding the use of autonomous vehicles in emergency response and disaster relief operations.,medium
"Hypothesize an approach for using reinforcement learning to optimize supply chain management decisions, such as inventory control and logistics planning.",hard
"Differentiate between strong and weak typing in programming languages, discussing their implications on code safety and flexibility.",easy
Evaluate the effectiveness of different machine learning algorithms for sentiment analysis of social media data.,medium
Tabulate the differences between a girder and a beam in bridge engineering?,easy
Critically analyze the potential societal impacts of widespread adoption of autonomous vehicles on urban planning and transportation infrastructure.,medium
Describe the purpose of a nozzle in fluid mechanics?,easy
"Evaluate the performance of different dimensionality reduction techniques (e.g., PCA, t-SNE, LDA) in visualizing high-dimensional data and preserving important information.",medium
Suppose you are developing a mobile app for real-time language translation. Describe how you would apply machine learning algorithms to process and translate speech input into different languages accurately and efficiently.,medium
"A multinational corporation is evaluating the cybersecurity posture of its global network infrastructure. Evaluate the effectiveness of current cybersecurity measures, including network segmentation, access controls, and threat detection mechanisms. Propose cybersecurity best practices and risk management strategies to strengthen the organization's cyber resilience and protect against evolving threats.",hard
Imagine you're developing a recommendation system for an e-commerce platform. Describe how you would collect and preprocess user interaction data to generate personalized product recommendations using collaborative filtering techniques.,easy
"Explain the concept of honeypots in cybersecurity, discussing their role in detecting and analyzing malicious activity.",easy
"Explain the concept of Shannon's theorem in information theory, discussing its implications for channel capacity and data transmission.",easy
Describe the significance of a matched filter in signal processing?,easy
"Compare the performance of different machine learning algorithms (e.g., decision trees, support vector machines, neural networks) in terms of classification accuracy and training time.",medium
Evaluate the feasibility of using blockchain technology for secure and transparent data sharing in healthcare.,medium
"Distinguish between linear and nonlinear finite element analysis methods, discussing their respective applications in structural mechanics and stress analysis.",medium
Quote the definition of a honeypot in network security?,easy
Evaluate the ethical implications of using social media data for targeted advertising and personalized content recommendations.,medium
Assess the reliability of remote sensing techniques for monitoring land subsidence and ground movement.,hard
"You are spearheading the development of a personalized recommendation engine for an online streaming platform. Create a prototype of the recommendation engine using machine learning algorithms to analyze user preferences and behavior, generate personalized content recommendations, and enhance user engagement and satisfaction.",hard
Describe the process of soil stabilization using lime treatment?,easy
"A social media platform is implementing content moderation algorithms to identify and remove harmful or offensive content. Analyze the ethical considerations and societal implications of using automated content moderation systems, including issues related to bias, censorship, and freedom of expression.",medium
Hypothesize an approach for using additive manufacturing to fabricate customized medical implants tailored to individual patient anatomy.,hard
"Interpret the concept of frequency response of amplifiers, discussing its significance in designing audio and RF circuits.",easy
"Evaluate the performance impact of different indexing strategies (e.g., B-tree, hash index, bitmap index) on database query execution time and resource utilization.",medium
Critique the accuracy of positioning algorithms used in indoor localization systems for providing navigation assistance in indoor environments.,hard
You are working on the design of a sustainable building envelope for a green architecture project. Describe how you would apply passive solar design principles and building energy modeling software to optimize daylighting and thermal comfort while minimizing energy consumption.,medium
Retell the steps to implement a binary search tree traversal without recursion?,easy
"Compare the performance overhead of different endpoint security solutions (e.g., antivirus software, intrusion prevention systems, endpoint detection and response) in protecting against malware threats.",medium
"Consider you're analyzing time series data for predicting stock prices. Explain how you would preprocess historical stock data, engineer relevant features, and train machine learning models such as ARIMA or LSTM for forecasting.",easy
"Distinguish between a process and a thread in the context of multitasking operating systems, discussing their resource requirements and scheduling overhead.",medium
"Distinguish between stateful and stateless firewall architectures, discussing their respective impacts on network security and performance.",medium
"Explain the concept of Nyquist sampling theorem in signal processing, discussing its implications for analog-to-digital conversion.",easy
Critically analyze the challenges and benefits of implementing blockchain technology in the aerospace industry for managing aircraft maintenance records.,medium
"An aerospace manufacturer is analyzing the reliability of satellite communication systems for global connectivity. Evaluate the performance of satellite communication protocols, including latency, throughput, and error correction mechanisms. Recommend improvements to optimize satellite link efficiency and ensure uninterrupted communication in remote areas and harsh environmental conditions.",hard
Propose and justify strategies for mitigating the risks associated with insider threats in corporate IT environments.,medium
"Evaluate the seismic vulnerability of different building structures (e.g., reinforced concrete, steel frame, masonry) in earthquake-prone regions, considering factors such as ductility and damping.",medium
"Discuss the principles of software-defined storage (SDS), explaining its benefits in terms of scalability and flexibility.",easy
Judge the efficiency of a cybersecurity incident response plan in containing and mitigating the impact of a data breach.,hard
"Contrast the characteristics of static and dynamic linking in software development, discussing their implications on code modularity and deployment.",medium
Assess the reliability of a password manager application in securely storing and managing user credentials.,hard
"Compare the features and performance of different water supply systems (e.g., gravity-fed system, pressurized system, desalination plant) in providing safe drinking water to communities.",medium
"Discuss the principles of radar systems, explaining concepts such as pulse compression and Doppler processing.",easy
Design a new system for automatically detecting and mitigating zero-day vulnerabilities in enterprise software applications before they can be exploited by attackers.,hard
"Interpret the concept of interpretability-accuracy tradeoff in machine learning models, discussing approaches for balancing model complexity and explainability.",easy
"Compare the performance of different material removal processes (e.g., turning, milling, grinding) in terms of surface finish quality and machining efficiency.",medium
Propose innovative solutions for addressing cybersecurity challenges in the era of quantum computing.,medium
Assess the efficiency of a blockchain-based smart contract platform for automating business processes and transactions.,hard
"Contrast the features and limitations of classical machine learning algorithms (e.g., SVM, kNN, logistic regression) and deep learning algorithms in handling structured and unstructured data.",medium
Judge the effectiveness of a network access control (NAC) solution in securing network endpoints and enforcing security policies.,hard
"Contrast the principles of synchronous and asynchronous replication in database systems, discussing their implications on data consistency and fault tolerance.",medium
Judge the effectiveness of community-based disaster risk reduction programs in enhancing community resilience.,hard
"Contrast the characteristics of microkernel and monolithic kernel architectures in operating system design, discussing their impact on system reliability and performance.",medium
Critique the accuracy of a sentiment analysis model for analyzing social media data and predicting public opinion trends.,hard
"Compare the features and performance of different wireless networking technologies (e.g., Wi-Fi, Bluetooth, Zigbee) in terms of data rate and range.",medium
"You are tasked with developing a cloud-native application architecture for a software-as-a-service (SaaS) platform. Create a microservices-based architecture that enables scalability, agility, and resilience, incorporating containerization, orchestration, and continuous integration/continuous deployment (CI/CD) pipelines for rapid development and deployment of cloud-native applications.",hard
Create a novel methodology for anomaly detection in time series data using a combination of statistical analysis and deep learning techniques.,hard
Debate the ethical considerations of using AI-powered chatbots for customer service and support.,hard
"Propose innovative solutions for optimizing energy efficiency in HVAC (heating, ventilation, and air conditioning) systems for buildings.",medium
"Discuss the principles of unsupervised learning techniques, explaining their use for discovering hidden patterns in data.",easy
"Compare the efficiency of different channel coding schemes (e.g., convolutional codes, block codes, trellis codes) in reducing error rates and improving bandwidth utilization.",medium
"Discuss the principles of earthquake-resistant design, explaining concepts such as seismic zones, design spectra, and ductile detailing.",easy
Invent a method for enhancing the performance and longevity of lithium-ion batteries used in electric vehicles through advanced thermal management techniques.,hard
Here is the text data with the sequences of numbers removed:,easy
Assess the scalability of a software-defined access network (SDAN) architecture for providing flexible and efficient access to broadband services.,hard
Tabulate the differences between HTTP and HTTPS protocols in terms of security mechanisms?,easy
You are tasked with implementing a content delivery network (CDN) for a large-scale website. Explain how you would apply caching strategies and edge server placement to improve content delivery speed and reduce latency for global users.,medium
"Discuss the principles of data compression algorithms (e.g., lossless, lossy), explaining their trade-offs between compression ratio and quality.",easy
"Contrast the features and applications of different geotechnical investigation methods (e.g., borehole drilling, soil sampling, geophysical survey) in site characterization and foundation design.",medium
"Discuss the principles of disaster recovery planning, explaining strategies for data backup, replication, and failover.",easy
You are tasked with optimizing the scalability of a web application that experiences sudden spikes in user traffic. Analyze the strategies for implementing auto-scaling in cloud environments using tools such as AWS Auto Scaling and Kubernetes Horizontal Pod Autoscaler (HPA).,medium
"A healthcare organization is considering outsourcing its IT infrastructure to a managed service provider. Evaluate the suitability of outsourcing IT services based on factors such as data security, regulatory compliance, and cost-effectiveness. Recommend vendor selection criteria and service level agreements to ensure quality of service and protection of sensitive patient information.",hard
Describe the process of formwork erection in concrete construction?,easy
"Compare the efficiency of different propulsion systems (e.g., piston engine, gas turbine, electric motor) in aircraft and automotive applications.",medium
"Discuss the principles of imbalanced datasets in machine learning, discussing techniques for handling class imbalance such as oversampling and undersampling.",easy
"Contrast the principles of imperative programming with those of functional reactive programming (FRP), assessing their applicability in developing responsive user interfaces.",medium
Criticize the reliability of a network intrusion detection system (NIDS) in accurately identifying and blocking malicious network traffic.,hard
Solve a challenging programming puzzle involving dynamic programming and evaluate the algorithm's time and space complexity.,medium
"State the output of a ping command with the ""-t"" option in continuous mode?",easy
Assess the feasibility of implementing quantum key distribution (QKD) for secure communication in next-generation networks.,hard
"Evaluate the impact of channel impairments (e.g., attenuation, distortion, noise) on the quality of transmitted signals in communication systems.",medium
"Evaluate the performance of different pavement materials (e.g., asphalt, concrete, gravel) in terms of durability and resistance to traffic-induced wear and tear.",medium
Design a cybersecurity framework for securing interconnected smart cities against cyber threats and unauthorized access.,hard
"Explain the concept of sustainable transportation systems, discussing strategies for promoting public transit, active transportation, and congestion management.",easy
Evaluate the effectiveness of using machine learning algorithms for predicting and preventing cyberattacks in real-time.,medium
Compare the security implications of using symmetric encryption versus asymmetric encryption for data transmission over a network.,medium
"Imagine a new wireless communication protocol optimized for low-power, long-range IoT applications. Design its modulation scheme and error correction mechanism.",hard
"Design a new algorithm for multi-modal sentiment analysis that integrates textual, visual, and auditory information to provide more comprehensive sentiment analysis results.",hard
Plan a machine learning pipeline for detecting and classifying anomalies in sensor data from industrial IoT devices to prevent equipment failures.,hard
Design a framework for implementing software-defined radio (SDR) platforms for rapid prototyping and testing of new wireless communication protocols.,hard
"Suppose you're conducting thermal stress analysis in a composite material structure. Describe how you would account for material properties, thermal gradients, and coefficient of thermal expansion to predict deformation and failure under thermal loading.",easy
Imagine you are building a recommendation system for an online streaming platform. Describe how you would apply collaborative filtering algorithms and matrix factorization techniques to personalize content recommendations based on user preferences and viewing history.,medium
"Evaluate the sustainability of different transportation modes (e.g., road, rail, air, water) in terms of energy consumption and environmental impact.",medium
Formulate an algorithm for dynamically allocating resources in 5G networks to optimize network performance and user experience in highly dense urban areas.,hard
"Evaluate the reliability of different failure prediction techniques (e.g., fatigue analysis, stress analysis, finite element analysis) in estimating the remaining useful life of mechanical components.",medium
Propose a new method for enhancing the security and privacy of wireless sensor networks through lightweight encryption and authentication mechanisms.,hard
Imagine you are deploying a fiber-optic communication system for a high-speed data network. Discuss how you would apply wavelength division multiplexing (WDM) technology to increase bandwidth capacity and support multiple data streams.,medium
Recognize the purpose of a PID (Proportional-Integral-Derivative) controller in control systems?,easy
Assess the scalability of a distributed file system for storing and retrieving large volumes of data in a fault-tolerant manner.,hard
Design a framework for implementing secure multi-party computation protocols to enable privacy-preserving data analysis in distributed systems.,hard
"Discuss the principles of data privacy laws (e.g., GDPR, CCPA), explaining their requirements and implications for businesses handling personal data.",easy
"Discuss the principles of identity and access management (IAM) systems, explaining their role in controlling user access to resources.",easy
"Compare the various types of firewalls (e.g., stateful, application-layer, next-generation) in terms of their capabilities and deployment scenarios.",easy
"Evaluate the structural behavior of different building materials (e.g., reinforced concrete, steel, timber) under lateral loads such as wind and seismic forces.",medium
Develop a new method for assessing the resilience of transportation infrastructure to climate change-induced hazards such as flooding and extreme weather events.,hard
Design a privacy-preserving contact tracing system for infectious disease control using decentralized and encrypted data sharing protocols.,hard
Assess the efficiency of sustainable drainage systems (SuDS) in managing stormwater runoff and reducing flood risk.,hard
Assess the security vulnerabilities of a web application and recommend strategies for enhancing its cybersecurity posture.,hard
Judge the efficiency of a genetic algorithm in solving combinatorial optimization problems.,hard
Your organization is expanding its global operations and requires a reliable network infrastructure to connect offices in different geographical locations. Compare the advantages and limitations of using MPLS (Multiprotocol Label Switching) versus SD-WAN (Software-Defined Wide Area Network) for connecting remote sites.,medium
"Recognize the purpose of the ""const"" qualifier in function declarations?",easy
Describe the process of memory allocation for a dynamic array in C++?,easy
"Contrast the characteristics of satellite communication systems and terrestrial communication systems, discussing their respective advantages and limitations.",medium
"Explain the concept of virtual memory management in operating systems, discussing techniques such as paging and segmentation.",easy
"Contrast the principles of supervised and semi-supervised learning algorithms, discussing their applications in scenarios with limited labeled data.",medium
Critically analyze the challenges and benefits of implementing blockchain technology in the healthcare industry for managing electronic health records.,medium
"Interpret the concept of polymorphism in object-oriented programming, providing real-world scenarios where it can be applied effectively.",easy
"You are designing a secure and reliable IoT platform for remote monitoring and control of industrial systems in smart factories. Create an IoT platform architecture that integrates edge computing, data analytics, and cybersecurity features to ensure real-time data processing, predictive maintenance, and protection against cyber threats for critical industrial assets.",hard
"Compare the various types of transmission media (e.g., copper, fiber-optic, wireless) in terms of their bandwidth and susceptibility to noise.",easy
"Discuss the principles of intrusion detection and prevention systems (IDS/IPS), explaining their role in detecting and blocking network threats.",easy
You are tasked with implementing a multi-factor authentication (MFA) system for an online banking platform. Explain how you would apply biometric authentication methods and token-based verification to enhance account security and prevent unauthorized access.,medium
Contrast the advantages and disadvantages of using a virtual private network (VPN) versus a proxy server for ensuring secure remote access to corporate networks.,medium
Compare the different types of heat exchangers in terms of their heat transfer efficiency and compactness.,easy
Create a system for automatically detecting and mitigating vibration-induced fatigue failures in mechanical structures using sensor data analysis.,hard
Critique the performance of landslide mitigation measures in reducing landslide risks in mountainous regions.,hard
"Consider you're designing a sustainable building with green infrastructure features. Describe how you would integrate passive solar design, rainwater harvesting, and green roofs to enhance energy efficiency and reduce environmental footprint.",easy
"A defense contractor is evaluating the cybersecurity posture of military communication networks for resilience against cyber attacks. Critically assess the security architecture of military-grade encryption systems, including key management, cryptographic algorithms, and secure communication protocols. Propose cyber defense strategies and threat intelligence integration to safeguard sensitive military information and prevent cyber espionage.",hard
"Debate the ethical considerations of using biometric authentication methods (e.g., fingerprint, facial recognition) in consumer devices.",hard
Formulate an algorithm for optimizing the shape and configuration of wind turbine blades to maximize energy extraction from wind resources.,hard
Recall the characteristics of a MAC flooding attack in Ethernet networks?,easy
Compare the different types of clustering algorithms in terms of their clustering criteria and scalability.,easy
"Discuss the principles of electromagnetic interference (EMI) and electromagnetic compatibility (EMC), explaining techniques for mitigating interference in electronic circuits.",easy
"Compare the features and performance characteristics of different web servers (e.g., Apache, Nginx, Microsoft IIS) for hosting high-traffic websites.",medium
"Evaluate the reliability of different disaster recovery strategies (e.g., data replication, backup rotation, failover clustering) in minimizing data loss and downtime.",medium
"Imagine you're deploying a virtualization solution for a software development company. Describe the benefits of using virtual machines (VMs) and containers in terms of resource isolation, scalability, and portability.",easy
Critique the reliability of a deep learning model for medical diagnosis based on limited training data.,hard
"Devise a system for detecting and mitigating insider threats in organizational networks using behavior analysis, anomaly detection, and access controls.",hard
"Evaluate the effectiveness of different clustering algorithms (e.g., K-means, hierarchical clustering, DBSCAN) in identifying patterns and structures in unlabeled data.",medium
"A renewable energy developer is planning a wind farm project in a rural area with high wind potential. Analyze the wind turbine technologies (e.g., horizontal-axis turbines, vertical-axis turbines, offshore turbines) and recommend solutions for optimizing wind farm layout and turbine placement to maximize energy yield and minimize visual impact on the landscape.",medium
Critique the usability of a telecommunication network management system and propose improvements based on user feedback.,hard
Debate the ethical considerations of using facial recognition technology in public surveillance systems for crime prevention.,hard
Propose and justify strategies for optimizing the performance of recommendation systems in e-commerce platforms.,medium
"Discuss the principles of semi-supervised learning techniques, explaining their use for leveraging unlabeled data to improve model performance.",easy
Discuss the principles of database normalization and demonstrate their application in designing a relational database schema.,easy
"Evaluate the effectiveness of different anomaly detection algorithms (e.g., isolation forest, one-class SVM, autoencoders) in identifying outliers in data.",medium
Enumerate the differences between a hub and a switch in terms of collision domains?,easy
Hypothesize an approach for ensuring data privacy and confidentiality in distributed ledger systems while maintaining transparency and auditability.,hard
"Discuss the principles of environmental pollution control, explaining techniques for mitigating air pollution, water pollution, and noise pollution.",easy
Plan a satellite constellation system for providing global broadband internet access to underserved rural areas and remote communities.,hard
Recall the syntax for defining a spring-mass-damper system in a dynamic analysis?,easy
Propose a new mechanism for reducing friction and wear in mechanical components through surface texturing and lubricant additives.,hard
"Evaluate the effectiveness of different transfer learning techniques (e.g., fine-tuning, feature extraction, domain adaptation) in leveraging pre-trained models for new tasks.",medium
"Discuss the principles of cybersecurity, explaining concepts such as encryption, authentication, and intrusion detection.",easy
"Interpret the concept of recursion in programming, discussing its advantages and potential pitfalls.",easy
"You are developing a radar system for autonomous navigation and collision avoidance in unmanned aerial vehicles (UAVs) operating in complex urban environments. Create a radar signal processing algorithm that enables high-resolution target detection, tracking, and classification, incorporating Doppler processing, clutter suppression, and adaptive beamforming for robust UAV navigation and situational awareness.",hard
List the advantages of using a phased array antenna over a traditional antenna for radar systems?,easy
A healthcare facility is implementing a wireless medical telemetry system for monitoring patients' vital signs in real-time. Compare the security measures and regulatory compliance requirements of using Wi-Fi versus Bluetooth Low Energy (BLE) for medical device connectivity.,medium
"Contrast the characteristics of supervised learning and unsupervised learning algorithms, discussing their applicability in different data analysis tasks.",medium
"Suppose you're troubleshooting a voice quality issue in a cellular network. Describe the key performance indicators (KPIs) and metrics you would analyze to identify factors affecting call drops, latency, and audio distortion.",easy
Formulate a framework for automatically detecting and mitigating software vulnerabilities in real-time across diverse programming languages.,hard
"Distinguish between black-box and white-box testing approaches, discussing their respective advantages in software quality assurance.",medium
Hypothesize an approach for improving the energy efficiency of wireless power transfer systems for charging IoT devices and wearable electronics.,hard
Judge the effectiveness of advanced control strategies in optimizing energy consumption in HVAC systems for buildings.,hard
"Suppose you're analyzing stress distribution in a mechanical component subjected to varying loads. Explain how you would apply finite element analysis (FEA) techniques to model the geometry, material properties, and boundary conditions for stress simulation.",easy
"Compare the different types of network topologies (e.g., star, mesh, bus) in terms of their reliability and scalability.",easy
"Design a comprehensive disaster preparedness and response plan for coastal communities vulnerable to hurricanes, including evacuation routes and emergency shelters.",hard
"Consider you're troubleshooting a network outage in an office environment. Describe the steps you would take to diagnose the issue, starting from identifying the physical layer components to troubleshooting network protocols.",easy
Formulate a strategy for implementing edge computing solutions in remote industrial environments to enable real-time monitoring and control.,hard
"Design an innovative flood management system for urban areas prone to flash floods, integrating natural and engineered solutions to minimize flood risk.",hard
"Explain the concept of phase modulation (PM) in analog communication, discussing its advantages and applications.",easy
Identify the characteristics of an active bandpass filter?,easy
"Imagine a new design for a lightweight and durable material suitable for use in aerospace applications. Outline its composition, manufacturing process, and mechanical properties.",hard
"Explain the concept of model explainability in machine learning, discussing techniques for interpreting model predictions and building trust with stakeholders.",easy
Critique the explainability of machine learning models in high-stakes decision-making scenarios.,hard
"Compare the sustainability credentials of different building certification systems (e.g., LEED, BREEAM, Green Star) in promoting environmentally responsible construction practices.",medium
"Differentiate between interpreted and compiled programming languages, discussing their advantages and disadvantages in software development.",easy
"Contrast the principles of steady-state and transient heat conduction, discussing their respective applications in thermal analysis and design.",medium
Analyze the potential security vulnerabilities introduced by machine learning models in autonomous systems.,medium
"Contrast the features and limitations of different wireless communication standards (e.g., LTE, WiMAX, 5G NR) in terms of data rate and coverage area.",medium
Debate the ethical implications of using surveillance drones for wireless communication infrastructure monitoring and maintenance.,hard
You are building a chatbot for a customer service platform. Explain how you would apply natural language processing techniques to understand user queries and generate appropriate responses in real-time.,medium
"Contrast the characteristics of rolling, sliding, and fluid friction, discussing their impact on energy loss and mechanical efficiency in tribological systems.",medium
Plan a disaster recovery strategy for cloud-based services to ensure business continuity in the event of data breaches or service outages.,hard
"Consider you're analyzing the fatigue life of a welded structure subjected to cyclic loading. Explain how you would apply fatigue analysis methods such as S-N curves, stress-life approach, and fracture mechanics to estimate fatigue damage and durability.",easy
"Compare the security features and vulnerabilities of different authentication methods (e.g., passwords, biometrics, multi-factor authentication) in network access control.",medium
"Devise a new methodology for quantifying the carbon footprint of construction projects throughout their lifecycle, including materials production, construction, operation, and demolition.",hard
Invent a method for enhancing the security of IoT devices and networks through decentralized identity management and blockchain-based authentication.,hard
You are developing a satellite communication link for remote monitoring of offshore oil rigs. Discuss how you would apply error correction coding and modulation schemes to ensure reliable data transmission over long distances.,medium
"Explain the concept of groundwater hydrology, discussing topics such as aquifer properties, groundwater flow, and well hydraulics.",easy
Design a novel heat exchanger configuration for improving the efficiency of waste heat recovery systems in industrial processes.,hard
Analyze the ethical implications of using facial recognition technology for law enforcement and surveillance purposes.,medium
Recall the characteristics of a notch filter in signal processing?,easy
"Contrast the principles of strong typing and weak typing in programming languages, discussing their impact on type safety and runtime errors.",medium
Describe the purpose of a retaining wall in soil mechanics?,easy
"Your team is working on a natural language processing (NLP) project for sentiment analysis of customer reviews. Compare the accuracy and interpretability of different sentiment analysis techniques (e.g., lexicon-based, machine learning-based) in analyzing sentiment polarity and emotion intensity.",medium
Judge the efficiency of aeroelastic tailoring techniques in enhancing the aerodynamic performance of aircraft wings.,hard
Compare the different types of distance metrics used in clustering and classification tasks.,easy
"As an RF engineer, you are optimizing the coverage of a cellular network in an urban area. Describe how you would apply cell planning techniques and antenna diversity strategies to improve signal strength and minimize interference.",medium
"Explain the concept of network function virtualization (NFV), discussing its benefits in terms of network scalability and cost reduction.",easy
"Imagine you're designing a hydraulic system for heavy machinery. Explain how you would calculate pump flow rates, pressure losses, and actuator forces to ensure reliable performance and energy efficiency under varying operating conditions.",easy
Solve a complex graph theory problem related to network routing and evaluate the algorithm's efficiency in real-world scenarios.,medium
Imagine you are designing a fraud detection system for an e-commerce platform. Discuss how you would apply machine learning algorithms such as support vector machines (SVM) and ensemble methods to classify transactions as fraudulent or legitimate based on transaction features.,medium
"Evaluate the impact of different pavement materials (e.g., asphalt, concrete, permeable pavement) on stormwater runoff and urban drainage systems.",medium
"Discuss the principles of error detection and correction codes (e.g., Hamming code, CRC), explaining their mechanisms and efficiency.",easy
Critically analyze the challenges and opportunities of implementing Internet of Things (IoT) technologies in industrial automation systems.,medium
"Interpret the concept of virtualization technologies (e.g., hypervisor, virtual machines, containers), discussing their role in resource optimization and isolation.",easy
"Compare the different types of NoSQL databases (e.g., document-oriented, key-value, column-family) in terms of their data model and scalability.",easy
Analyze the ethical dilemmas associated with large-scale land development projects in ecologically sensitive areas.,medium
Formulate a method for optimizing the design of sustainable drainage systems (SuDS) to manage stormwater runoff and reduce urban flooding.,hard
Retell the steps to configure a VLAN (Virtual Local Area Network) on a managed switch?,easy
"Contrast the features and scalability of different web application firewalls (e.g., proxy-based WAF, cloud-based WAF, appliance-based WAF) in protecting against web-based attacks.",medium
Examine the difference between TCP (Transmission Control Protocol) and UDP (User Datagram Protocol) in terms of connection-oriented and connectionless communication?,easy
"Compare the performance characteristics of different web application frameworks (e.g., Django, Ruby on Rails, Laravel) in terms of request processing time and scalability.",medium
You are tasked with implementing a disaster recovery plan for a corporate network infrastructure. Describe how you would apply backup and replication strategies to ensure data availability and minimize downtime in case of system failure.,medium
Debate the ethical implications of using autonomous robots for bridge inspection and maintenance.,hard
Your company is planning to adopt a DevOps culture to streamline software development and deployment processes. Compare the benefits and challenges of implementing continuous integration (CI) versus continuous delivery (CD) practices in this transition.,medium
Invent a method for enhancing the security of satellite communication systems against signal jamming and interception using spread spectrum techniques.,hard
"Evaluate the thermal performance of different heat exchanger designs (e.g., shell-and-tube, plate heat exchanger, finned tube heat exchanger) in terms of heat transfer efficiency and pressure drop.",medium
Enumerate the differences between analog and digital modulation techniques?,easy
Design a novel antenna array configuration for improving the coverage and capacity of 5G cellular networks in urban areas with high user density.,hard
Compare the features and security of different mobile device management (MDM) solutions for enforcing corporate security policies on employee-owned devices.,medium
"Discuss the principles of time series analysis techniques, explaining their use for forecasting and anomaly detection.",easy
Critically evaluate the advantages and disadvantages of using reinforcement learning for training autonomous agents.,medium
Compare the different types of environmental impact mitigation measures in civil engineering projects.,easy
Invent a method for converting waste heat from industrial processes into electricity using thermoelectric materials and energy harvesting systems.,hard
Propose strategies for optimizing network performance in a cloud computing environment and evaluate their impact on scalability and reliability.,medium
"Explain the concept of link budget analysis in wireless communication systems, discussing its role in determining the feasibility of communication links.",easy
Debate the ethical implications of using machine learning algorithms for automated surveillance in telecommunications networks.,hard
"Explain the concept of feature engineering in machine learning, discussing techniques for extracting relevant features from raw data.",easy
Recognize the purpose of a geotechnical investigation in foundation design?,easy
"Suppose you're analyzing the dynamics of a mechanical linkage system. Describe how you would formulate equations of motion, solve kinematic constraints, and simulate system behavior to predict motion trajectories and forces.",easy
Judge the reliability of a fiber optic communication system in providing high-speed broadband connectivity over long distances.,hard
Judge the reliability of a software-defined storage (SDS) solution in optimizing data storage and retrieval across heterogeneous environments.,hard
Solve a complex control problem involving motion planning for robotic manipulators and evaluate the accuracy of the control algorithm.,medium
"Distinguish between online and batch learning approaches in machine learning, discussing their advantages and limitations in handling streaming data.",medium
Judge the performance of a reinforcement learning algorithm for optimizing resource allocation in cloud computing environments.,hard
Quote the definition of a pile cap in deep foundation design?,easy
Propose a solution for detecting and mitigating algorithmic bias in AI systems using fairness-aware machine learning algorithms and bias detection tools.,hard
State the output of a given settlement analysis of a shallow foundation?,easy
Criticize the reliability of landslide early warning systems in predicting and mitigating landslide hazards.,hard
Compare the different types of neural network activation functions in terms of their properties and suitability for deep learning.,easy
Examine the purpose of an op-amp (operational amplifier) in electronic circuits?,easy
"Compare the various types of modulation formats (e.g., QPSK, QAM, BPSK) in terms of their spectral efficiency and complexity.",easy
"Your company is designing a wireless sensor network for monitoring environmental conditions in a remote area. Compare the advantages and limitations of using Zigbee versus LoRaWAN for long-range, low-power communication in this application.",medium
"You are developing an advanced thermal energy storage system for industrial applications to store excess waste heat and utilize it for process heating and power generation. Create a thermal energy storage solution that integrates phase change materials (PCMs), molten salts, or thermochemical storage materials to store and release thermal energy efficiently, incorporating heat exchangers, insulation materials, and control systems for effective heat management and utilization.",hard
"Interpret the concept of edge computing and its implications for IoT (Internet of Things) architectures, discussing its advantages in latency-sensitive applications.",easy
"Explain the concept of bit error rate (BER) in digital communication, discussing its relationship with signal-to-noise ratio (SNR) and channel capacity.",easy
"Compare the security implications of different wireless authentication methods (e.g., WEP, WPA, WPA2) in securing Wi-Fi networks against unauthorized access.",medium
"Explain the concept of stress concentration in mechanical components, discussing its causes and methods for mitigating it.",easy
Critically evaluate the role of civil engineering in climate change adaptation and resilience planning for coastal cities.,medium
"Plan a sustainable land management strategy for preserving natural habitats and biodiversity in urban development projects, incorporating green corridors and wildlife crossings.",hard
Identify the characteristics of a phase-locked loop (PLL) in frequency synthesis?,easy
"Interpret the concept of antenna radiation patterns, discussing their characteristics and implications for signal coverage.",easy
Critically analyze the challenges and opportunities of implementing renewable energy technologies in urban infrastructure.,medium
"Evaluate the structural integrity of different materials (e.g., steel, aluminum, composite) under varying loading conditions, considering factors such as yield strength and fracture toughness.",medium
Enumerate the differences between internal and external gears in gear design?,easy
"Explain the concept of channel coding in digital communication, discussing its role in improving error performance and reliability.",easy
List the advantages of using a linked list over an array in certain scenarios?,easy
Retell the steps to configure port security on a Cisco switch?,easy
Tabulate the differences between L1 and L2 regularization penalties in machine learning?,easy
Judge the reliability of error control coding techniques in ensuring data integrity and reliability in satellite communication.,hard
Devise a system for monitoring and mitigating soil erosion in agricultural landscapes using sustainable land management practices and erosion control measures.,hard
"Contrast the features and performance of different reinforcement materials (e.g., steel rebar, fiberglass rebar, carbon fiber rebar) in reinforced concrete structures.",medium
Analyze the ethical implications of using additive manufacturing (3D printing) for producing military-grade components.,medium
"Critique the performance of advanced materials (e.g., carbon fiber composites) in structural applications for bridges and buildings.",hard
Analyze the trade-offs between using traditional construction methods versus prefabrication for building affordable housing.,medium
Critique the performance of a carrier aggregation technique in aggregating multiple LTE carriers for higher data rates in mobile networks.,hard
"As a data scientist, you are tasked with predicting customer churn for a telecom company. Discuss how you would apply machine learning models such as logistic regression and random forests to analyze historical customer data and identify factors influencing churn behavior.",medium
Invent a method for repurposing construction and demolition waste into valuable construction materials to reduce landfill waste and conserve natural resources.,hard
"Discuss the principles of model interpretability techniques, explaining their use for explaining black-box model predictions.",easy
Invent a novel mechanism for preventing distributed denial-of-service (DDoS) attacks on cloud-based services without compromising legitimate user access.,hard
Assess the feasibility of using shape optimization techniques for improving the aerodynamic performance of automotive vehicles.,hard
Design a framework for implementing zero-trust security architecture in enterprise networks to mitigate security risks and improve resilience.,hard
"Evaluate the reliability of different clock synchronization methods (e.g., GPS-based synchronization, IEEE 1588 PTP, distributed clock synchronization) in communication networks.",medium
"As a software engineer, you are responsible for optimizing the performance of a database-driven application experiencing slow query times. Outline the steps you would take to apply database indexing techniques to improve query response times.",medium
Judge the reliability of finite element analysis (FEA) simulations in predicting fatigue failure of structural components.,hard
"A construction company is assessing the environmental sustainability of building materials for green building certification. Evaluate the life cycle assessments (LCAs) of construction materials, including embodied carbon, energy consumption, and resource depletion. Propose sustainable material alternatives and green building strategies to minimize environmental impact and achieve LEED certification.",hard
Solve a hypothetical scenario involving a data breach in a healthcare organization and propose strategies for mitigating the impact on patient privacy.,medium
"Discuss the principles of deep learning architectures, explaining their structures and applications in computer vision and natural language processing.",easy
Devise a method for implementing secure and tamper-proof voting systems using blockchain technology to ensure transparency and integrity in elections.,hard
"Discuss the principles of satellite communication systems, explaining concepts such as orbital mechanics and link budget analysis.",easy
Propose a framework for implementing resilient building codes and standards in earthquake-prone regions to enhance structural safety and minimize earthquake damage.,hard
Debate the ethical implications of using unmanned aerial vehicles (UAVs) for archaeological surveying and heritage preservation.,hard
Design a comprehensive framework for integrating artificial intelligence and machine learning algorithms into telecommunications networks for predictive maintenance and optimization.,hard
Judge the fairness and transparency of a machine learning algorithm for credit scoring and loan approval.,hard
Compare the advantages and limitations of using analog and digital filters in signal processing applications such as audio and image filtering.,medium
"Formulate an algorithm for automatically generating personalized movie recommendations based on user preferences, viewing history, and social interactions.",hard
Solve a challenging optimization problem involving resource allocation for construction projects and evaluate the efficiency of the allocation strategy.,medium
Critically analyze the challenges and benefits of implementing quantum computing technologies in traditional computing environments.,medium
"Consider you're designing a satellite communication system for remote sensing applications. Explain how you would calculate link budget parameters, including path loss, antenna gain, and noise figure, to ensure reliable data transmission.",easy
"Consider you're designing a highway pavement for heavy traffic loads. Describe how you would determine pavement thickness, select material properties, and conduct pavement design using mechanistic-empirical approaches.",easy
"Compare the efficiency of different graph traversal algorithms (e.g., BFS, DFS, Dijkstra's) in finding shortest paths in weighted and unweighted graphs.",medium
Invent a method for harnessing renewable energy sources such as solar and wind power to meet the energy needs of remote and off-grid communities.,hard
"You are designing a blockchain-based supply chain management system for tracking and tracing products across the supply chain. Create a blockchain network that provides transparency, traceability, and immutability of supply chain transactions, incorporating smart contracts for automating contract execution, provenance tracking, and real-time visibility into product movements.",hard
Invent a method for automatically generating explanations for machine learning predictions to enhance trust and interpretability.,hard
"Contrast the principles of stateful and stateless firewall technologies, discussing their respective advantages and limitations in network traffic filtering.",medium
Invent a method for reducing noise and vibration levels in mechanical systems such as car engines or industrial machinery to improve comfort and reliability.,hard
"Explain the concept of distributed ledger technology (DLT), discussing its applications beyond cryptocurrencies, such as supply chain management and digital identity.",easy
"Compare the features and performance of different propulsion systems (e.g., piston engine, gas turbine, electric motor) in aircraft and automotive applications.",medium
"As an IT consultant, you are advising a healthcare organization on data storage solutions. Describe how you would apply encryption and access controls to secure electronic health records and comply with HIPAA regulations.",medium
"Explain the concept of creep in materials under sustained loading, discussing its mechanisms and effects on structural integrity.",easy
"Interpret the concept of strain gauges and their use in measuring mechanical deformation, discussing techniques for strain measurement and calibration.",easy
"Explain the concept of stress concentration factors in mechanical components, discussing their calculation methods and effects on fatigue life.",easy
Formulate an algorithm for optimizing hyperparameters of deep learning models using evolutionary strategies and Bayesian optimization techniques.,hard
Debate the ethical considerations of using AI algorithms for autonomous weapon systems.,hard
"You are developing an autonomous drone delivery system for delivering medical supplies to remote areas. Create a system architecture for the drone delivery network, including drone fleet management, route optimization algorithms, geofencing for no-fly zones, and integration with ground-based delivery hubs for package handling and distribution.",hard
"Discuss the differences between object-oriented and functional programming paradigms, illustrating with code snippets.",easy
Critically evaluate the role of finite element analysis (FEA) in predicting the structural behavior of complex engineering systems.,medium
"A healthcare provider is assessing the interoperability of medical devices and electronic health records (EHR) systems for seamless patient care. Evaluate the compatibility of medical device interfaces with EHR platforms, including data standards, communication protocols, and data integrity mechanisms. Propose integration solutions and interoperability standards to improve care coordination and patient safety.",hard
Judge the efficiency of a network congestion control algorithm in regulating traffic flows and preventing network congestion.,hard
Debate the ethical implications of using unmanned aerial vehicles (UAVs) for aerial spraying of pesticides in agriculture.,hard
"Plan a sustainable land use strategy for preserving natural habitats and biodiversity in urban development projects, incorporating green corridors and wildlife crossings.",hard
"Discuss the principles of distributed computing, explaining concepts such as CAP theorem and eventual consistency.",easy
Suppose you are designing a GPS navigation system for autonomous vehicles. Explain how you would apply signal processing algorithms and Kalman filtering techniques to enhance positioning accuracy and robustness in dynamic environments.,medium
Debate the ethical implications of using network neutrality principles for ensuring equal access to internet services and content.,hard
"Discuss the principles of heat transfer mechanisms, explaining their modes of energy transfer and applications in thermal systems.",easy
Invent a new technique for mitigating multipath fading effects in wireless communication channels using cooperative diversity and beamforming.,hard
Recognize the purpose of a Bernoulli's equation in fluid flow analysis?,easy
Plan a scalable and fault-tolerant distributed file system for storing and retrieving petabytes of scientific data generated by research institutions.,hard
Criticize the fairness and transparency of algorithmic decision-making systems used in online content recommendation.,hard
Invent a method for purifying contaminated groundwater using natural filtration processes and sustainable remediation techniques.,hard
State the output of a given regular expression applied to a string?,easy
Criticize the reliability of a two-factor authentication (2FA) system in preventing unauthorized access to online accounts.,hard
Describe the process of subnetting a given IP address range?,easy
Analyze the potential societal impacts of autonomous delivery drones on transportation logistics and urban infrastructure.,medium
Imagine you are building a recommendation system for an e-commerce platform. Discuss how you would apply matrix factorization techniques such as singular value decomposition (SVD) and alternating least squares (ALS) to generate personalized product recommendations for users based on their browsing and purchase history.,medium
"Differentiate between stack and heap memory allocation mechanisms in programming languages, explaining their implications on program performance.",easy
Reproduce the steps to implement a priority queue using a heap data structure?,easy
Devise a new system for automatically detecting and mitigating signal jamming attacks in wireless communication systems using machine learning techniques.,hard
"A renewable energy consultancy is analyzing the performance of wind forecasting models for renewable energy integration in power grids. Critically assess the accuracy of wind speed prediction algorithms, including numerical weather prediction (NWP) models and machine learning techniques. Recommend ensemble forecasting methods and probabilistic models to improve wind energy forecasting accuracy and grid stability.",hard
"You are tasked with designing a scalable and fault-tolerant distributed database system for a large-scale social media platform. Create a distributed database architecture that ensures high availability, consistency, and partition tolerance, incorporating techniques such as sharding, replication, and consensus protocols to handle massive data volumes and user interactions efficiently.",hard
Devise a system for automatically optimizing the placement of cellular base stations in urban environments to improve coverage and minimize interference.,hard
"You are leading a team of IT engineers in designing a software-defined networking (SDN) solution for a large enterprise network. Create a software-defined networking architecture that centralizes network management and control, decouples network hardware from software, and enables network automation and programmability for dynamic provisioning and optimization of network resources.",hard
Devise a system for automatically analyzing and classifying security vulnerabilities in software applications based on code analysis and vulnerability databases.,hard
"Interpret the concept of geotechnical site investigation, discussing methods such as soil sampling, in-situ testing, and geophysical surveys.",easy
Hypothesize an approach for enhancing the security and privacy of communication in vehicular ad hoc networks (VANETs) using blockchain technology.,hard
Design a system for automated image segmentation and feature extraction in medical imaging applications for diagnosing diseases such as cancer.,hard
Judge the effectiveness of vibration isolation techniques in reducing structural response to dynamic loads.,hard
Suppose you're configuring a virtual private network (VPN) for a remote workforce. Describe the encryption protocols and authentication methods you would use to secure data transmission over public networks.,easy
State the output of a given traceroute command in a networking scenario?,easy
Design an innovative bridge structure that integrates renewable energy generation technologies such as solar panels or wind turbines to power nearby communities.,hard
"A healthcare organization is implementing a predictive analytics system for forecasting patient readmissions. Analyze the effectiveness of using different machine learning algorithms (e.g., logistic regression, random forest, neural networks) in predicting patient readmission risks based on clinical data.",medium
Formulate a new approach for designing energy-efficient routing protocols in wireless sensor networks for environmental monitoring applications.,hard
You are designing a cooling system for an electric vehicle battery pack. Explain how you would apply heat transfer principles and computational fluid dynamics (CFD) simulations to optimize the thermal management system for efficient heat dissipation and battery performance.,medium
Propose a novel algorithm for optimizing database indexing in distributed systems to minimize query response time.,hard
Assess the reliability of a recommendation system in minimizing information bias and promoting diversity.,hard
Your team is tasked with optimizing the performance of a large-scale database system. Analyze the trade-offs between using vertical scaling (increasing hardware resources) and horizontal scaling (adding more servers) to handle increased data loads.,medium
Interpret the concept of regular expressions and their applications in text processing and pattern matching.,easy
"Interpret the concept of feature importance in machine learning models, discussing methods for assessing the contribution of features to model predictions.",easy
Formulate a new approach for dynamic resource allocation in cloud computing environments to optimize cost and resource utilization.,hard
"Distinguish between steady-state and transient heat conduction scenarios, assessing their respective impacts on temperature distribution in solid bodies.",medium
Plan a disaster recovery strategy for satellite communication systems to ensure uninterrupted service in the event of satellite failures or space debris collisions.,hard
"You are tasked with developing an AI-powered virtual assistant for personalized healthcare management. Create a virtual assistant system that integrates natural language processing (NLP), machine learning, and personalized recommendation algorithms to provide personalized health advice, medication reminders, and lifestyle recommendations based on individual health profiles and preferences.",hard
"You are designing a novel heat exchanger for thermal management in electric vehicle (EV) battery systems to optimize battery performance and lifespan. Create a heat exchanger design that maximizes heat transfer efficiency, minimizes pressure drop, and ensures uniform temperature distribution across battery cells, incorporating advanced materials, flow control mechanisms, and computational fluid dynamics (CFD) simulations for optimal thermal performance and reliability.",hard
Analyze the ethical implications of using eminent domain for public infrastructure projects.,medium
Formulate an algorithm for automatically generating music compositions in different genres using recurrent neural networks and generative models.,hard
"You are tasked with developing an autonomous robotic system for inspection and maintenance of offshore wind turbines in harsh marine environments. Create a robotic platform equipped with sensors, cameras, and manipulators to perform visual inspections, structural health monitoring, and minor repairs on wind turbine components, incorporating autonomous navigation algorithms, obstacle avoidance strategies, and remote operation capabilities for safe and efficient offshore operations.",hard
Retell the steps to perform soil compaction testing using a Proctor compactor?,easy
Critique the performance of seismic retrofitting techniques in enhancing the earthquake resistance of existing structures.,hard
Devise a system for monitoring and controlling air quality in urban environments to mitigate pollution-related health risks and improve overall public health.,hard
Tabulate the differences between a stack and a queue data structure?,easy
"Discuss the principles of internal combustion engines, explaining thermodynamic cycles such as Otto cycle and Diesel cycle.",easy
"Evaluate the impact of different channel coding methods (e.g., convolutional codes, Reed-Solomon codes, turbo codes) on error detection and correction in digital communication systems.",medium
"Compare the features and performance of different natural language processing (NLP) techniques (e.g., tokenization, stemming, lemmatization) in text analysis tasks.",medium
"Compare the spectral efficiency of different multiple antenna systems (e.g., MIMO, SIMO, MISO) in improving data throughput and reliability in wireless communication.",medium
Suppose you are designing a microservices architecture for a cloud-based application. Discuss how you would apply containerization technologies such as Docker and Kubernetes to deploy and manage independent service modules efficiently.,medium
Identify the characteristics of a culvert in hydraulic engineering?,easy
"Discuss the principles of dimensionality reduction techniques, explaining their use for visualizing high-dimensional data and reducing computational complexity.",easy
"Evaluate the performance impact of different error detection and correction techniques (e.g., CRC, Hamming code, Viterbi algorithm) in digital communication channels.",medium
You are developing an RFID-based inventory tracking system for a warehouse. Describe how you would apply radio frequency identification (RFID) protocols and anti-collision algorithms to efficiently identify and manage inventory items in real-time.,medium
"Recognize the significance of the keyword ""structural analysis"" in civil engineering?",easy
Your company is developing a chatbot for customer support services. Compare the performance of rule-based chatbots versus machine learning-based chatbots in understanding natural language queries and providing accurate responses to users.,medium
Suppose you are managing a cloud infrastructure for a software development team. Discuss how you would apply continuous integration and continuous deployment (CI/CD) practices to automate software delivery pipelines and streamline release cycles.,medium
Describe the significance of a soil nailing system in slope stabilization?,easy
Judge the efficiency of a power control algorithm in optimizing transmit power levels for minimizing interference in wireless networks.,hard
"Compare the various data structures (e.g., arrays, linked lists, trees, graphs) in terms of their memory usage and time complexity for common operations.",easy
"Your organization is planning a smart grid system for optimizing energy distribution and consumption in a city. Analyze the advantages and limitations of using power line communication (PLC) versus wireless communication technologies (e.g., Wi-Fi, cellular) for data transmission in smart grid networks.",medium
"Interpret the concept of structural health monitoring, discussing sensors, data analysis techniques, and applications in assessing structural integrity.",easy
"Interpret the concept of dynamic programming in algorithm design, providing examples of problems where dynamic programming can be applied.",easy
Debate the ethical implications of using AI algorithms for social media content moderation.,hard
"A building design firm is evaluating the energy efficiency of HVAC systems for sustainable building design. Critically analyze the performance of heating, ventilation, and air conditioning (HVAC) systems, including energy consumption, indoor air quality, and thermal comfort. Recommend energy-efficient HVAC technologies and building automation systems to minimize energy costs and environmental impact in commercial and residential buildings.",hard
Devise a system for automatically analyzing network traffic patterns to detect and mitigate distributed denial-of-service (DDoS) attacks in real-time.,hard
"Evaluate the efficiency of different renewable energy systems (e.g., solar photovoltaic, wind turbine, hydroelectric generator) in converting natural resources into electrical power.",medium
Invent a method for automatically optimizing cloud resource utilization and cost allocation based on application performance and user demand patterns.,hard
Plan a framework for implementing blockchain-based digital identity systems that provide users with control over their personal data and privacy.,hard
Judge the effectiveness of condition monitoring techniques in detecting incipient faults in rotating machinery.,hard
"A cloud-based storage service is planning to implement a new encryption algorithm for data-at-rest protection. Evaluate the security strengths and weaknesses of different encryption algorithms, including AES, RSA, and ECC. Recommend the most suitable encryption algorithm based on factors such as security level, performance overhead, and compatibility with existing systems.",hard
State the output of a given forward propagation step in a neural network?,easy
"Consider you're upgrading the network infrastructure for a multinational corporation. Describe the process of migrating from IPv4 to IPv6 addressing scheme, including addressing allocation, subnetting, and transition mechanisms.",easy
Contrast the benefits and limitations of using amplitude modulation (AM) and frequency modulation (FM) for broadcasting audio signals over radio channels.,medium
Explain the concept of mechanical vibrations and their effects on structural integrity and human comfort.,easy
"An aerospace engineering company is assessing the aerodynamic performance of aircraft wing designs for fuel efficiency and flight stability. Evaluate the lift-to-drag ratios, wing aspect ratios, and airfoil shapes of different wing configurations. Propose aerodynamic optimization techniques and computational fluid dynamics (CFD) simulations to improve aircraft performance and reduce fuel consumption.",hard
"Suppose you're analyzing traffic flow patterns at an urban intersection. Explain how you would conduct traffic surveys, model traffic behavior, and optimize signal timings to improve intersection capacity and reduce congestion.",easy
Assess the feasibility of using shape memory polymers for morphing wing applications in aerospace engineering.,hard
"Interpret the concept of federated identity management (e.g., OAuth, OpenID Connect), discussing its role in enabling single sign-on across multiple services.",easy
"As a data engineer, you are building a data pipeline for processing large volumes of streaming data from IoT devices. Explain how you would apply stream processing frameworks such as Apache Kafka and Apache Flink to ingest, process, and analyze real-time data streams.",medium
Compare the different types of web application firewalls (WAFs) in terms of their detection capabilities and deployment options.,easy
Devise a machine learning model for predicting stock market trends that incorporates sentiment analysis of news articles and social media posts.,hard
Your company is planning to migrate its on-premises email system to a cloud-based email service. Analyze the factors that need to be considered when choosing between Microsoft Office 365 and Google Workspace (formerly G Suite) for email hosting and collaboration.,medium
"Contrast the principles of model-based clustering and density-based clustering algorithms, discussing their respective approaches to identifying clusters in data.",medium
Create a novel seismic retrofitting technique for enhancing the resilience of existing buildings to earthquakes by incorporating base isolation and energy dissipation devices.,hard
You are developing a natural language processing (NLP) application for sentiment analysis of social media posts. Explain how you would apply text preprocessing techniques such as tokenization and stemming to extract meaningful features from textual data.,medium
"As a cybersecurity analyst, you are investigating a suspected network intrusion. Discuss how you would apply packet sniffing tools and intrusion detection systems to analyze network traffic and identify malicious activity.",medium
"Plan a sustainable transportation system for a city that integrates public transit, cycling infrastructure, and electric vehicle charging stations to reduce traffic congestion and emissions.",hard
Criticize the accuracy of a predictive analytics model for forecasting stock prices and recommend adjustments based on historical data.,hard
Judge the reliability of a network slicing framework in enabling network virtualization and service customization for different applications.,hard
Devise a method for implementing nature-based solutions such as wetland restoration and coastal vegetation planting to mitigate coastal erosion and flooding.,hard
"Explain the concept of overfitting in machine learning, discussing its causes and techniques for preventing it, such as early stopping and dropout regularization.",easy
Invent a method for automatically summarizing lengthy legal documents and contracts using natural language processing and text summarization techniques.,hard
Identify the characteristics of a Singleton design pattern?,easy
Reproduce the steps to perform spectrum analysis of a signal using a spectrum analyzer?,easy
Devise a method for implementing end-to-end encryption in messaging applications to ensure confidentiality and integrity of communications.,hard
"Compare the sustainability credentials of different building materials (e.g., wood, steel, concrete) in terms of embodied energy and recyclability.",medium
"Formulate a new design concept for a zero-emission building that utilizes passive solar heating, natural ventilation, and renewable energy systems to achieve net-zero energy consumption.",hard
Create a system for optimizing the design of heat exchangers in HVAC systems for improved energy efficiency and indoor comfort.,hard
An e-commerce platform is assessing the effectiveness of customer segmentation algorithms for targeted marketing campaigns. Evaluate the clustering algorithms and segmentation criteria used to group customers based on purchasing behavior and preferences. Recommend segmentation validation techniques and cohort analysis methods to optimize marketing strategies and increase conversion rates.,hard
Devise a method for automatically detecting and correcting errors in medical imaging datasets to improve the accuracy of diagnostic models.,hard
"Describe the purpose of the ""friend"" keyword in C++ classes?",easy
Identify the differences between flexible and rigid pavements in road construction?,easy
"Compare the various types of kernel functions used in support vector machines, discussing their effects on decision boundaries.",easy
Critique the performance of electrohydraulic servo systems in precision control applications.,hard
"Evaluate the reliability of different non-destructive testing methods (e.g., ultrasonic testing, radiographic testing, eddy current testing) in detecting defects in materials.",medium
Design a new hardware architecture for implementing physical layer security techniques in wireless communication systems to protect against eavesdropping and interception.,hard
Formulate a method for optimizing the structural design of tall buildings to withstand seismic forces and enhance occupant safety.,hard
"Contrast the features and applications of different multiplexing techniques (e.g., TDM, FDM, CDMA) in telecommunications networks.",medium
Enumerate the differences between amplitude modulation (AM) and frequency modulation (FM) in radio communication?,easy
Design a decentralized social media platform that prioritizes user privacy and data ownership using blockchain and encryption technologies.,hard
"Develop a new programming language specifically tailored for distributed computing, incorporating features to handle fault tolerance and scalability.",hard
"You are designing an identity and access management (IAM) system for a global enterprise to manage user identities and access privileges across distributed IT environments. Create an IAM architecture that centralizes user authentication, authorization, and access control policies, supporting single sign-on (SSO), multi-factor authentication (MFA), and role-based access control (RBAC) for secure and seamless access to resources.",hard
"Hypothesize an approach for integrating blockchain technology into electronic voting systems to ensure transparency, security, and verifiability of election results.",hard
"Contrast the principles of passive and active solar heating systems in building design, discussing their effectiveness in reducing energy consumption and carbon emissions.",medium
Formulate a method for optimizing the aerodynamic design of commercial aircraft wings to reduce fuel consumption and emissions.,hard
"A manufacturing company is assessing the cybersecurity risks associated with industrial IoT (IIoT) devices deployed in smart factories. Evaluate the security vulnerabilities of IIoT devices, including firmware vulnerabilities, supply chain risks, and unauthorized access points. Recommend security controls and best practices to mitigate IIoT-related threats and ensure operational resilience in industrial environments.",hard
Retell the steps to implement operator overloading in C++?,easy
Compare the various types of anomaly detection methods in terms of their sensitivity and specificity.,easy
"Compare the hydraulic performance of different stormwater management techniques (e.g., detention ponds, permeable pavement, green roofs) in reducing runoff and flood risk.",medium
Create a new algorithm for optimizing the performance of a database query system under high concurrency and large dataset conditions.,hard
Critically evaluate the role of artificial intelligence in autonomous vehicles and its potential impact on road safety and ethics.,medium
Imagine you are configuring network firewalls for a corporate data center. Discuss how you would apply intrusion prevention rules and traffic filtering policies to detect and block malicious network traffic.,medium
"Contrast the features and performance of different braking systems (e.g., disc brakes, drum brakes, regenerative brakes) in terms of stopping distance and thermal dissipation.",medium
Evaluate the impact of different indexing strategies on query performance in database management systems.,medium
Critically analyze the challenges and benefits of implementing robotics and automation in the construction industry.,medium
"Evaluate the security risks associated with different mobile device management (MDM) solutions (e.g., device encryption, remote wipe, containerization) in BYOD environments.",medium
"Explain the concept of DevOps (development and operations), discussing its principles and practices for improving collaboration and software delivery.",easy
Propose and justify strategies for optimizing the efficiency of public transportation systems to reduce traffic congestion.,medium
"Explain the concept of stress analysis using finite element method, discussing its advantages and limitations in structural analysis.",easy
Judge the efficiency of a cognitive radio system in dynamic spectrum access for opportunistic spectrum utilization.,hard
Analyze the potential environmental impacts of large-scale land reclamation projects in coastal areas.,medium
"Distinguish between horizontal and vertical scaling in the context of scaling web applications, discussing their suitability for different scenarios.",medium
Assess the feasibility of using unmanned aerial vehicles (UAVs) for inspecting and monitoring tall structures and bridges.,hard
"You are designing a deep learning model for image recognition in autonomous vehicles to identify traffic signs, pedestrians, and other objects in real-time. Create a convolutional neural network (CNN) architecture that achieves high accuracy, low latency, and robust performance under various environmental conditions, incorporating techniques such as transfer learning, data augmentation, and model compression for efficient deployment in resource-constrained embedded systems.",hard
"A telecommunications company is considering the deployment of 5G technology for next-generation wireless networks. Evaluate the potential benefits and risks of 5G implementation, including factors such as network speed, latency, and spectrum allocation. Recommend deployment strategies and use cases to maximize the value of 5G technology for improved connectivity and innovative services.",hard
Recall the characteristics of a septic tank in wastewater treatment systems?,easy
Quote the definition of a DMZ (Demilitarized Zone) in network security architecture?,easy
Criticize the accuracy of digital twin simulations in predicting the behavior of complex mechanical systems.,hard
Assess the scalability of a content delivery network (CDN) for delivering multimedia content to a global audience.,hard
Design a robotic exoskeleton for assisting workers in performing physically demanding tasks in industries such as construction or manufacturing.,hard
"Invent a new approach for optimizing the design of urban public spaces to promote social interaction, community engagement, and physical activity.",hard
"Explain the concept of network address translation (NAT), discussing its role in conserving IP addresses and enhancing network security.",easy
You are working on a predictive maintenance system for industrial machinery. Describe how you would apply time series analysis and anomaly detection algorithms to monitor sensor data and identify potential equipment failures before they occur.,medium
Create a new communication protocol for enabling seamless connectivity and data exchange between heterogeneous IoT devices in smart city environments.,hard
Create a system for automatically generating personalized music playlists based on user preferences and listening habits using machine learning.,hard
"Interpret the concept of pavement design, discussing factors such as traffic volume, soil support, and climate conditions.",easy
Your team is tasked with designing a cooling system for an electric vehicle battery pack to maintain optimal operating temperatures. Compare the effectiveness of using air cooling versus liquid cooling systems in dissipating heat from the battery cells while minimizing energy consumption and system weight.,medium
"Evaluate the impact of different caching strategies (e.g., write-through, write-behind, cache-aside) on reducing latency and improving data access speed in web applications.",medium
Suppose you're performing anomaly detection in network traffic data. Describe the unsupervised learning algorithms and feature engineering techniques you would apply to detect unusual patterns and potential security threats.,easy
"An e-commerce website is experiencing slow loading times and frequent downtime during peak traffic periods. Evaluate the performance bottlenecks in the website's architecture, including database queries, server response times, and frontend rendering. Recommend performance optimization strategies to improve website responsiveness and user experience.",hard
Suppose you are developing a speech recognition system for virtual assistants. Discuss how you would apply recurrent neural networks (RNNs) and attention mechanisms to transcribe spoken language into text and understand user commands accurately.,medium
"Suppose you're designing a renewable energy system using solar photovoltaic panels. Describe how you would calculate solar irradiance, panel efficiency, and energy output to size the system and estimate electricity generation.",easy
Formulate an algorithm for automatically generating optimized code from high-level specifications written in a domain-specific language (DSL).,hard
"Compare the features and performance of different recommendation systems (e.g., collaborative filtering, content-based filtering, matrix factorization) in personalized recommendation tasks.",medium
Describe the significance of a safety factor in design engineering?,easy
"Contrast the characteristics of narrowband and spread spectrum communication systems, discussing their respective advantages and limitations.",medium
"A security incident has occurred in your organization, and you are tasked with analyzing log data to identify potential security breaches. Evaluate the effectiveness of using Security Information and Event Management (SIEM) solutions such as Splunk versus ELK (Elasticsearch, Logstash, Kibana) Stack for log analysis and threat detection.",medium
Recognize the syntax for defining a traffic signal timing plan?,easy
"Contrast the characteristics of symmetric and asymmetric encryption algorithms, discussing their suitability for encrypting data at rest and in transit.",medium
Create a new sustainable construction material that utilizes recycled waste materials and alternative binders to reduce environmental impact and enhance structural performance.,hard
Judge the scalability of a cloud-based identity and access management (IAM) solution for managing user identities and permissions.,hard
Imagine you're developing a mobile application for real-time navigation. Explain how you would integrate GPS technology with mapping APIs to provide turn-by-turn directions and traffic updates to users.,easy
Analyze the potential environmental impacts of urban sprawl and propose strategies for promoting compact city development.,medium
Your organization is undergoing a digital transformation initiative and requires a modern identity and access management (IAM) solution to secure user identities and access to resources. Compare the features and integration capabilities of cloud-based IAM platforms such as Okta versus Microsoft Azure Active Directory (Azure AD).,medium
Propose creative solutions for reducing construction waste and promoting recycling in the construction industry.,medium
"Your company is designing an energy-efficient HVAC (heating, ventilation, and air conditioning) system for a commercial building. Compare the features and performance of different HVAC technologies (e.g., variable refrigerant flow, geothermal heat pumps, chilled beams) in providing thermal comfort while minimizing energy consumption and environmental impact.",medium
"A renewable energy company is designing a solar power plant for generating electricity in a desert region with high solar irradiance. Analyze the factors that influence the selection of solar photovoltaic (PV) technologies (e.g., monocrystalline, polycrystalline, thin-film) and mounting configurations for maximizing energy yield and minimizing land use.",medium
Compare and contrast various cryptographic algorithms for securing communications over the Internet and assess their resistance to attacks.,medium
"Describe the purpose of the ""this"" pointer in C++?",easy
"Contrast the principles of imperative and functional programming paradigms, discussing their suitability for concurrent and parallel programming tasks.",medium
"Interpret the concept of distributed denial of service (DDoS) attacks, discussing their mechanisms and mitigation strategies.",easy
Criticize the interpretability of black-box machine learning models in healthcare.,hard
Compare and contrast different techniques for feature selection in machine learning models and analyze their impact on model interpretability.,medium
"Contrast the features and performance of different intrusion detection systems (e.g., signature-based IDS, anomaly-based IDS, host-based IDS) in identifying and mitigating cyber threats.",medium
"Imagine you're optimizing the throughput of a Wi-Fi network in a crowded urban area. Explain how you would mitigate interference, improve signal coverage, and prioritize traffic using quality of service (QoS) mechanisms.",easy
"A municipal water utility is facing challenges in providing safe drinking water to residents due to aging water distribution infrastructure and contamination risks. Analyze the water treatment technologies (e.g., coagulation, filtration, disinfection) and recommend strategies for improving water quality and distribution system reliability.",medium
Design a scalable and fault-tolerant content delivery network (CDN) for efficiently distributing multimedia content to users worldwide.,hard
Tabulate the differences between laminar and turbulent flow in fluid dynamics?,easy
"Evaluate the effectiveness of different vibration isolation methods (e.g., rubber mounts, active vibration control, tuned mass dampers) in reducing vibrations in mechanical systems.",medium
"A software development team is tasked with selecting a cloud computing provider for hosting mission-critical applications. Evaluate the performance, reliability, and security features of different cloud service providers, including AWS, Azure, and Google Cloud. Recommend the most suitable cloud platform based on workload requirements, compliance needs, and budget constraints.",hard
"Contrast the principles of analog and digital signal processing, assessing their respective advantages in real-time signal analysis.",medium
Your company is developing a web application that requires real-time communication between clients and the server. Compare the advantages and disadvantages of using WebSocket protocol versus HTTP polling for achieving real-time updates.,medium
"You are designing a satellite communication system for providing broadband internet access to remote communities. Compare the features and performance of different satellite constellations (e.g., geostationary orbit, low Earth orbit, medium Earth orbit) in terms of coverage area and latency.",medium
"Suppose you're tasked with implementing a data backup strategy for a large enterprise. Describe the factors you would consider in choosing between incremental backups, differential backups, and full backups for different types of data.",easy
"Evaluate the impact of different regularization techniques (e.g., L1 regularization, L2 regularization, dropout regularization) on preventing overfitting in machine learning models.",medium
"Your company is considering migrating its infrastructure to the cloud for improved scalability and cost-efficiency. Analyze the factors that need to be considered when choosing between public cloud providers such as AWS, Azure, and Google Cloud Platform.",medium
"Compare the efficiency of different network protocols (e.g., TCP, UDP, SCTP) in supporting reliable data transmission and congestion control in computer networks.",medium
Formulate an algorithm for automatically detecting and mitigating radio frequency interference (RFI) in wireless communication systems using machine learning.,hard
Compare the various types of dams in terms of their structural characteristics and reservoir management.,easy
Recognize the purpose of a varactor diode in voltage-controlled oscillators?,easy
Critique the usability of a password manager application and propose enhancements based on user experience research.,hard
Analyze the trade-offs between using analog and digital modulation techniques for satellite communication systems.,medium
Recognize the syntax for defining an anonymous function in JavaScript?,easy
Evaluate the feasibility of using artificial intelligence algorithms for predicting maintenance requirements in industrial machinery.,medium
"Suppose you're developing an Internet of Things (IoT) application for smart home automation. Describe the wireless communication technologies and network topologies you would employ to connect sensors, actuators, and control devices.",easy
Devise a system for optimizing spectrum allocation in wireless networks to maximize throughput and minimize interference using machine learning.,hard
"Compare the different types of digital filters (e.g., FIR, IIR) in terms of their stability, phase response, and implementation complexity.",easy
Design a decentralized social networking platform that ensures user privacy and data ownership using blockchain technology.,hard
"Interpret the concept of land surveying techniques, discussing methods such as triangulation, traversing, and GPS surveying.",easy
Evaluate the performance impact of different content delivery network (CDN) architectures on website load times and user experience.,medium
"Discuss the principles of text preprocessing techniques, explaining their role in NLP tasks.",easy
Solve a hypothetical scenario involving distributed denial of service (DDoS) attacks on a network infrastructure and propose effective countermeasures.,medium
Compare the different types of structural systems in terms of their load-carrying mechanisms and applications.,easy
Tabulate the differences between a stateful and a stateless firewall?,easy
Assess the feasibility of using green infrastructure for urban heat island mitigation and climate resilience.,hard
Imagine you are implementing a digital audio broadcasting (DAB) system for radio broadcasting. Describe how you would apply audio compression algorithms and multiplexing techniques to optimize bandwidth utilization and audio quality.,medium
Compare the various types of optimization algorithms in terms of their convergence speed and stability.,easy
Propose a novel algorithm for generating synthetic training data to address data scarcity issues in medical image analysis for diagnosing rare diseases.,hard
Critically evaluate the role of 3D printing in the customization of medical implants and prosthetics.,medium
"Compare the scalability of different load balancing algorithms (e.g., round-robin, least connections, weighted round-robin) in distributing incoming traffic across server clusters.",medium
Assess the feasibility of implementing massive MIMO technology for improving spectral efficiency and capacity in wireless networks.,hard
"Plan a system for implementing autonomous maintenance robots in large-scale industrial facilities for tasks such as cleaning, inspection, and repair.",hard
"Analyze the trade-offs between using renewable energy sources (e.g., wind, solar) versus fossil fuels for power generation.",medium
Design a novel propulsion system for electric aircraft that combines battery-electric and hydrogen fuel cell technologies for extended range and endurance.,hard
"You are tasked with designing a sustainable urban drainage system for managing stormwater runoff in a rapidly growing city. Create a drainage system that incorporates green infrastructure such as rain gardens, bioswales, and permeable pavements to reduce runoff volumes, improve water quality, and enhance urban biodiversity, incorporating hydraulic modeling, GIS analysis, and cost-benefit analysis for effective stormwater management and urban planning.",hard
"You have been assigned to design a blockchain-based voting system for ensuring transparent and tamper-proof elections. Create a conceptual design for the voting system, including the structure of the blockchain network, consensus mechanism, smart contracts for voter registration and ballot casting, and mechanisms for verifying and tallying votes securely.",hard
"Discuss the principles of time division multiplexing (TDM) in digital communication, explaining its advantages and limitations.",easy
Compare and contrast different methods for heat transfer enhancement in heat exchangers and analyze their effectiveness.,medium
Reproduce the steps to calculate the bending moment of a beam?,easy
Compare the different types of anomaly detection algorithms in terms of their detection capabilities and computational complexity.,easy
Judge the effectiveness of adversarial training techniques in improving model robustness.,hard
"You are tasked with designing a novel algorithm for optimizing resource allocation in cloud computing environments to minimize energy consumption while maximizing performance. Develop a detailed plan outlining the algorithm's design principles, implementation steps, and evaluation criteria for assessing its efficiency and scalability.",hard
Propose a framework for using transfer learning and domain adaptation to improve the performance of machine learning models in low-resource domains.,hard
"Discuss the role of cache memory in improving CPU performance, explaining the concepts of cache hit and cache miss.",easy
Invent a method for detecting and mitigating model drift in machine learning systems to ensure continued accuracy and reliability over time.,hard
"Imagine you're evaluating the environmental impact of a construction project. Describe how you would perform environmental impact assessments (EIAs), identify potential risks, and propose mitigation measures to minimize adverse effects on ecosystems.",easy
Your team is developing a communication protocol for an Internet of Things (IoT) device that requires secure data transmission over a wireless network. Analyze the differences between using MQTT (Message Queuing Telemetry Transport) and CoAP (Constrained Application Protocol) for IoT communication in terms of reliability and resource efficiency.,medium
"Compare the various data serialization formats (e.g., JSON, XML, Protocol Buffers) in terms of efficiency and readability.",easy
Invent a new protocol for secure and efficient communication between Internet of Things (IoT) devices in a smart home environment.,hard
Imagine you're developing a chatbot for customer support. Describe how you would implement natural language understanding (NLU) and dialogue management using intent classification and response generation techniques.,easy
Assess the efficiency of a bug bounty program in incentivizing security researchers to discover and report software vulnerabilities.,hard
"Contrast the principles of synchronous and asynchronous programming models in concurrent software development, discussing their impact on scalability and responsiveness.",medium
"Evaluate the impact of different fading models (e.g., Rayleigh fading, Rician fading, Nakagami fading) on the performance of wireless communication systems.",medium
"Compare the characteristics of different wireless propagation models (e.g., free space model, two-ray ground model, log-distance path loss model) in predicting signal strength and coverage.",medium
"Suppose you are managing a coastal erosion mitigation project for a shoreline community vulnerable to sea level rise and storm surges. Discuss how you would apply coastal engineering techniques and shoreline protection measures such as beach nourishment, seawalls, and groins to stabilize the coastline and preserve coastal assets.",medium
Propose a method for implementing cognitive radio networks that dynamically adapt to changing environmental conditions and spectrum availability.,hard
Critique the performance of a deep learning model for natural language understanding and propose enhancements based on linguistic theories.,hard
Propose a method for retrofitting existing buildings with energy-efficient systems and renewable energy technologies to reduce carbon emissions and energy costs.,hard
List the advantages of using steel trusses over timber trusses in building construction?,easy
"Compare the advantages and limitations of using imperative programming languages (e.g., C, Java) versus declarative programming languages (e.g., SQL, Prolog) for solving computational problems.",medium
"A city is experiencing groundwater depletion and subsidence due to excessive groundwater pumping for irrigation and municipal water supply. Analyze the groundwater recharge techniques (e.g., infiltration basins, recharge wells, artificial recharge) and recommend strategies for replenishing aquifers and mitigating subsidence impacts on infrastructure and land stability.",medium
Your team is developing a recommendation system for an e-commerce platform. Compare the advantages and limitations of collaborative filtering versus content-based filtering approaches in providing personalized product recommendations to users.,medium
"As a civil engineer, you are tasked with designing a sustainable transportation system for a city aiming to reduce carbon emissions and promote active transportation. Explain how you would apply urban planning principles and multimodal transportation strategies to prioritize pedestrian walkways, bike lanes, and public transit routes while minimizing reliance on private vehicles.",medium
"Plan a sustainable transportation system for a city that integrates electric vehicles, bike-sharing programs, and pedestrian-friendly infrastructure.",hard
"You are tasked with developing a disaster response communication system for coordinating emergency response efforts during natural disasters. Create a communication system that integrates voice, data, and video communication channels, enabling real-time collaboration and information sharing among emergency responders, government agencies, and affected communities to facilitate timely and effective disaster response and recovery operations.",hard
"Compare the efficiency of different foundation systems (e.g., shallow foundation, deep foundation, pile foundation) in supporting structures on various soil types and ground conditions.",medium
Hypothesize an approach for using deep reinforcement learning to optimize resource allocation and scheduling in cloud computing environments.,hard
Criticize the reliability of structural health monitoring systems in detecting and assessing damage in bridges and infrastructure.,hard
"Compare the different types of joins in SQL (e.g., inner join, outer join, cross join), explaining their use cases and implications on query results.",easy
Analyze the impact of algorithmic bias on the fairness and inclusivity of machine learning models in hiring practices.,medium
"Invent a new method for improving the accuracy and reliability of indoor positioning systems using a combination of Wi-Fi, Bluetooth, and inertial sensors.",hard
"Discuss the principles of secure coding practices, explaining techniques for preventing common vulnerabilities such as SQL injection and cross-site scripting.",easy
List the characteristics of a circular linked list?,easy
"Discuss the principles of software version control systems (e.g., Git, SVN), explaining their role in collaborative development and code management.",easy
Criticize the fairness and transparency of algorithmic decision-making systems used in online lending and credit scoring.,hard
Suppose you are designing a satellite-based internet service for rural communities. Discuss how you would apply beamforming technology and satellite constellation planning to provide high-speed internet access with wide coverage.,medium
Design a next-generation satellite communication system that provides high-speed and low-latency internet access to remote areas and maritime vessels.,hard
"Distinguish between symmetric and asymmetric encryption algorithms, assessing their suitability for securing data transmission over public networks.",medium
Examine the difference between a cantilever and a simply supported beam in structural systems?,easy
Devise a system for predicting and mitigating traffic congestion in urban areas using machine learning models trained on historical traffic data and real-time sensor readings.,hard
"Explain the concept of software-defined networking (SDN), discussing its advantages in network management and automation.",easy
"Differentiate between TCP and UDP protocols in terms of their reliability, ordering guarantees, and overhead.",easy
Assess the scalability of federated learning approaches for training machine learning models across distributed devices.,hard
Devise a system for automatically generating personalized workout plans and dietary recommendations based on individual fitness goals and health conditions.,hard
Suppose you're configuring a load balancing solution for a high-traffic website. Describe the load balancing algorithms and health-check mechanisms you would use to distribute incoming requests across multiple servers.,easy
"Recognize the significance of the keyword ""thermal conductivity"" in heat transfer analysis?",easy
Criticize the performance of multi-material additive manufacturing processes in achieving part quality and dimensional accuracy.,hard
"Interpret the concept of abstraction in programming, discussing how it facilitates code reuse and maintenance.",easy
Criticize the reliability of digital image correlation (DIC) techniques in measuring strain and deformation in materials testing.,hard
Analyze the potential societal impacts of integrating autonomous vehicles into existing transportation systems and urban landscapes.,medium
Debate the ethical considerations of using AI algorithms for autonomous vehicles.,hard
Devise a system for automatically monitoring and optimizing energy consumption in smart buildings using IoT sensors and actuators.,hard
Compare the different types of heat transfer enhancement techniques in terms of their effectiveness and practicality.,easy
"Discuss the principles of gear design, explaining concepts such as gear ratio, tooth profile, and contact ratio.",easy
Quote the definition of Poisson's ratio in material mechanics?,easy
Debate the ethical considerations of using autonomous robots for demolition and deconstruction of buildings.,hard
Describe the significance of a percolation test in septic system design?,easy
Create a new framework for privacy-preserving data mining that enables collaborative analysis of sensitive datasets while protecting individual privacy.,hard
Evaluate the potential environmental impacts of using green building materials for sustainable construction.,medium
You are involved in the rehabilitation of an aging dam structure to enhance its safety and resilience against seismic events. Describe how you would apply structural analysis techniques and retrofitting strategies to strengthen the dam and prevent potential failure modes.,medium
Recall the characteristics of a reinforced concrete column in structural design?,easy
Design a sustainable urban drainage system that integrates green infrastructure such as rain gardens and permeable pavements to mitigate stormwater runoff and reduce flooding.,hard
"Recognize the purpose of the ""extern"" keyword in C programming?",easy
Identify the characteristics of a RAID 5 configuration?,easy
"You are developing a disaster recovery plan for a financial institution to ensure business continuity in the event of a cyberattack or natural disaster. Create a disaster recovery plan that includes risk assessments, backup and recovery procedures, communication protocols, and testing methodologies for validating the effectiveness of the plan in mitigating downtime and data loss.",hard
Propose a framework for implementing predictive maintenance in railway infrastructure to improve safety and reliability of train operations.,hard
"Evaluate the thermal conductivity of different insulation materials (e.g., fiberglass, foam, aerogel) in building envelopes, considering factors such as material density and porosity.",medium
Invent a framework for automating the deployment and management of containerized microservices in a cloud-native environment.,hard
"As a telecommunications engineer, you are deploying a microwave point-to-point link for high-speed data transmission between two locations. Explain how you would apply Fresnel zone clearance calculations and link budget analysis to ensure line-of-sight connectivity and signal reliability.",medium
"Compare the efficiency of different search algorithms (e.g., linear search, binary search, interpolation search) for finding elements in a sorted array.",medium
Propose innovative solutions for integrating renewable energy sources into the electrical grid to support sustainable development.,medium
Propose a framework for integrating terahertz communication technology into existing wireless networks for high-speed data transmission in indoor environments.,hard
"Suppose you're deploying a unified communication platform for a multinational corporation. Explain how you would integrate voice over IP (VoIP), video conferencing, instant messaging, and email services to enhance collaboration and productivity.",easy
Judge the reliability of numerical modeling techniques in predicting the long-term behavior of soil-structure interaction.,hard
"Compare the different types of transmission impairments (e.g., attenuation, distortion, noise) in communication channels, discussing their effects on signal quality.",easy
"You are tasked with designing a cybersecurity framework for securing Internet of Things (IoT) devices in a smart city infrastructure. Create a comprehensive cybersecurity framework that addresses the unique challenges of IoT security, including device authentication, data encryption, firmware updates, and anomaly detection for IoT networks and applications.",hard
"Critically evaluate the role of civil engineering in addressing global challenges such as urbanization, population growth, and resource scarcity.",medium
Compare and contrast different methods for earthquake-resistant building design and analyze their effectiveness.,medium
Analyze the ethical considerations surrounding the use of predictive analytics in credit scoring and loan approval processes.,medium
"Imagine a new deep learning architecture for processing multimodal data (e.g., text, images, and audio) in autonomous vehicles. Design its neural network topology and training methodology.",hard
Formulate an algorithm for optimizing resource allocation in cloud computing environments based on real-time workload and performance metrics.,hard
Plan a satellite communication system for providing broadband internet access to remote and underserved regions around the world.,hard
Suppose you're setting up a disaster recovery site for a financial institution. Explain the replication techniques and failover mechanisms you would deploy to ensure business continuity in case of system failures or natural disasters.,easy
"Devise a new method for improving the interpretability of deep learning models, allowing users to understand and trust model predictions more effectively.",hard
Reproduce the steps to perform a field density test on soil?,easy
Evaluate the potential risks and benefits of using autonomous construction vehicles for earthmoving and excavation tasks.,medium
Design a personalized health monitoring system that analyzes sensor data from wearable devices to provide real-time insights and recommendations.,hard
"You are leading a team of data scientists in developing an artificial intelligence (AI) system for predictive maintenance of industrial machinery. Create a predictive maintenance model using machine learning algorithms to analyze sensor data, detect equipment failures in advance, and schedule maintenance activities proactively to minimize downtime and maintenance costs.",hard
State the output of a given Wireshark capture analysis showing TCP handshake?,easy
"Compare the various types of filters (e.g., low-pass, high-pass, band-pass) in terms of their frequency response and implementation.",easy
"Explain the concept of environmental impact assessment, discussing its objectives and methodologies for evaluating the effects of infrastructure projects.",easy
"Discuss the principles of water resources management, explaining topics such as hydrology, water conservation, and water resource planning.",easy
"Explain the concept of digital signal processing (DSP), discussing its applications in audio processing, image processing, and communications.",easy
"Compare the environmental impact of different construction techniques (e.g., conventional construction, prefabrication, modular construction) in terms of waste generation and resource utilization.",medium
List the advantages of using a geosynthetic material in pavement design?,easy
"Explain the concept of recursion in data structures, providing examples of recursive algorithms for tree traversal and graph traversal.",easy
Solve a hypothetical scenario involving a ransomware attack on a critical infrastructure system and propose strategies for recovery and prevention.,medium
"A transportation agency is planning a road widening project to accommodate increasing traffic volumes and improve traffic flow. Analyze the traffic management strategies (e.g., lane reconfiguration, signal synchronization, roundabout implementation) and recommend solutions for minimizing disruptions to traffic during construction and maximizing safety for road users.",medium
Criticize the thermal efficiency of a combined cycle gas turbine power plant under varying load conditions.,hard
Judge the reliability of a penetration testing framework in identifying and exploiting security vulnerabilities in web applications.,hard
Formulate an algorithm for automatically generating secure and memorable passwords based on user preferences and security requirements.,hard
"Evaluate the reliability and security of different wireless networking standards (e.g., Wi-Fi, Bluetooth, Zigbee) for Internet of Things (IoT) applications.",medium
Examine the difference between stress and strain in material mechanics?,easy
Analyze the ethical dilemmas associated with the development and deployment of autonomous drones for surveillance and reconnaissance missions.,medium
"Contrast the principles of instance-based learning and model-based learning methods, discussing their respective approaches to generalization and prediction.",medium
"Interpret the concept of slope stability analysis, discussing factors such as soil properties, groundwater conditions, and external forces.",easy
Retell the steps to perform stress analysis using the finite element method (FEM)?,easy
"State the significance of the keyword ""volatile"" in Java programming?",easy
Recognize the syntax for setting up a MATLAB script for simulating a communication system?,easy
State the output of a given flow rate analysis in open channel hydraulics?,easy
Invent a method for harnessing ocean wave energy to generate electricity for coastal communities and offshore facilities.,hard
"Explain the concept of diversity reception in wireless communication, discussing techniques such as antenna diversity and space diversity.",easy
"Evaluate the performance impact of different caching strategies (e.g., write-through, write-behind, read-through, read-around) in distributed systems.",medium
Describe the process of channel equalization in communication systems?,easy
Critique the performance of green building materials in improving energy efficiency and indoor air quality.,hard
"Discuss the principles of software design patterns (e.g., singleton, factory, observer), explaining their use cases and benefits in software development.",easy
"Compare the energy efficiency of different refrigeration cycles (e.g., vapor compression cycle, absorption cycle, Stirling cycle) in cooling applications.",medium
"Contrast the benefits and limitations of using traditional surveying methods (e.g., total station, GPS, level) versus remote sensing techniques (e.g., LiDAR, aerial imagery) in land mapping and terrain modeling.",medium
"Compare the performance of different sorting algorithms (e.g., bubble sort, insertion sort, selection sort) under varying input conditions.",medium
Analyze the ethical implications of using artificial intelligence algorithms for automated decision-making in healthcare.,medium
"Distinguish between different types of soil stabilization methods (e.g., soil cement, lime stabilization, chemical stabilization), discussing their effectiveness in improving soil strength and bearing capacity.",medium
Invent a blockchain-based solution for transparent and tamper-proof certification of academic credentials and professional qualifications.,hard
Compare the advantages and disadvantages of using passive and active filters in electronic signal processing applications.,medium
"Describe the purpose of the ""volatile"" keyword in concurrent programming?",easy
"Explain the concept of noise in communication systems, discussing its sources and mitigation techniques.",easy
